pn_num,predictions
16,"['use only the clinical note provided', 'do not include negated symptoms', 'do not infer or assume symptoms', 'output must be either', 'palpitations', 'chest pressure', 'shortness of breath', 'diaphoresis', 'headache', 'fatigue']"
41,"['use only the clinical note provided', 'do not include negated symptoms', 'do not infer or assume symptoms', 'output must be either', 'sob', 'pressure on chest when having this attack', 'angina pectoris']"
46,"['use only the clinical note provided', 'do not include negated symptoms', 'do not infer or assume symptoms', 'output must be either', 'palpitations', 'nervousness and anxiousness', 'light headedness', 'sob']"
82,"['use only the clinical note provided', 'do not include negated symptoms', 'do not infer or assume symptoms', 'output must be either', 'heart racing and pounding out of chest', 'light headedness', 'shortness of breath', 'panic disorder', 'psychotherapy medication if needed']"
100,"['use only the clinical note provided', 'do not include negated symptoms', 'do not infer or assume symptoms', 'output must be either', 'endorses light headedness chest pressure the last time', 'intermittent tachycardia and pounding heart beat', 'denies throat pain headache dizziness loss of conciousness chest pain nausea vomiting changes in bowel and urinary habits', 'pounding heart rate', 'light headedness', 'chest pressure']"
161,"['use only the clinical note provided', 'do not include negated symptoms', 'do not infer or assume symptoms', 'output must be either', 'palpitaions', 'breathlessness', 'constricting pressure over chest', 'panic disorder', 'psychotherapy medication']"
188,"['use only the clinical note provided', 'do not include negated symptoms', 'do not infer or assume symptoms', 'output must be either', 'chest pressure', 'palpitations', 'hypertension', 'monitor blood pressure regularly', 'provide lifestyle advice']"
211,"['use only the clinical note provided', 'do not include negated symptoms', 'do not infer or assume symptoms', 'output must be either', 'palpitations', 'lightheadedness', 'shortness of breath', 'chest pressure']"
224,"['use only the clinical note provided', 'do not include negated symptoms', 'do not infer or assume symptoms', 'output must be either', 'feeling of heart pounding', 'chest pressure', 'feeling like he will pass out']"
225,"['use only the clinical note provided', 'do not include negated symptoms', 'do not infer or assume symptoms', 'output must be either', 'heart pounding', 'shortness of breath']"
234,"['use only the clinical note provided', 'do not include negated symptoms', 'do not infer or assume symptoms', 'output must be either', 'heart pounding', 'headaches', 'blurred vision']"
331,"['use only the clinical note provided', 'do not include negated symptoms', 'do not infer or assume symptoms', 'output must be either', 'palpitations', 'sob', 'chest pressure']"
344,"['use only the clinical note provided', 'do not include negated symptoms', 'do not infer or assume symptoms', 'output must be either', 'pounding heart beat', 'palpitations', 'non radiating midsternal pressure', 'shortness of breath']"
352,"['use only the clinical note provided', 'do not include negated symptoms', 'do not infer or assume symptoms', 'output must be either', 'palpitations', 'chest tightness']"
372,"['use only the clinical note provided', 'do not include negated symptoms', 'do not infer or assume symptoms', 'output must be either', 'heart pounding', 'sensation of heart jumping out of chest', 'sob', 'chest pressure', 'lightheadedness']"
390,"['use only the clinical note provided', 'do not include negated symptoms', 'do not infer or assume symptoms', 'output must be either', 'onset during a soccer game felt as if he was going to lose consciousness', 'episodes occur 1-2 times every month describes the sensation of pressure in his chest', 'college freshman occasionally uses friends prescription aderall to help him study', 'denies any weight or appetite changes denies anxiety and nausea vomiting diarrhea or constipation', 'denies fevers or chills', 'chest pain', 'pressure sensation in chest', 'nausea', 'chest pain -']"
426,"['use only the clinical note provided', 'do not include negated symptoms', 'do not infer or assume symptoms', 'output must be either', 'palpitations', 'chest pressure like sensation', 'shortness of breath', 'pressure like sensation in chest', 'panic disorder']"
464,"['use only the clinical note provided', 'do not include negated symptoms', 'do not infer or assume symptoms', 'output must be either', 'palpitations', 'pressure', 'sob', 'lightheadedness', 'hyperthyroidism', 'thyroid hormone replacement']"
489,"['use only the clinical note provided', 'do not include negated symptoms', 'do not infer or assume symptoms', 'output must be either', 'lightheadedness', 'sob', 'chest pressure']"
495,"['use only the clinical note provided', 'do not include negated symptoms', 'do not infer or assume symptoms', 'output must be either', 'intermittent feeling of heart racing palpitations', 'chest pressure', 'sob']"
510,"['use only the clinical note provided', 'do not include negated symptoms', 'do not infer or assume symptoms', 'output must be either']"
575,"['use only the clinical note provided', 'do not include negated symptoms', 'do not infer or assume symptoms', 'output must be either', 'heart pounding', 'chest pressure', 'light-headedness', 'thought of passing out']"
583,"['use only the clinical note provided', 'do not include negated symptoms', 'do not infer or assume symptoms', 'output must be either', 'heart feeling like it is going to beat out of my chest', 'pressure in center of chest 2 days ago', 'sob during episode', 'panic disorder']"
585,"['use only the clinical note provided', 'do not include negated symptoms', 'do not infer or assume symptoms', 'output must be either', 'heart pounding', 'chest pressure', 'shortness of breath', 'feeling like passing out']"
625,"['use only the clinical note provided', 'do not include negated symptoms', 'do not infer or assume symptoms', 'output must be either', 'heart pounding', 'sob', 'hypertrophic cardiomyopathy']"
653,"['use only the clinical note provided', 'do not include negated symptoms', 'do not infer or assume symptoms', 'output must be either', 'palpitations', 'pressure sensation in chest', 'shortness of breath']"
669,"['use only the clinical note provided', 'do not include negated symptoms', 'do not infer or assume symptoms', 'output must be either', 'increased heart rate', 'hypertension', 'monitor blood pressure regularly', 'provide lifestyle advice to help patient manage blood pressure']"
673,"['use only the clinical note provided', 'do not include negated symptoms', 'do not infer or assume symptoms', 'output must be either', 'palpitations', 'chest pain', 'nausea', 'vomiting', 'fatigue', 'night sweats']"
699,"['use only the clinical note provided', 'do not include negated symptoms', 'do not infer or assume symptoms', 'output must be either', 'heart pounding and beating fast', 'chest tightness', 'shortness of breath']"
701,"['use only the clinical note provided', 'do not include negated symptoms', 'do not infer or assume symptoms', 'output must be either', 'palpitations', 'chest pressure', 'sensation that he was going to pass out']"
719,"['use only the clinical note provided', 'do not include negated symptoms', 'do not infer or assume symptoms', 'output must be either', 'chest pressure', 'heart pounding', 'sob', 'lightheadedness']"
768,"['use only the clinical note provided', 'do not include negated symptoms', 'do not infer or assume symptoms', 'output must be either', 'intermittent not progressive nothing makes it better or worse', 'associated with sob x 2 days', 'denes chest pain loc fatigue anxious sweating neck swelling heat intolerance rash leg swelling sleep disturbance excessive caffeine intake headache and changes in bowel movement', 'chest pain', 'fatigue', 'anxiety', 'sweating', 'neck swelling', 'heat intolerance', 'rash']"
769,"['use only the clinical note provided', 'do not include negated symptoms', 'do not infer or assume symptoms', 'output must be either', 'heart palpitations', 'chest pressure', 'sob', 'lightheadedness']"
777,"['use only the clinical note provided', 'do not include negated symptoms', 'do not infer or assume symptoms', 'output must be either', 'palpitations', 'sob', 'lightheadedness', 'chest pressure']"
796,"['use only the clinical note provided', 'do not include negated symptoms', 'do not infer or assume symptoms', 'output must be either', 'heart pounding', 'chest pressure', 'sob', 'lightheadedness']"
804,"['use only the clinical note provided', 'do not include negated symptoms', 'do not infer or assume symptoms', 'output must be either', 'palpitations', 'tachycardia', 'light headedness']"
810,"['use only the clinical note provided', 'do not include negated symptoms', 'do not infer or assume symptoms', 'output must be either', 'sob', 'lightheadedness', 'headache', 'sleep changes', 'sweating', 'sense of doom or vision changes']"
816,"['use only the clinical note provided', 'do not include negated symptoms', 'do not infer or assume symptoms', 'output must be either', 'heart pounding', 'chest pressure', 'sob', 'light-headedness']"
817,"['use only the clinical note provided', 'do not include negated symptoms', 'do not infer or assume symptoms', 'output must be either', 'palpitations']"
821,"['use only the clinical note provided', 'do not include negated symptoms', 'do not infer or assume symptoms', 'output must be either', 'heart pounding', 'chest pressure', 'lightheadedness', 'nausea', 'vomiting']"
831,"['use only the clinical note provided', 'do not include negated symptoms', 'do not infer or assume symptoms', 'output must be either', 'chest tightness', 'chest pain', 'stress', 'fatigue', 'sleep changes', 'cough', 'skin changes', 'weight changes', 'appetite changes', 'tremors', 'sob on exertion', 'urinary or bowel habits changes']"
861,"['use only the clinical note provided', 'do not include negated symptoms', 'do not infer or assume symptoms', 'output must be either', 'describes pain as substernal pressure and denies radiation of presure', 'most severr episode occurred 2 days ago reported chest pounding and sob', 'ros denies loc observed seuizure like activity change with position relation to food denies bowle or bladder incontinence', 'pmh none', 'meds uses roomates adderall a few times a week', 'all nkda', 'psh none', 'shx college student studying philosophy lives on campus drinks 3-4 beers on weekends tried marijuana 1x denies use of other ilicit drugs denies personal stressors sexually active with one female partner', 'fh dad- alive mi 55 yo mom- alive hyperthyroid', 'chest pounding', 'sob', 'substernal pressure', 'panic disorder', 'psychotherapy medication and lifestyle changes']"
883,"['use only the clinical note provided', 'do not include negated symptoms', 'do not infer or assume symptoms', 'output must be either', 'heart pounding', 'light-headedness', 'shortness of breath', 'central chest pressure']"
970,"['use only the clinical note provided', 'do not include negated symptoms', 'do not infer or assume symptoms', 'output must be either', 'heart palpitations', 'racing heart']"
977,"['use only the clinical note provided', 'do not include negated symptoms', 'do not infer or assume symptoms', 'output must be either', 'heart pounding', 'lightheadedness', 'chest heaviness']"
987,"['use only the clinical note provided', 'do not include negated symptoms', 'do not infer or assume symptoms', 'output must be either', 'lightheadedness', 'sob', 'chest pressure', 'palpitations']"
1010,"['use only the clinical note provided', 'do not include negated symptoms', 'do not infer or assume symptoms', 'output must be either', 'pounding heart', 'sob', 'lightheadedness']"
1110,"['use only the clinical note provided', 'do not include negated symptoms', 'do not infer or assume symptoms', 'output must be either', 'palpitations', 'exercise-induced palpitations', 'adderal-induced palpitations']"
1115,"['use only the clinical note provided', 'do not include negated symptoms', 'do not infer or assume symptoms', 'output must be either', 'palpitations', 'shortness of breath']"
1133,"['use only the clinical note provided', 'do not include negated symptoms', 'do not infer or assume symptoms', 'output must be either', 'epidosidic heart racing', 'sob', 'lightheadedness', 'chest pressure', 'diaphoresis', 'headaches', 'vision changes', 'weight changes', 'fatigue', 'hair changes', 'heat intolerance', 'chest and abdominal pain']"
1146,"['use only the clinical note provided', 'do not include negated symptoms', 'do not infer or assume symptoms', 'output must be either', 'palpitation', 'chest pressure', 'feeling like almost passed out']"
1149,"['use only the clinical note provided', 'do not include negated symptoms', 'do not infer or assume symptoms', 'output must be either', 'palpitations', 'lightheadedness', 'sob']"
1151,"['use only the clinical note provided', 'do not include negated symptoms', 'do not infer or assume symptoms', 'output must be either', 'heart pounding', 'sob', 'sob episodes']"
1165,"['use only the clinical note provided', 'do not include negated symptoms', 'do not infer or assume symptoms', 'output must be either', 'episodes have been going on for the past 2-3 months', 'episodes last for 3-4 minutes', 'random with no precipating event', 'pt denies sweating vision changes sleep changes', 'heart racing']"
1173,"['use only the clinical note provided', 'do not include negated symptoms', 'do not infer or assume symptoms', 'output must be either', 'palpitations', 'chest pressure', 'shortness of breath']"
1186,"['use only the clinical note provided', 'do not include negated symptoms', 'do not infer or assume symptoms', 'output must be either', 'shortness of breath', 'heart pounding']"
1200,"['use only the clinical note provided', 'do not include negated symptoms', 'do not infer or assume symptoms', 'output must be either', 'heart pounding', 'chest pressure or tightness', 'shortness of breath']"
1209,"['use only the clinical note provided', 'do not include negated symptoms', 'do not infer or assume symptoms', 'output must be either', 'heart beating out of chest', 'sob', 'lightheadedness', 'angina pectoris', 'angioplasty and stent placement']"
1235,"['use only the clinical note provided', 'do not include negated symptoms', 'do not infer or assume symptoms', 'output must be either', 'chest pain', 'chest jumping out', 'feeling of chest going to jump out', 'anxiety', 'not provided in the context']"
1250,"['use only the clinical note provided', 'do not include negated symptoms', 'do not infer or assume symptoms', 'output must be either', 'worried heart racing', 'racing heart']"
1264,"['use only the clinical note provided', 'do not include negated symptoms', 'do not infer or assume symptoms', 'output must be either', 'chest pressure', 'light headedness', 'shortness of breath']"
1270,"['use only the clinical note provided', 'do not include negated symptoms', 'do not infer or assume symptoms', 'output must be either', 'heart pounding', 'episodic heart pounding', 'chest pressure', 'sob']"
1281,"['use only the clinical note provided', 'do not include negated symptoms', 'do not infer or assume symptoms', 'output must be either', 'heart pounding', 'chest jumping out of the chest', 'intermittent chest pain', 'sob', 'fatigue']"
1318,"['use only the clinical note provided', 'do not include negated symptoms', 'do not infer or assume symptoms', 'output must be either', 'palpiations', 'chest pressure', 'sob', 'irregular heart rate', 'hypertension', 'monitor blood pressure regularly', 'provide education on hypertension management']"
1376,"['use only the clinical note provided', 'do not include negated symptoms', 'do not infer or assume symptoms', 'output must be either', 'chest pounding', 'chest throbbing', 'lightheadedness', 'shortness of breath']"
1512,"['use only the clinical note provided', 'do not include negated symptoms', 'do not infer or assume symptoms', 'output must be either', 'palpitations', 'substernal chest pressure associated with sob 2 days ago']"
1547,"['use only the clinical note provided', 'do not include negated symptoms', 'do not infer or assume symptoms', 'output must be either', 'palpitations', 'sob', 'lightheadedness', 'pressure in the center of his chest']"
1581,"['use only the clinical note provided', 'do not include negated symptoms', 'do not infer or assume symptoms', 'output must be either', 'heart pounding', 'lightheadedness', 'chest pain', 'sob']"
1587,"['use only the clinical note provided', 'do not include negated symptoms', 'do not infer or assume symptoms', 'output must be either', 'rapid heart beating in chest', 'chest pain', 'lightheadedness', 'non-radiating chest pain', 'pressure in the center of his chest']"
1613,"['use only the clinical note provided', 'do not include negated symptoms', 'do not infer or assume symptoms', 'output must be either', 'heart pounding', 'dull chest pressure', 'shortness of breath', 'presyncope']"
1622,"['use only the clinical note provided', 'do not include negated symptoms', 'do not infer or assume symptoms', 'output must be either', 'started occuring 3 months ago with 3-4 minute episodes of heart racing and pounding', 'nothing seems to specifically bring on the episodes relieving factors include resting in a sitting position for a few minutes', 'he denies sweating nervousness anxiousness heat intolerance', 'of note he was playing in a basketball game recently and acutely felt lightheaded like he was going to pass out he required rest to resolve this issues', 'heart pounding', 'lightheadedness']"
1652,"['use only the clinical note provided', 'do not include negated symptoms', 'do not infer or assume symptoms', 'output must be either', 'one episode recently included shortness of breath while playing basketball patient had difficulty catching his breath which resolved on its ownhe denies any syncope but complains of some dizziness during a recent episode during has not taken anything for his symptoms nothing makes them better or worse symptoms usually resolve on their own', 'denies any weight loss fatigue changes in bowel habits', 'no medical problems no surgery', 'takes adderall from friend 2-3x per week', 'thyroid disease in mother', 'cad in father', 'palpitations']"
1692,"['use only the clinical note provided', 'do not include negated symptoms', 'do not infer or assume symptoms', 'output must be either', 'chest palpitations', 'sob', 'lightheadedness']"
1694,"['use only the clinical note provided', 'do not include negated symptoms', 'do not infer or assume symptoms', 'output must be either', 'sob', 'lightheadedness', 'headache', 'palpitations']"
1699,"['use only the clinical note provided', 'do not include negated symptoms', 'do not infer or assume symptoms', 'output must be either', 'heart pounding and racing', 'chest pressure and dyspnea']"
1723,"['use only the clinical note provided', 'do not include negated symptoms', 'do not infer or assume symptoms', 'output must be either', 'palpitations']"
1742,"['use only the clinical note provided', 'do not include negated symptoms', 'do not infer or assume symptoms', 'output must be either', 'chest pressure', 'racing heart', 'sob', 'feeling faint or passing out']"
1809,"['use only the clinical note provided', 'do not include negated symptoms', 'do not infer or assume symptoms', 'output must be either', 'heart pounding and racing', 'substernal chest pain', 'lightheadedness']"
1835,"['use only the clinical note provided', 'do not include negated symptoms', 'do not infer or assume symptoms', 'output must be either', 'palpitations']"
1847,"['use only the clinical note provided', 'do not include negated symptoms', 'do not infer or assume symptoms', 'output must be either', 'palpitations', 'dyspnea']"
1855,"['use only the clinical note provided', 'do not include negated symptoms', 'do not infer or assume symptoms', 'output must be either', 'palpatations', 'dyspnea', 'presyncopal', 'shortness of breath', 'chest pressure', 'pres']"
1881,"['use only the clinical note provided', 'do not include negated symptoms', 'do not infer or assume symptoms', 'output must be either', 'palpitations', 'chest pressure', 'dyspnea', 'lightheadedness']"
1939,"['use only the clinical note provided', 'do not include negated symptoms', 'do not infer or assume symptoms', 'output must be either', 'heart pounding', 'chest tightness', 'mild sob during baskerball game', 'dizziness']"
1948,"['use only the clinical note provided', 'do not include negated symptoms', 'do not infer or assume symptoms', 'output must be either', 'chest pressure', 'heart pounding', 'difficulty breathing']"
2078,"['use only the clinical note provided', 'do not include negated symptoms', 'do not infer or assume symptoms', 'output must be either', 'pounding', 'racing', 'midsternal pressure type pain']"
2151,"['use only the clinical note provided', 'do not include negated symptoms', 'do not infer or assume symptoms', 'output must be either', 'chest pounding', 'chest pressure', 'sob']"
2163,"['use only the clinical note provided', 'do not include negated symptoms', 'do not infer or assume symptoms', 'output must be either', 'chest pressure', 'dizziness', 'shortness of breath', 'feeling tired']"
2184,"['use only the clinical note provided', 'do not include negated symptoms', 'do not infer or assume symptoms', 'output must be either', 'irregular heartbeat pounding in chest', 'chest pain']"
2198,"['use only the clinical note provided', 'do not include negated symptoms', 'do not infer or assume symptoms', 'output must be either', 'episodic palpitations', 'chest pressure', 'sob', 'skin hair changes']"
2201,"['use only the clinical note provided', 'do not include negated symptoms', 'do not infer or assume symptoms', 'output must be either', 'palpitations', 'lightheadedness', 'shortness of breath', 'chest pressure']"
2223,"['use only the clinical note provided', 'do not include negated symptoms', 'do not infer or assume symptoms', 'output must be either', 'palpitations', 'chest pressure', 'light headedness']"
2271,"['use only the clinical note provided', 'do not include negated symptoms', 'do not infer or assume symptoms', 'output must be either', 'episodes occur randomly no associated with activity associated with shortness of breath and pre-syncope', 'no sweating feeling of impending doom anxiety with episodes no diarrhea', 'takes adderall a few times that is prescribed to friend however has been taking this for a year now', 'no history of thyroid problems', 'palpitations', 'shortness of breath', 'pre-syncope']"
2285,"['use only the clinical note provided', 'do not include negated symptoms', 'do not infer or assume symptoms', 'output must be either', 'pounding and racing heart', 'shortness of breath', 'feeling short of breath while playing basketball']"
2290,"['use only the clinical note provided', 'do not include negated symptoms', 'do not infer or assume symptoms', 'output must be either', 'chest pain', 'shortness of breath', 'lightheadedness']"
2308,"['use only the clinical note provided', 'do not include negated symptoms', 'do not infer or assume symptoms', 'output must be either', 'pounding and going to jump out of chest', 'chest pressure', 'feeling that he couldnt catch his breath']"
2315,"['use only the clinical note provided', 'do not include negated symptoms', 'do not infer or assume symptoms', 'output must be either', 'palpitations', 'chest pain', 'shortness of breath', 'dizziness', 'anxiety']"
2425,"['use only the clinical note provided', 'do not include negated symptoms', 'do not infer or assume symptoms', 'output must be either', 'started 3 months ago has experienced 5-7 episodes wich last 3-4 minutes sudden onsent no precipitations factor no alleviating or aggravating factor', 'do not has any visual disturbances sweating has has episodes during rest and exertion has been progressively worsened', 'last episode associated sob no chet pain', 'no changes in bowel movement no heat intolerance no skipped meals no fever no mood changes no weigth loss', 'good relationship with friends good school grades', 'ros negative except above', 'palpitations', 'sob', 'palpitations -']"
2428,"['use only the clinical note provided', 'do not include negated symptoms', 'do not infer or assume symptoms', 'output must be either', 'palpitations']"
2430,"['use only the clinical note provided', 'do not include negated symptoms', 'do not infer or assume symptoms', 'output must be either', 'heart pounding', 'pressure', 'shortness of breath', 'lightheadedness']"
2436,"['use only the clinical note provided', 'do not include negated symptoms', 'do not infer or assume symptoms', 'output must be either', 'chest palpitations', 'shortness of breath', 'chest fluttering']"
10004,"['use only the clinical note provided', 'do not include negated symptoms', 'do not infer or assume symptoms', 'output must be either', 'abdominal pain', 'cramping pain in the right lower quadrant', 'appendicitis']"
10010,"['use only the clinical note provided', 'do not include negated symptoms', 'do not infer or assume symptoms', 'output must be either', 'abdominal pain', 'diarrhea', 'dysuria']"
10013,"['use only the clinical note provided', 'do not include negated symptoms', 'do not infer or assume symptoms', 'output must be either', 'rlq pain', 'nausea', 'loss of appetite', 'diarrhea', 'loose clothes', 'chronic pelvic pain', 'continue ibuprofen as needed', 'avoid activities that worsen pain', 'maintain a healthy weight', 'follow up in 2 weeks']"
10019,"['use only the clinical note provided', 'do not include negated symptoms', 'do not infer or assume symptoms', 'output must be either', 'abdominal pain', 'diarrhea', 'decreased appetite']"
10028,"['use only the clinical note provided', 'do not include negated symptoms', 'do not infer or assume symptoms', 'output must be either', 'abdominal pain', 'diarrhea']"
10030,"['use only the clinical note provided', 'do not include negated symptoms', 'do not infer or assume symptoms', 'output must be either', 'pain in lower right quadrant of abdomen', 'diarrhea', 'gastroesophageal reflux disease gerd', 'anti-reflux medications e g omeprazole esomeprazole', 'dietary modifications', 'lifestyle changes']"
10044,"['use only the clinical note provided', 'do not include negated symptoms', 'do not infer or assume symptoms', 'output must be either', 'lower abdominal pain', 'diarrhea', 'cramping', 'urinary tract infection', 'antibiotics']"
10047,"['use only the clinical note provided', 'do not include negated symptoms', 'do not infer or assume symptoms', 'output must be either', 'pain in the lower right quadrant of the abdomen', 'diarrhea']"
10067,"['use only the clinical note provided', 'do not include negated symptoms', 'do not infer or assume symptoms', 'output must be either', 'abdominal pain', 'non-bloody diarrhea', 'loss of appetite']"
10075,"['use only the clinical note provided', 'do not include negated symptoms', 'do not infer or assume symptoms', 'output must be either', 'pain located in right lower quadrant', 'progressively worsening pain rated 5 10 and described as dull achy', 'she has had diarrhea the last few days with no blood in the stool', 'she has had a few episodes like this in the past 6 months that have resolved spontaneously', 'she tried ibuprofen without much relief', 'lmp 2 weeks ago', 'has not been sexually active for 9 months', 'no previous surgeries', 'no nausea urinary frequency urinary urgency discharge', 'pain in the lower right quadrant', 'diarrhea']"
10101,"['use only the clinical note provided', 'do not include negated symptoms', 'do not infer or assume symptoms', 'output must be either', 'abd pain', 'diarrhea', 'nausea or vomiting']"
10123,"['use only the clinical note provided', 'do not include negated symptoms', 'do not infer or assume symptoms', 'output must be either', 'abdominal pain', 'dull achey pain in right lower quadrant', 'pain that is worse with walking']"
10124,"['use only the clinical note provided', 'do not include negated symptoms', 'do not infer or assume symptoms', 'output must be either', 'right lower abdominal pain', 'diarrhea', 'pain that is dull and achy']"
10131,"['use only the clinical note provided', 'do not include negated symptoms', 'do not infer or assume symptoms', 'output must be either', 'rlq pain', 'dull achy pain 5 10 in severity', 'diarrhea']"
10132,"['use only the clinical note provided', 'do not include negated symptoms', 'do not infer or assume symptoms', 'output must be either', 'dull aching pain in the lower abdomen', 'watery diarrhea']"
10137,"['use only the clinical note provided', 'do not include negated symptoms', 'do not infer or assume symptoms', 'output must be either', 'dull aching like a bad cramp', 'diarrhea without blood for the last couple of days']"
10174,"['use only the clinical note provided', 'do not include negated symptoms', 'do not infer or assume symptoms', 'output must be either', 'abdominal pain 5 10 achey crampy no radiation', 'pain began 8-10 hrs ago', 'pain is better but not releived with ibuprofen', 'pain is worse with walking', 'abdominal']"
10180,"['use only the clinical note provided', 'do not include negated symptoms', 'do not infer or assume symptoms', 'output must be either', 'abdominal pain', 'diarrhea', 'watery stool']"
10181,"['use only the clinical note provided', 'do not include negated symptoms', 'do not infer or assume symptoms', 'output must be either', 'dull achy pain in rlq', 'diarrhea', 'weight loss', 'abdominal pain due to infection', 'intravenous fluids', 'pain medication', 'antibiotics', 'diet and exercise']"
10182,"['use only the clinical note provided', 'do not include negated symptoms', 'do not infer or assume symptoms', 'output must be either', 'pain in the rlq quadrant', 'diarrhea']"
10183,"['use only the clinical note provided', 'do not include negated symptoms', 'do not infer or assume symptoms', 'output must be either', 'abdominal pain', 'diarrhea']"
10192,"['use only the clinical note provided', 'do not include negated symptoms', 'do not infer or assume symptoms', 'output must be either', 'abdominal pain', 'diarrhea', 'loose watery bowel movements']"
10196,"['use only the clinical note provided', 'do not include negated symptoms', 'do not infer or assume symptoms', 'output must be either', 'rlq pain', 'aggravated by walking']"
10201,"['use only the clinical note provided', 'do not include negated symptoms', 'do not infer or assume symptoms', 'output must be either', 'abdominal pain', 'diarrhea', 'loss of appetite', 'abdominal pain -', 'diarrhea -']"
10206,"['use only the clinical note provided', 'do not include negated symptoms', 'do not infer or assume symptoms', 'output must be either', 'location rlq no radiation', 'onset 6 months ago episodic 3-4x last 6 months current episode worst ever rates 5 10 getting worse constant walking aggrivates ibuprofen minimally relieved', 'associated sx diarrhea 4-5x per day for last 2-3 days decreased appetite', 'abdominal pain', 'diarrhea', 'pain']"
10216,"['use only the clinical note provided', 'do not include negated symptoms', 'do not infer or assume symptoms', 'output must be either', 'pain', 'dull ache', 'aching pain', 'pain on walking', 'pain on standing', 'pain medication']"
10223,"['use only the clinical note provided', 'do not include negated symptoms', 'do not infer or assume symptoms', 'output must be either', 'rlq pain', 'diarrhea']"
10227,"['use only the clinical note provided', 'do not include negated symptoms', 'do not infer or assume symptoms', 'output must be either', 'crampy dull rlq pain', 'dec appetite', 'diarrhea']"
10228,"['use only the clinical note provided', 'do not include negated symptoms', 'do not infer or assume symptoms', 'output must be either', 'rlq pain', 'diarrhea']"
10233,"['use only the clinical note provided', 'do not include negated symptoms', 'do not infer or assume symptoms', 'output must be either', 'abdominal pain', 'dull-achy cramp']"
10267,"['use only the clinical note provided', 'do not include negated symptoms', 'do not infer or assume symptoms', 'output must be either', 'positive symptoms include anorexia fever episodic diarrhea and clothes fitting more loosely', 'denies constipation and fatigue', 'rlq pain', 'anorexia', 'fever', 'episodic diarrhea', 'clothes fitting more loosely', 'rlq pain likely secondary to endometriosis', 'refer to specialist for further management']"
10268,"['use only the clinical note provided', 'do not include negated symptoms', 'do not infer or assume symptoms', 'output must be either', 'abdominal pain', 'diarrhea', 'decreased appetite']"
10269,"['use only the clinical note provided', 'do not include negated symptoms', 'do not infer or assume symptoms', 'output must be either', 'abdominal pain', 'decreased appetite', 'loose watery stools']"
10316,"['use only the clinical note provided', 'do not include negated symptoms', 'do not infer or assume symptoms', 'output must be either', 'dull achy abdominal pain', 'diarrhea', 'brown loose watery stool']"
10321,"['use only the clinical note provided', 'do not include negated symptoms', 'do not infer or assume symptoms', 'output must be either', 'abdominal pain', 'diarrhea', 'weight loss', 'decrease in appetite']"
10329,"['use only the clinical note provided', 'do not include negated symptoms', 'do not infer or assume symptoms', 'output must be either', 'lower abdominal pain', 'dull ache', 'pain that feels like a bad cramp']"
10341,"['use only the clinical note provided', 'do not include negated symptoms', 'do not infer or assume symptoms', 'output must be either', 'rlq abdominal pain', 'decreased appetite', 'non-bloody diarrhea']"
10345,"['use only the clinical note provided', 'do not include negated symptoms', 'do not infer or assume symptoms', 'output must be either', 'pain in the lower right quadrant', 'diarrhea', 'decreased appetite']"
10354,"['use only the clinical note provided', 'do not include negated symptoms', 'do not infer or assume symptoms', 'output must be either', 'right lower quadrant pain', 'diarrhea', 'weight loss']"
10358,"['use only the clinical note provided', 'do not include negated symptoms', 'do not infer or assume symptoms', 'output must be either', 'right lower quadrant pain', 'dull achy pain rated as a 5 10', 'diarrhea 4-5x day', 'fever chills sweats fatigue n v urinary symptoms']"
10360,"['use only the clinical note provided', 'do not include negated symptoms', 'do not infer or assume symptoms', 'output must be either', 'dull-achy rlq abdominal pain', 'diarrhea', 'anorexia']"
10368,"['use only the clinical note provided', 'do not include negated symptoms', 'do not infer or assume symptoms', 'output must be either', 'dull achy pain of 5 10 intensity that does not radiate', 'loose watery diarrhea for 2 days']"
10369,"['use only the clinical note provided', 'do not include negated symptoms', 'do not infer or assume symptoms', 'output must be either', 'started suddnely 8-10 h ago on the rlq steady no radiation getting worse crampy allev by ibuprofen agrrav by walking report nausea no vomitting', 'denies any fever association to food vaginal discharge vaginal bleeding have not done pap smear before lmp 2 weeks ago regular', 'pain']"
10384,"['use only the clinical note provided', 'do not include negated symptoms', 'do not infer or assume symptoms', 'output must be either', 'start 8-10 hours ago constant and getting worse the pain located at lower right quadrant', 'the pain is 5 10 in severity dull in quaility no radiation', 'the pain is exacerbated by movement walking and relived by ibuprofen', 'the patient reports that she has similar episodes 3-4 episodes over the last few months the pain during these episodes is less severe', 'has a brown diarrhea over the past month', 'has weight loss but no change in appetites', 'abdominal pain', 'diarrhea']"
10414,"['use only the clinical note provided', 'do not include negated symptoms', 'do not infer or assume symptoms', 'output must be either', 'abdominal pain', 'rlq abdominal pain', 'not mentioned in the context']"
10420,"['use only the clinical note provided', 'do not include negated symptoms', 'do not infer or assume symptoms', 'output must be either', 'pain', 'diarrhea']"
10426,"['use only the clinical note provided', 'do not include negated symptoms', 'do not infer or assume symptoms', 'output must be either', 'abdominal pain', 'diarrhea']"
10454,"['use only the clinical note provided', 'do not include negated symptoms', 'do not infer or assume symptoms', 'output must be either', 'abdominal pain', 'watery diarrhea', 'appendiceal abscess']"
10459,"['use only the clinical note provided', 'do not include negated symptoms', 'do not infer or assume symptoms', 'output must be either', 'lower abdominal pain', 'dull achy crampy pain that does not radiate', 'loss of appetite', 'diarrhea']"
10460,"['use only the clinical note provided', 'do not include negated symptoms', 'do not infer or assume symptoms', 'output must be either', 'right lower quadrant abdominal pain', 'fever', 'diarrhea', 'appendicitis', 'surgical intervention']"
10476,"['use only the clinical note provided', 'do not include negated symptoms', 'do not infer or assume symptoms', 'output must be either', 'rlq pain', 'watery diarrhea', 'back pain', 'rlq pain - watery diarrhea - back pain']"
10487,"['use only the clinical note provided', 'do not include negated symptoms', 'do not infer or assume symptoms', 'output must be either', 'sudden worsening constant rlq no radiation 5 10 dull and aching aggrav by walking allev by ibuprofen different nature with previous abdominal pain', 'recurrent rlq pain 3-4times 6months', 'reports diarrhea weight loss unmeasured poor appetite', 'denies nausea vomiting fever change in urinary habit', 'rlq pain', 'diarrhea', 'weight loss', 'appendicitis', 'the patient reports pain that is worse with walking and that improves with ibuprofen this suggests that the pain is likely caused by appendicitis', 'the patient also reports diarrhea weight loss and fever']"
10502,"['use only the clinical note provided', 'do not include negated symptoms', 'do not infer or assume symptoms', 'output must be either', 'rlq dull achy pain that started 8-10hrs ago and woke her up from the sleep', 'watery diarrhea']"
10530,"['use only the clinical note provided', 'do not include negated symptoms', 'do not infer or assume symptoms', 'output must be either', 'right lower quadrant pain', 'dull cramping pain', 'diarrhea']"
10534,"['use only the clinical note provided', 'do not include negated symptoms', 'do not infer or assume symptoms', 'output must be either', 'started 8-10 hours ago worse with walking better with ibuprofen', 'has had 3-4 similar episodes in the past but not this bad feels dull and achy like a cramp came on suddely no radiation 5 10 in severity', 'associated with diarrhea fever chills weight loss decreased appetite', 'no vomiting nausea no back pain', 'dull and achy like a cramp', 'diarrhea', 'fever', 'chills', 'weight loss', 'decreased appetite']"
10536,"['use only the clinical note provided', 'do not include negated symptoms', 'do not infer or assume symptoms', 'output must be either', 'pain in lower abdomen', 'diarrhea', 'ibuprofen for pain']"
10537,"['use only the clinical note provided', 'do not include negated symptoms', 'do not infer or assume symptoms', 'output must be either', 'rlq pain', 'diarrhea']"
10538,"['use only the clinical note provided', 'do not include negated symptoms', 'do not infer or assume symptoms', 'output must be either', 'abdominal pain', 'diarrhea', 'watery brown diarrhea', 'apetite decreased']"
10542,"['use only the clinical note provided', 'do not include negated symptoms', 'do not infer or assume symptoms', 'output must be either', 'rlq pain', 'diarrhea']"
10555,"['use only the clinical note provided', 'do not include negated symptoms', 'do not infer or assume symptoms', 'output must be either', 'lower quadrant pain', 'diarrhea', 'painful periods']"
10589,"['use only the clinical note provided', 'do not include negated symptoms', 'do not infer or assume symptoms', 'output must be either', 'abdominal pain', 'watery non-bloody diarrhea loose stools']"
10592,"['use only the clinical note provided', 'do not include negated symptoms', 'do not infer or assume symptoms', 'output must be either', 'abdominal pain', 'diarrhea', 'weight loss']"
10593,"['use only the clinical note provided', 'do not include negated symptoms', 'do not infer or assume symptoms', 'output must be either', 'right lower quadrant pain', 'diarrhea', 'painful bowel movements', 'weight loss', 'chronic diarrhea', 'continue ibuprofen 2x a day', 'encourage patient to maintain a healthy weight', 'provide dietary counseling']"
10608,"['use only the clinical note provided', 'do not include negated symptoms', 'do not infer or assume symptoms', 'output must be either', 'abdominal pain', 'diarrhea']"
10620,"['use only the clinical note provided', 'do not include negated symptoms', 'do not infer or assume symptoms', 'output must be either', 'dull alchy abdominal pain', 'decreased appetite', 'diarrhea']"
10622,"['use only the clinical note provided', 'do not include negated symptoms', 'do not infer or assume symptoms', 'output must be either', 'started 8-10 hours and is localized to the right lower quadrant was never periumbilical in nature', 'pain is constant dull achy crampy and was preceded by 2 days of diarrhea with 4-5x bowel movements a day', 'walking aggravates the pain ibuprofuen did not alleviate the pain pain is getting worse with time', 'patient reports no appetite', 'patient denies any nausea or vomiting', 'lmp was 2 weeks ago and sexual history is negative for intercourse in the last 9 months and negative for history of stis', 'pmhx and fhx are non-contributory', 'abdominal pain']"
10639,"['use only the clinical note provided', 'do not include negated symptoms', 'do not infer or assume symptoms', 'output must be either', 'dull aching abdomen pain', 'diarrhea', 'painful walking', 'irritable bowel syndrome ibs', 'dietary modification stress management and behavioral therapy']"
10645,"['use only the clinical note provided', 'do not include negated symptoms', 'do not infer or assume symptoms', 'output must be either', 'rlq pain', 'diarrhea']"
10646,"['use only the clinical note provided', 'do not include negated symptoms', 'do not infer or assume symptoms', 'output must be either', '5 10 constant dull and achy pain better with ibuprofen and worse with walking', 'previous episode happened 3-4 times in the past gradual onset dully ache', 'diarrhea started 2-3 days ago 4-5 times day no blood in the stool', 'denied similar illness in the household no recent ill contacts', 'pain in the lower right quadrant of the abdomen', 'diarrhea']"
10659,"['use only the clinical note provided', 'do not include negated symptoms', 'do not infer or assume symptoms', 'output must be either', 'dull and achy constant nonradiating rlq pain', 'low appetite', 'diarrhea']"
10665,"['use only the clinical note provided', 'do not include negated symptoms', 'do not infer or assume symptoms', 'output must be either', 'abdominal pain', 'fever', 'appendicitis', 'patient denies fever chills n v', 'patient denies subjective weight loss', 'patient denies sexual activity']"
10693,"['use only the clinical note provided', 'do not include negated symptoms', 'do not infer or assume symptoms', 'output must be either', 'lower abdominal pain', 'dull achy pain', 'worsens with walking']"
10738,"['use only the clinical note provided', 'do not include negated symptoms', 'do not infer or assume symptoms', 'output must be either', 'rlq pain', 'dull and achey pain', 'diarrhea', 'stooling 4-5 times a day', 'loose or watery stools']"
10747,"['use only the clinical note provided', 'do not include negated symptoms', 'do not infer or assume symptoms', 'output must be either', 'abdominal pain', 'diarrhea', 'appendiceal abscess']"
10750,"['use only the clinical note provided', 'do not include negated symptoms', 'do not infer or assume symptoms', 'output must be either', 'rlq abdominal pain', 'waking up from sleep', 'dull ache pain', 'walking makes pain worse', 'brown color diarrhea', 'similar symptoms before 3-4 times each month over the last 6month']"
10772,"['use only the clinical note provided', 'do not include negated symptoms', 'do not infer or assume symptoms', 'output must be either', 'rlq pain', 'dull aching cramping pain in abdomen', 'worse with walking']"
10780,"['use only the clinical note provided', 'do not include negated symptoms', 'do not infer or assume symptoms', 'output must be either', 'pain in llq', 'diarrhea']"
10785,"['use only the clinical note provided', 'do not include negated symptoms', 'do not infer or assume symptoms', 'output must be either', 'abdominal pain', 'diarrhea']"
10814,"['use only the clinical note provided', 'do not include negated symptoms', 'do not infer or assume symptoms', 'output must be either', 'abdominal pain', 'diarrhea', 'painful walking']"
10819,"['use only the clinical note provided', 'do not include negated symptoms', 'do not infer or assume symptoms', 'output must be either', 'abdominal pain', 'diarrhea']"
10820,"['use only the clinical note provided', 'do not include negated symptoms', 'do not infer or assume symptoms', 'output must be either', 'no pmhx pshx no medications other than prn ibuprofen', 'lower abdominal pain', 'appendicitis', 'hospitalize for further evaluation and management']"
10822,"['use only the clinical note provided', 'do not include negated symptoms', 'do not infer or assume symptoms', 'output must be either', 'abdominal pain', 'diahrrea 4-5 times a day', 'reduced appetite']"
10846,"['use only the clinical note provided', 'do not include negated symptoms', 'do not infer or assume symptoms', 'output must be either', 'lower ruq pain', 'watery diarrhea for past 3 days', 'brown no blood in stool', 'urinary tract infection', 'intravenous fluids antibiotics pain medication electrolyte replacement']"
10847,"['use only the clinical note provided', 'do not include negated symptoms', 'do not infer or assume symptoms', 'output must be either', 'right lower quadrant pain', 'diarrhea', 'anorexia']"
10850,"['use only the clinical note provided', 'do not include negated symptoms', 'do not infer or assume symptoms', 'output must be either', 'abdominal pain', 'dull achy pain in rlq', 'pain that is constant and does not radiate', 'pain that is low-moderate pain 5 10']"
10851,"['use only the clinical note provided', 'do not include negated symptoms', 'do not infer or assume symptoms', 'output must be either', 'rlq pain', 'watery diarrhea', 'loss of appetite', 'loose-fitting clothing']"
10852,"['use only the clinical note provided', 'do not include negated symptoms', 'do not infer or assume symptoms', 'output must be either', 'dull ache constant no radiation worsening and 5 10 intensity abdominal pain', 'watery brown diarrhea 4-5 bm day and urgency', 'unintentional subjective wt loss poor appetite']"
10854,"['use only the clinical note provided', 'do not include negated symptoms', 'do not infer or assume symptoms', 'output must be either', 'acute crampy rlq abdominal pain', 'diarrhea']"
10860,"['use only the clinical note provided', 'do not include negated symptoms', 'do not infer or assume symptoms', 'output must be either', 'rlq abdominal pain', 'watery diarrhea without blood or mucus', 'decrease in appetite']"
10869,"['use only the clinical note provided', 'do not include negated symptoms', 'do not infer or assume symptoms', 'output must be either', 'abdominal pain', 'diarrhea', 'decreased appetite']"
10873,"['use only the clinical note provided', 'do not include negated symptoms', 'do not infer or assume symptoms', 'output must be either', 'lower right quadrant pain', 'weight loss', 'diarrhea']"
10888,"['use only the clinical note provided', 'do not include negated symptoms', 'do not infer or assume symptoms', 'output must be either', 'rlq abdominal pain', 'diarrhea', 'anorexia']"
10911,"['use only the clinical note provided', 'do not include negated symptoms', 'do not infer or assume symptoms', 'output must be either', 'rlq pain', 'dull and aching pain in character was 4 10 and progressed to 5 10 in intensity', 'diarrhea started 2 days ago 4-5 bowel movements day vs previous 2-3 day', 'diarrhea is moderate in amount non']"
10926,"['use only the clinical note provided', 'do not include negated symptoms', 'do not infer or assume symptoms', 'output must be either', 'rlq abdominal pain', 'decreased appetite']"
10944,"['use only the clinical note provided', 'do not include negated symptoms', 'do not infer or assume symptoms', 'output must be either', 'dull achy pain in the rlq', 'diarrhea without blood for the last 3 days']"
10952,"['use only the clinical note provided', 'do not include negated symptoms', 'do not infer or assume symptoms', 'output must be either', 'rlq abdominal pain', 'watery non-bloody diarrhea']"
10968,"['use only the clinical note provided', 'do not include negated symptoms', 'do not infer or assume symptoms', 'output must be either', 'pain in lower right quadrant', 'nausea', 'diarrhea']"
10970,"['use only the clinical note provided', 'do not include negated symptoms', 'do not infer or assume symptoms', 'output must be either', 'dull ache in the abdomen', 'diarrhea', 'weight loss', 'appendiceal disease', 'surgical resection of appendix']"
10972,"['use only the clinical note provided', 'do not include negated symptoms', 'do not infer or assume symptoms', 'output must be either', 'abdominal pain', 'diarrhea']"
10988,"['use only the clinical note provided', 'do not include negated symptoms', 'do not infer or assume symptoms', 'output must be either', 'rlq pain', 'diarrhea', 'weight loss', 'loss of appetite']"
20001,"['use only the clinical note provided', 'do not include negated symptoms', 'do not infer or assume symptoms', 'output must be either', 'irregular periods', 'heavy bleeding', 'hot flashes', 'vaginal dryness', 'dyspareunia', 'irregular periods - heavy bleeding - hot flashes - vaginal dryness - dyspareunia']"
20040,"['use only the clinical note provided', 'do not include negated symptoms', 'do not infer or assume symptoms', 'output must be either', 'irregular periods', 'vaginal dryness', 'extra sweating', 'hot flashes']"
20118,"['use only the clinical note provided', 'do not include negated symptoms', 'do not infer or assume symptoms', 'output must be either', 'night sweats', 'headaches', 'primary nocturnal enuresis', 'educate patient about the cause of her night sweats and how to manage them', 'encourage her to maintain a healthy weight', 'provide support for her social and emotional well-being']"
20158,"['use only the clinical note provided', 'do not include negated symptoms', 'do not infer or assume symptoms', 'output must be either', 'irregular menstruation', 'night sweats', 'hotflashes', 'heavy flow', 'heat cold intolerance', 'weight gain', 'chest pain', 'headache', 'blurred vision']"
20167,"['use only the clinical note provided', 'do not include negated symptoms', 'do not infer or assume symptoms', 'output must be either', 'irregular menses', 'nausea and emesis', 'hot flashes', 'night sweats', 'vaginal dryness']"
20169,"['use only the clinical note provided', 'do not include negated symptoms', 'do not infer or assume symptoms', 'output must be either', 'irregular periods last 3 years with cycles between 3 weeks and 4 months', 'vaginal dryness occasional hot flashes no changes in weight', 'other symptoms episode of drenching night sweats last week two days of n v last week as well no headaches changes in vision dysuria diarrhea or constipation', 'meds hctz', 'allergies none', 'surgeries none', 'fhx mom with oa brother with htn', 'irregular periods', 'vaginal dryness', 'night sweats', 'hot flashes']"
20203,"['use only the clinical note provided', 'do not include negated symptoms', 'do not infer or assume symptoms', 'output must be either', 'excessive sweating', 'heavy to very heavy menstrual bleeding', 'vaginal dryness']"
20225,"['use only the clinical note provided', 'do not include negated symptoms', 'do not infer or assume symptoms', 'output must be either', 'irregular periods', 'night sweats', 'irregular menstrual bleeding', 'no specific treatment recommended']"
20259,"['use only the clinical note provided', 'do not include negated symptoms', 'do not infer or assume symptoms', 'output must be either', 'irregular periods', 'hot flashes', 'vaginal dryness']"
20260,"['use only the clinical note provided', 'do not include negated symptoms', 'do not infer or assume symptoms', 'output must be either', 'irregular periods', 'night sweats', 'hot flashes', 'vaginal dryness', 'diarrhea']"
20299,"['use only the clinical note provided', 'do not include negated symptoms', 'do not infer or assume symptoms', 'output must be either', 'irregular periods', 'hot flashes', 'sweating', 'vaginal dryness', 'vaginal discharge']"
20303,"['use only the clinical note provided', 'do not include negated symptoms', 'do not infer or assume symptoms', 'output must be either', 'heavy vaginal bleeding', 'hot flashes 1-2 minutes', 'vaginal dryness']"
20304,"['use only the clinical note provided', 'do not include negated symptoms', 'do not infer or assume symptoms', 'output must be either', 'irregular periods', 'bleeding between periods', 'hot flashes sweating episodes', 'night sweats']"
20360,"['use only the clinical note provided', 'do not include negated symptoms', 'do not infer or assume symptoms', 'output must be either', 'irregular periods', 'moderate bleeding', 'vaginal dryness']"
20377,"['use only the clinical note provided', 'do not include negated symptoms', 'do not infer or assume symptoms', 'output must be either', 'irregular periods', 'hot flashes', 'sweating', 'vaginal dryness', 'endometriosis']"
20383,"['use only the clinical note provided', 'do not include negated symptoms', 'do not infer or assume symptoms', 'output must be either', 'irregular periods', 'vaginal dryness', 'hot flashes', 'night sweats']"
20388,"['use only the clinical note provided', 'do not include negated symptoms', 'do not infer or assume symptoms', 'output must be either', 'irregular periods', 'hot flashes', 'weaning and vaginal dryness', 'night sweats', 'nausea and vomiting']"
20410,"['use only the clinical note provided', 'do not include negated symptoms', 'do not infer or assume symptoms', 'output must be either', 'irregular periods', 'back pain', 'breast tenderness', 'hot flashes', 'night sweats']"
20445,"['use only the clinical note provided', 'do not include negated symptoms', 'do not infer or assume symptoms', 'output must be either', 'irregular periods', 'hot flashes', 'vaginal dryness']"
20458,"['use only the clinical note provided', 'do not include negated symptoms', 'do not infer or assume symptoms', 'output must be either', 'irregular bleeding', 'vaginal dryness', 'daytime sweating', 'drenching night sweat']"
20492,"['use only the clinical note provided', 'do not include negated symptoms', 'do not infer or assume symptoms', 'output must be either', 'irregular periods', 'menstrual cramping', 'nausea', 'hot flashes', 'endometriosis', 'endometrictomy']"
20507,"['use only the clinical note provided', 'do not include negated symptoms', 'do not infer or assume symptoms', 'output must be either', 'irregular menstrual periods', 'breast tenderness', 'vaginal dryness']"
20540,"['use only the clinical note provided', 'do not include negated symptoms', 'do not infer or assume symptoms', 'output must be either', 'irregular periods', 'night sweats', 'hot flashes', 'vaginal dryness', 'endometriosis']"
20572,"['use only the clinical note provided', 'do not include negated symptoms', 'do not infer or assume symptoms', 'output must be either', 'no skin dryness hair loss constipation', 'vaginal dryness', 'hot flashes with sweating']"
20588,"['use only the clinical note provided', 'do not include negated symptoms', 'do not infer or assume symptoms', 'output must be either', 'irregular menses', 'heavy menstrual bleeding', 'decreased menstrual cramps', 'nausea and vomiting', 'hot flashes', 'diaphoresis']"
20619,"['use only the clinical note provided', 'do not include negated symptoms', 'do not infer or assume symptoms', 'output must be either', 'irregular periods', 'hot flashes with sweating', 'vaginal dryness']"
20631,"['use only the clinical note provided', 'do not include negated symptoms', 'do not infer or assume symptoms', 'output must be either', 'irregular periods', 'hot flashes', 'vaginal dryness and discomfort during sex']"
20643,"['use only the clinical note provided', 'do not include negated symptoms', 'do not infer or assume symptoms', 'output must be either', 'irregular periods', 'hot flashes', 'sweating', 'irregular periods - hot flashes - sweating']"
20666,"['use only the clinical note provided', 'do not include negated symptoms', 'do not infer or assume symptoms', 'output must be either', 'irregular periods', 'nausea and vomiting for 2 days', 'hot flashes', 'diaphoresis']"
20683,"['use only the clinical note provided', 'do not include negated symptoms', 'do not infer or assume symptoms', 'output must be either', 'irregular periods', 'hot flashes', 'sweating', 'night sweats']"
20747,"['use only the clinical note provided', 'do not include negated symptoms', 'do not infer or assume symptoms', 'output must be either', 'menstrual history menarche at 14yo cycle 28-29 days mentrual period would typically last for 5 days require 2-3 pads daily with mild pms symptoms including cramps breast tenderness low back pain', 'in the past 3yrs menstrual periods have occurred without pattern from 3wks apart to 4mo apart flow is very light to heavy lasting 2-6 days now without pms symptoms except for in the most recent period lmp 2 months ago', 'also with occassional hot flashes and sweating', 'denies palpitations hair loss weight changes fevers chills', 'iud in place', 'irregular periods', 'pms symptoms cramps breast tenderness low back pain', 'hot flashes', 'sweating']"
20755,"['use only the clinical note provided', 'do not include negated symptoms', 'do not infer or assume symptoms', 'output must be either', 'irregular menstrual cycles', 'breast tenderness', 'lower back pain', 'mild pelvic cramping']"
20772,"['use only the clinical note provided', 'do not include negated symptoms', 'do not infer or assume symptoms', 'output must be either', 'ob gyn lmp 3 yrs ago previously regular 5 days 28-29 days g2p2 no complication vaginal delivery vaginal dryness- dyspareunia-needs lubrication', 'reports cramps with menstruation back pain sleeping', 'denies irritable mood edema constipation diarrhea palpitation vaginal dis', 'pmh htn 6 yrs ago on hctz no sx', 'fh noncontributory cannot recalls mother menopause age', 'cramps with menstruation', 'back pain', 'sleeping']"
20791,"['use only the clinical note provided', 'do not include negated symptoms', 'do not infer or assume symptoms', 'output must be either', 'heavy or light bleeding between periods', 'vaginal dryness', 'night sweats', 'nausea and vomiting']"
20877,"['use only the clinical note provided', 'do not include negated symptoms', 'do not infer or assume symptoms', 'output must be either', 'menarche has irregular pattern started 3 years ago menarche last 2-6 days irregular flow and consistency', 'pt also experiences hot flashes and sweating', 'pt denies hair loss hair gain heart palpitation cold heat intolerance fever and chills abdominal pain stool changes', 'irregular period', 'hot flashes', 'sweating', 'hair loss', 'endometriosis']"
20895,"['use only the clinical note provided', 'do not include negated symptoms', 'do not infer or assume symptoms', 'output must be either', 'irregular periods', 'hot flashes throughout day', 'n-seat episode last week']"
20926,"['use only the clinical note provided', 'do not include negated symptoms', 'do not infer or assume symptoms', 'output must be either', 'irregular periods', 'hot flashes', 'sweating', 'pms symptoms breast tenderness low back pain menstrual cramping', 'flu-like symptoms nausea and vomiting']"
21030,"['use only the clinical note provided', 'do not include negated symptoms', 'do not infer or assume symptoms', 'output must be either', 'night sweats', 'trouble sleeping', 'hot flashes', 'vaginal discharge', 'vaginal bleeding', 'palpitations', 'sensitivity to cold', 'skin changes', 'decreased libido', 'vision changes', 'dysuria', 'hair thinning loss', 'weight changes']"
21051,"['use only the clinical note provided', 'do not include negated symptoms', 'do not infer or assume symptoms', 'output must be either', 'irregular periods', 'vaginal dryness', 'nausea and vomiting']"
21054,"['use only the clinical note provided', 'do not include negated symptoms', 'do not infer or assume symptoms', 'output must be either', 'irregular period', 'dry mouth', 'difficulty sleeping', 'early morning waking', 'stress', 'irritability', 'mood change']"
21055,"['use only the clinical note provided', 'do not include negated symptoms', 'do not infer or assume symptoms', 'output must be either', 'vaginal dryness', 'breast tenderness', 'dysmennorhea']"
21113,"['use only the clinical note provided', 'do not include negated symptoms', 'do not infer or assume symptoms', 'output must be either', 'etoh -t', 'irregular periods', 'bleeding through multiple pads', 'hot flashes', 'sweating', 'endometriosis', 'pelvic floor massage', 'hormonal therapy', 'lifestyle modifications']"
21114,"['use only the clinical note provided', 'do not include negated symptoms', 'do not infer or assume symptoms', 'output must be either', 'irregular menses', 'abdominal cramping', 'vaginal dryness']"
21133,"['use only the clinical note provided', 'do not include negated symptoms', 'do not infer or assume symptoms', 'output must be either', 'ongoing for the past 3 years reports irregular periods coming at unpredictable times lasting anywhere from 2 to 6 days flow is variable ranging from light to heavy', 'reports nothing has made her symptoms better or worse have been stable in unpredictablility over the 3 years', 'last period 2 months ago', 'periods prior to 3 years were normal', 'irregular periods', 'flow variability']"
21137,"['use only the clinical note provided', 'do not include negated symptoms', 'do not infer or assume symptoms', 'output must be either', 'irregular periods', 'hot flashes', 'breast tenderness', 'pms', 'lower back pain']"
21141,"['use only the clinical note provided', 'do not include negated symptoms', 'do not infer or assume symptoms', 'output must be either', 'irregular periods', 'breast tenderness', 'lower back soreness', 'vaginal dryness', 'drenching night sweats']"
21151,"['use only the clinical note provided', 'do not include negated symptoms', 'do not infer or assume symptoms', 'output must be either', 'irregular menstrual periods', 'vaginal dryness', 'hot flashes', 'nausea and vomiting']"
21184,"['use only the clinical note provided', 'do not include negated symptoms', 'do not infer or assume symptoms', 'output must be either', 'irregular periods', 'bleeding for 2-6 days', 'painful menstrual cramping', 'nausea with 3 episodes of non-bloody non-bilious vomiting', 'vaginal dryness', 'discomfort during sex', 'hot flashes', 'diaphoresis', 'night sweats']"
21188,"['use only the clinical note provided', 'do not include negated symptoms', 'do not infer or assume symptoms', 'output must be either', 'irregular periods', 'vaginal dryness', 'night sweats']"
21214,"['use only the clinical note provided', 'do not include negated symptoms', 'do not infer or assume symptoms', 'output must be either', 'irregular periods', 'hot flashes', 'sweating', 'vaginal dryness', 'endometriosis']"
21219,"['use only the clinical note provided', 'do not include negated symptoms', 'do not infer or assume symptoms', 'output must be either', 'irregular periods', 'cramping', 'hot flashes']"
21268,"['use only the clinical note provided', 'do not include negated symptoms', 'do not infer or assume symptoms', 'output must be either', 'irregular period', 'vaginal discomfort during sex', 'lower back pain', 'sob', 'hot flashes', 'pms symptom']"
21269,"['use only the clinical note provided', 'do not include negated symptoms', 'do not infer or assume symptoms', 'output must be either', 'irregular periods 2-6 days flow from light to heavy periods', 'hot flashes', 'sweating', 'stomach flu symptoms 2 days last weeks']"
21282,"['use only the clinical note provided', 'do not include negated symptoms', 'do not infer or assume symptoms', 'output must be either', 'irregular periods', 'heavy bleeding 5-6 pads day']"
21285,"['use only the clinical note provided', 'do not include negated symptoms', 'do not infer or assume symptoms', 'output must be either', 'irregular bleeding', 'vaginal dryness requiring lubricant', 'hot flashes', 'night sweats', 'hypertension', 'monitor blood pressure regularly', 'provide education on managing hypertension', 'consider lifestyle changes such as weight loss regular exercise and dietary changes']"
21288,"['use only the clinical note provided', 'do not include negated symptoms', 'do not infer or assume symptoms', 'output must be either', 'irregular menstrual bleeding', 'hot flashes', 'sweating', 'sleep problems', 'vaginal dryness']"
21310,"['use only the clinical note provided', 'do not include negated symptoms', 'do not infer or assume symptoms', 'output must be either', 'irregular periods', 'tenderness low back pain and cramping in abdomen prior to last period', 'hot flashes', 'sweating', 'vaginal dryness']"
21317,"['use only the clinical note provided', 'do not include negated symptoms', 'do not infer or assume symptoms', 'output must be either', 'vaginal dryness', 'irregular menstrual bleeding']"
21324,"['use only the clinical note provided', 'do not include negated symptoms', 'do not infer or assume symptoms', 'output must be either', 'irregular periods', 'breast tenderness', 'back pain', 'vaginal dryness', 'hot flashes', 'sweating']"
21325,"['use only the clinical note provided', 'do not include negated symptoms', 'do not infer or assume symptoms', 'output must be either', 'patient reports a 3 year history of irregular periods no pattern to occurence 2-6 days in length when they do occur light-heavy flow', 'her previous menstrual history was regular every 28-29 days and moderate flow', 'she also experienced occasional breast tenderness mild cramps before her periods which disappeared when her periods became irregular but returned last week', 'lmp 2 mo ago has a copper intrauterine device placed 4 yo ago w o complications had 2 uncomplicated term pregnancies', 'patient is sexually active with her husband and does not use condoms', 'does not smoke and uses alcohol socially no other drugs', 'takes hctz for hypertension nkda', 'in addition she reports occasional hot flashes sweats which interrupt her sleep menstrual cramps and nausea', 'she denies any diarrhea irregular uterine bleeding chest pain', 'irregular periods', 'breast tenderness', 'hot flashes sweats']"
21372,"['use only the clinical note provided', 'do not include negated symptoms', 'do not infer or assume symptoms', 'output must be either', 'has been having irregular periods for the past three years', 'periods have been unpredicatble they have been heavy and light last two to six days', 'two months ago has experienced hot flashes with sweating', 'has been getting up earlier 4-5x in the past three months', 'currently sexually active with husband no barrier protection has iud', 'has hypertension', 'has had breast tenderness back pain and one episode of menstrual cramps', 'no skin changes', 'irregular periods', 'hot flashes with sweating', 'increased frequency of urination']"
21391,"['use only the clinical note provided', 'do not include negated symptoms', 'do not infer or assume symptoms', 'output must be either', 'irregular periods', 'heavy light flow', 'hot flashes', 'sweating', 'night sweats', 'endometriosis']"
21427,"['use only the clinical note provided', 'do not include negated symptoms', 'do not infer or assume symptoms', 'output must be either', 'dyspareunia', 'vaginal dryness', 'hot flashes', 'sweating']"
21496,"['use only the clinical note provided', 'do not include negated symptoms', 'do not infer or assume symptoms', 'output must be either', 'irregular periods', 'hot flashes', 'night sweats', 'vaginal dryness during sex', 'endometriosis']"
21532,"['use only the clinical note provided', 'do not include negated symptoms', 'do not infer or assume symptoms', 'output must be either', 'irregular periods', 'hot flashes', 'sweeting', 'vaginal dryness', 'insomnia']"
21538,"['use only the clinical note provided', 'do not include negated symptoms', 'do not infer or assume symptoms', 'output must be either', 'irregular periods', 'hot flashes', 'drenched sleep recently']"
21540,"['use only the clinical note provided', 'do not include negated symptoms', 'do not infer or assume symptoms', 'output must be either', 'heavy or light vaginal dryness', 'vaginal itching', 'hot flashes', 'sweating', 'vaginal dryness', 'painful intercourse', 'hirsutism', 'vaginal atrophy', 'vaginal moisturizer estrogen therapy and lifestyle modifications']"
21576,"['use only the clinical note provided', 'do not include negated symptoms', 'do not infer or assume symptoms', 'output must be either', 'irregular periods', 'heavy bleeding', 'nausea and vomiting']"
21591,"['use only the clinical note provided', 'do not include negated symptoms', 'do not infer or assume symptoms', 'output must be either', 'irregular periods', 'moderate bleeding', 'vaginal dryness', 'hot flashes', 'htn', 'copper iud and hctz']"
21614,"['use only the clinical note provided', 'do not include negated symptoms', 'do not infer or assume symptoms', 'output must be either', 'nausea and vomiting', 'amenorrhea', 'not mentioned in the context', 'symptoms nausea and vomiting']"
21621,"['use only the clinical note provided', 'do not include negated symptoms', 'do not infer or assume symptoms', 'output must be either', 'breast tenderness', 'lower back pain', 'vaginal dryness', 'mild dysnmenorrhea']"
21627,"['use only the clinical note provided', 'do not include negated symptoms', 'do not infer or assume symptoms', 'output must be either', 'irregular menstrual periods', 'nausea and vomiting for 2 days', 'hot flashes']"
21630,"['use only the clinical note provided', 'do not include negated symptoms', 'do not infer or assume symptoms', 'output must be either', 'irregular periods', 'vaginal dryness', 'vaginal discomfort with intercourse', 'hot flashes', 'nausea and vomiting']"
21681,"['use only the clinical note provided', 'do not include negated symptoms', 'do not infer or assume symptoms', 'output must be either', 'irregular periods', 'cramping abdominal pain', 'vaginal dryness', 'endometriosis', 'no specific treatment recommended at this time']"
21686,"['use only the clinical note provided', 'do not include negated symptoms', 'do not infer or assume symptoms', 'output must be either', 'irregular periods', 'hot flashes', 'htn', 'no specific treatment mentioned in the note']"
21706,"['use only the clinical note provided', 'do not include negated symptoms', 'do not infer or assume symptoms', 'output must be either', 'previously regular periods each 28 days lasting 5 days moderate flow no clots', 'since the last 3 years periods have been irregular unpredictable lasting 2 to 6 days no cramps no spotting between them', 'refers hot flashes and change in sleep pattern sleeping less awakes at 4 am and can not sleep again', 'denies change in libido tremor or weight change', 'irregular periods', 'hot flashes', 'sleep disturbances', 'primary ovarian insufficiency', 'gnrh agonists']"
21724,"['use only the clinical note provided', 'do not include negated symptoms', 'do not infer or assume symptoms', 'output must be either', 'irregular periods', 'nausea and vomiting', 'drenched sleep']"
21730,"['use only the clinical note provided', 'do not include negated symptoms', 'do not infer or assume symptoms', 'output must be either', 'irregular periods', 'night sweats', 'hot flashes', 'vaginal dryness with sexual intercourse']"
21773,"['use only the clinical note provided', 'do not include negated symptoms', 'do not infer or assume symptoms', 'output must be either', 'irregular period', 'heavy or light bleeding', 'hot flashes', 'vaginal dryness']"
21807,"['use only the clinical note provided', 'do not include negated symptoms', 'do not infer or assume symptoms', 'output must be either', 'irregular periods', 'hot flashes', 'sweating', 'vaginal dryness', 'vaginal discomfort during intercourse', 'pms symptoms breast tenderness cramps low back pain', 'pms']"
21808,"['use only the clinical note provided', 'do not include negated symptoms', 'do not infer or assume symptoms', 'output must be either', 'vaginal dryness', 'hot flashes', 'irregular periods', 'vaginal dryness - symptom', 'hot flashes - symptom', 'irregular periods - symptom']"
21814,"['use only the clinical note provided', 'do not include negated symptoms', 'do not infer or assume symptoms', 'output must be either', 'irregular periods', 'vaginal dryness', 'hot flashes']"
21844,"['use only the clinical note provided', 'do not include negated symptoms', 'do not infer or assume symptoms', 'output must be either', 'irregular menstrual bleeding', 'vaginal dryness', 'cramping']"
21853,"['use only the clinical note provided', 'do not include negated symptoms', 'do not infer or assume symptoms', 'output must be either', 'irregular periods', 'hot flashes', 'sweating', 'vaginal dryness', 'endometriosis', 'endometrictomy']"
21880,"['use only the clinical note provided', 'do not include negated symptoms', 'do not infer or assume symptoms', 'output must be either', 'irregular periods', 'hot flashes', 'night sweats', 'vaginal dryness']"
21905,"['use only the clinical note provided', 'do not include negated symptoms', 'do not infer or assume symptoms', 'output must be either', 'notes no pattern to her perioeds', 'notes it feeling crampy', 'nothing makes it better or worse', 'notes hot flashes sweating nausea vomit early morning waking', 'hot flashes', 'nausea', 'vomiting']"
21909,"['use only the clinical note provided', 'do not include negated symptoms', 'do not infer or assume symptoms', 'output must be either', 'irregular menses', 'vaginal dryness', 'vaginal discomfort with intercourse']"
21966,"['use only the clinical note provided', 'do not include negated symptoms', 'do not infer or assume symptoms', 'output must be either', 'irregular menses', 'hot flashes', 'night sweats', 'breast tenderness cramping back pain', 'primary ovarian insufficiency', 'estrogen replacement therapy']"
21979,"['use only the clinical note provided', 'do not include negated symptoms', 'do not infer or assume symptoms', 'output must be either', 'irregular menstrual bleeding', 'heavy bleeding requiring multiple pads per day', 'no specific treatment mentioned in the clinical note']"
21993,"['use only the clinical note provided', 'do not include negated symptoms', 'do not infer or assume symptoms', 'output must be either', 'started 3 years ago is getting worse has never had this before', 'irregular periods that las for 2-6 days and may have a light or a heavy flow lmp was 2 months ago', 'has hot flashes', 'denies dysmenorrhea weight changes stool changes fatigue urine changes vaginal discharge hair changes visual changes skin changes fever or mood changes', 'sh no smoking is a office manager has a diet with low salt and fat no drugs drinks etoh on rare ocasions 1 glass of wine exercises 3x a week feels safe at home is sexually active with husband only', 'irregular periods', 'hot flashes', 'vaginal discharge']"
21997,"['use only the clinical note provided', 'do not include negated symptoms', 'do not infer or assume symptoms', 'output must be either', 'irregular menstrual cycle length', 'heavy menstrual bleeding', 'vaginal dryness', 'hot flashes', 'irregular menstrual cycle', 'no specific treatment mentioned in the clinical note']"
22015,"['use only the clinical note provided', 'do not include negated symptoms', 'do not infer or assume symptoms', 'output must be either', 'irregular periods', 'drenching sweats', 'hot flashes', 'stomach flu', 'vaginal dryness']"
22023,"['use only the clinical note provided', 'do not include negated symptoms', 'do not infer or assume symptoms', 'output must be either', 'irregular periods', 'night sweats', 'no other symptoms reported']"
22053,"['use only the clinical note provided', 'do not include negated symptoms', 'do not infer or assume symptoms', 'output must be either', 'irregular periods', 'hot flashes', 'vaginal dryness', 'weight loss', 'hypertension', 'monitor bp regularly', 'treat hypertension with medication', 'educate patient on lifestyle changes to improve overall health']"
22081,"['use only the clinical note provided', 'do not include negated symptoms', 'do not infer or assume symptoms', 'output must be either', 'irregular peroids', 'night sweats with subjective fevers', 'vaginal dryness']"
22083,"['use only the clinical note provided', 'do not include negated symptoms', 'do not infer or assume symptoms', 'output must be either', 'vaginal dryness', 'hot flashes', 'night sweats', 'nausea', 'flu-like sxs', 'vaginal pain', 'endometriosis', 'endometrictomy']"
22091,"['use only the clinical note provided', 'do not include negated symptoms', 'do not infer or assume symptoms', 'output must be either', 'irregular menstrual period', 'night sweat', 'vaginal dryness']"
22099,"['use only the clinical note provided', 'do not include negated symptoms', 'do not infer or assume symptoms', 'output must be either', 'irregular periods', 'vaginal dryness', 'hot flashes', 'endometriosis', 'endometrictomy']"
22120,"['use only the clinical note provided', 'do not include negated symptoms', 'do not infer or assume symptoms', 'output must be either', 'irregular periods', 'light to heavy vaginal bleeding', 'hot flashes', 'sweating', 'vaginal dryness']"
22123,"['use only the clinical note provided', 'do not include negated symptoms', 'do not infer or assume symptoms', 'output must be either', 'regular periods before 5 days of periods with 20-29 days in between used about 3-4 pads', 'now unpredictable 1 or more elements bleeding duration change with each period light to heavy bleeding 2-6 days of period', 'biggest concern nocturnal heavy sweating', 'endorses daytime hot flashes and sweating nausea vomitting x 2 days', 'irregular periods', 'nocturnal heavy sweating', 'nighttime heavy sweating']"
30037,"['use only the clinical note provided', 'do not include negated symptoms', 'do not infer or assume symptoms', 'output must be either', 'stomach pain', 'nausea', 'motrin 100mg po every 6 hours for 3 days', 'avoid spicy and fatty foods', 'drink plenty of fluids']"
30116,"['use only the clinical note provided', 'do not include negated symptoms', 'do not infer or assume symptoms', 'output must be either', 'epigastric pain', 'nausea', 'burning gnawing pain', 'bloating']"
30168,"['use only the clinical note provided', 'do not include negated symptoms', 'do not infer or assume symptoms', 'output must be either', 'epigastric pain', 'nausea', 'dark stools', 'less appetite', 'gastroesophageal reflux disease gerd', 'proton pump inhibitor ppi daily', 'antacids as needed for heartburn', 'lifestyle changes avoid spicy and fatty foods eat']"
30260,"['use only the clinical note provided', 'do not include negated symptoms', 'do not infer or assume symptoms', 'output must be either', 'stomach pain that started 2 months ago 1x per week is not occuring multiple times a day and at night', 'pain lasts 1-2 hours and is described as burning and knawing rated 5 10', 'pain is above his umbilicus and does not radiate', 'two weeks of intermittent black stools', 'no aversion to food', 'tums no longer alleviate pain and he takes ibuprofen for back pain and spasms', 'stomach pain', 'nausea', 'gastroesophageal reflux disease gerd', 'proton pump inhibitor ppi daily']"
30437,"['use only the clinical note provided', 'do not include negated symptoms', 'do not infer or assume symptoms', 'output must be either', 'burning in the abdomen', 'nausea', 'dark colored stools', 'stress of getting a divorce', 'bloating', 'chest pain is not mentioned in the clinical note']"
30515,"['use only the clinical note provided', 'do not include negated symptoms', 'do not infer or assume symptoms', 'output must be either', '35 yo m with worsening mid epigastric pain for the past 2 months', 'never had this before', 'describes as a gnawing burning sensation', 'had it once a week but not 2-3 times a week with episodes lasting 1-2 hours', 'associated with bloating', 'partially relieved by tums before', 'mid epigastric pain', 'nauseating burning sensation', 'bloating', 'gastroparesis', 'motrin every 4 hours']"
30549,"['use only the clinical note provided', 'do not include negated symptoms', 'do not infer or assume symptoms', 'output must be either', 'burning non radiating midepigastric pain', 'hiccup for last months', 'nausea', 'bloating', 'dark stool', 'hiccup', 'gastroesophageal reflux disease gerd', 'proton pump inhibitor ppi daily']"
30591,"['use only the clinical note provided', 'do not include negated symptoms', 'do not infer or assume symptoms', 'output must be either', 'denies vomiting', 'episodes increasing in frequency lately and epigastric pain now 5 10', 'episodes wake patient up at night and last 1-2 hours', 'previously sx improved with food and tums but not recently', 'episodes are sporadic with no obvious triggers or palliating factors', 'noticed stools are darker in past 2 weeks', 'nausea', 'epigastric pain', 'nausea waking up at night', 'stool color change', 'gastroesophageal reflux disease gerd', 'proton pump inhibitor ppi therapy']"
30628,"['use only the clinical note provided', 'do not include negated symptoms', 'do not infer or assume symptoms', 'output must be either', 'upper abdominal pain', 'burning and numbing pain', 'pain that comes and goes with no specific associations', 'bloating', 'nausea', 'darkening of stools']"
30772,"['use only the clinical note provided', 'do not include negated symptoms', 'do not infer or assume symptoms', 'output must be either', 'burning pain in the mid-chest that started 2 months ago and has become more frequent and severe in the past few weeks', 'darker stool than usual', 'nausea when the pain is felt', 'burning pain in the']"
30918,"['use only the clinical note provided', 'do not include negated symptoms', 'do not infer or assume symptoms', 'output must be either', 'epigastric pain', 'nausea', 'intermittent pain waking up from sleep']"
30961,"['use only the clinical note provided', 'do not include negated symptoms', 'do not infer or assume symptoms', 'output must be either', 'black stool without blood sometimes', 'fatigue and tired']"
31272,"['use only the clinical note provided', 'do not include negated symptoms', 'do not infer or assume symptoms', 'output must be either', 'epigastric tenderness', 'dark stools', 'epigastric ulcer', 'surgery to remove ulcer']"
31292,"['use only the clinical note provided', 'do not include negated symptoms', 'do not infer or assume symptoms', 'output must be either', 'epigastric pain', 'nausea', 'stool color change']"
31368,"['use only the clinical note provided', 'do not include negated symptoms', 'do not infer or assume symptoms', 'output must be either', 'upper mid epigastric pain', 'nausea', 'darkening of stools']"
31383,"['use only the clinical note provided', 'do not include negated symptoms', 'do not infer or assume symptoms', 'output must be either', 'began 2 months getting worse intermittent 2-3 day sometimes at night no previous episode', 'burning pain no radiation 5 10 no trauma', 'alleviated by tums no aggravative factor', 'has nausea dark brown stool no blood melena', 'no fever vomiting', 'abdominal pain', 'nausea', 'dark brown stool']"
31408,"['use only the clinical note provided', 'do not include negated symptoms', 'do not infer or assume symptoms', 'output must be either', 'epigastric pain', 'nausea', 'dark brown stools', 'peptic ulcer disease']"
31476,"['use only the clinical note provided', 'do not include negated symptoms', 'do not infer or assume symptoms', 'output must be either', 'pain', 'nausea', 'vomiting', 'bloating', 'tummy pain']"
31534,"['use only the clinical note provided', 'do not include negated symptoms', 'do not infer or assume symptoms', 'output must be either', 'stomach pain', 'dark stools', 'tums and nsaids and nkda']"
31543,"['use only the clinical note provided', 'do not include negated symptoms', 'do not infer or assume symptoms', 'output must be either', 'abdominal pain', 'nausea', 'bloating']"
31608,"['use only the clinical note provided', 'do not include negated symptoms', 'do not infer or assume symptoms', 'output must be either', 'epigastric pain', 'nausea', 'bloating sensation', 'darker stool', 'chronic low back pain', 'motrin 2 200mg once week']"
31652,"['use only the clinical note provided', 'do not include negated symptoms', 'do not infer or assume symptoms', 'output must be either', 'epigastric pain', 'nausea', 'dark stools']"
31663,"['use only the clinical note provided', 'do not include negated symptoms', 'do not infer or assume symptoms', 'output must be either', 'occurred 2 mo ago intermittnetly twice a day in upper middle abd intensity 5 10 burning and iching', 'feel bloated after eating neaseated stool is darker reduced appetite', 'deny vomiting heart burn urine changes fever constation and diarrhea weight changes sleep and mood changes fresh blood in stool', 'abdominal pain', 'nausea', 'diarrhea', 'weight loss', 'appendiceal disease']"
31759,"['use only the clinical note provided', 'do not include negated symptoms', 'do not infer or assume symptoms', 'output must be either', 'darkening of stool', 'non-radiating stomach pain', 'gastroparesis', 'prokinetics therapy', 'the patient is currently taking tums motrin chronic for gastroparesis', 'the patient has a history of back pain and an']"
31800,"['use only the clinical note provided', 'do not include negated symptoms', 'do not infer or assume symptoms', 'output must be either', 'stomach problems', 'nausea', 'dark stools', 'headache']"
31952,"['use only the clinical note provided', 'do not include negated symptoms', 'do not infer or assume symptoms', 'output must be either', 'burning pain in epigastric area', 'nausea', 'gastroparesis', 'nothing mentioned in the note']"
32588,"['use only the clinical note provided', 'do not include negated symptoms', 'do not infer or assume symptoms', 'output must be either', 'epigastric pain', 'nausea', 'melena', 'bloating']"
32614,"['use only the clinical note provided', 'do not include negated symptoms', 'do not infer or assume symptoms', 'output must be either', 'epigastric pain', 'nausea', 'dark stool', 'bloated stomach', 'irritable bowel syndrome ibs', 'dietary modification stress management laxatives probiotics and anti-diarrheal medications']"
32657,"['use only the clinical note provided', 'do not include negated symptoms', 'do not infer or assume symptoms', 'output must be either', 'epigastric pain', 'nausea', 'bloating', 'change in stool color']"
32932,"['use only the clinical note provided', 'do not include negated symptoms', 'do not infer or assume symptoms', 'output must be either', 'pain', 'nausea', 'dark bowel movements']"
32996,"['use only the clinical note provided', 'do not include negated symptoms', 'do not infer or assume symptoms', 'output must be either', 'initally few times a week to 2x day of gnawing burning pain in mid-epigastric area', 'denies cough vomiting however endorses darker brown stools as of 2 weeks never any bright red blood per rectum', 'initially alleviated with tums now less effective nothing made worse', 'takes ibuprofen 400mg one a week for back pain for 10 years straight', 'denies any unintentional weight loss gain', 'pain in mid-epigastric area', 'dark brown stools']"
33155,"['use only the clinical note provided', 'do not include negated symptoms', 'do not infer or assume symptoms', 'output must be either', 'epigastric pain', 'nausea', 'dark stools', 'bloating', 'gnawing pain that wakes him at night', 'extra bletching']"
33317,"['use only the clinical note provided', 'do not include negated symptoms', 'do not infer or assume symptoms', 'output must be either', 'bursting pain', 'pain', 'nausea', 'vomiting']"
33318,"['use only the clinical note provided', 'do not include negated symptoms', 'do not infer or assume symptoms', 'output must be either', 'epigastric pain', 'dark stools', 'burning gnawing pain']"
33415,"['use only the clinical note provided', 'do not include negated symptoms', 'do not infer or assume symptoms', 'output must be either', 'middle sense of burning and gnawing pain localized to the epigastric region for 2 months', 'nausea and decreased appetite']"
33417,"['use only the clinical note provided', 'do not include negated symptoms', 'do not infer or assume symptoms', 'output must be either', 'abdominal pain', 'nausea', 'bloating']"
33444,"['use only the clinical note provided', 'do not include negated symptoms', 'do not infer or assume symptoms', 'output must be either', 'epigastric pain', 'nausea', 'vomiting', 'stomach fullness', 'burning pain', 'no radiation', 'partially relieved with toms but not helping recently']"
33460,"['use only the clinical note provided', 'do not include negated symptoms', 'do not infer or assume symptoms', 'output must be either', 'epigastric pain', 'nausea']"
33531,"['use only the clinical note provided', 'do not include negated symptoms', 'do not infer or assume symptoms', 'output must be either', 'epigastric pain', 'blackened stool', 'peptic ulcer disease']"
33563,"['use only the clinical note provided', 'do not include negated symptoms', 'do not infer or assume symptoms', 'output must be either', 'described as burning sensation lasting 1-2 hrs accompanied by nausea and wakes him from sleep at night', 'no vomiting no related to foods no recent weight loss pain does not radiate no cough or chest pain', 'eats mostly fast food drinks coffee and water', 'tried tums for relief but no longer effective', 'also reports occassional dark stools but no blood per rectum no diarrhea', 'epigastric pain', 'dark stools']"
33652,"['use only the clinical note provided', 'do not include negated symptoms', 'do not infer or assume symptoms', 'output must be either', 'epigastric pain', 'nausea', 'burping', 'pain that wakes him up at night', 'dark stools', 'decreased appetite', 'abdominal bloating', 'increased saitey', 'gastroesophageal reflux disease gerd', 'proton pump inhibitor ppi']"
33662,"['use only the clinical note provided', 'do not include negated symptoms', 'do not infer or assume symptoms', 'output must be either', 'bloating sensation', 'increased burping', 'abdominal pain']"
34251,"['use only the clinical note provided', 'do not include negated symptoms', 'do not infer or assume symptoms', 'output must be either', 'stomach pain', 'nausea', 'dark brown stool']"
34264,"['use only the clinical note provided', 'do not include negated symptoms', 'do not infer or assume symptoms', 'output must be either', 'abdominal pain', 'nausea', 'vomiting']"
34274,"['use only the clinical note provided', 'do not include negated symptoms', 'do not infer or assume symptoms', 'output must be either', 'nausea', 'stomach pain', 'dark stools', 'gastroesophageal reflux disease gerd', 'proton pump inhibitor ppi medication', 'lifestyle changes diet exercise sleep']"
34659,"['use only the clinical note provided', 'do not include negated symptoms', 'do not infer or assume symptoms', 'output must be either', 'epigastric abdominal pain', 'gnawing and burning pain', 'pain that lasts 1-2 hours', 'pain that is not relieved by food intake']"
34742,"['use only the clinical note provided', 'do not include negated symptoms', 'do not infer or assume symptoms', 'output must be either', 'started 2 months ago epigastric region nauseated pain is 5 10 nagging burning it comes and go no assoaciatio with intake of food', 'epigastric pain', 'nausea', 'burning pain', 'stooped exercise']"
34766,"['use only the clinical note provided', 'do not include negated symptoms', 'do not infer or assume symptoms', 'output must be either', 'epigastric pain', 'bloating', 'nausea', 'dark stools', 'aches and pains', 'headaches', 'gastroesophageal reflux disease gerd', 'nsaids 1x wk 200 mgx2 pills for aches and pains r']"
34803,"['use only the clinical note provided', 'do not include negated symptoms', 'do not infer or assume symptoms', 'output must be either', 'began 2 months ago gradual onset has gotten progressively worse no previous episodes', 'occurs 2x day lasts 1-2 hrs epigastric no radiation 5 10 in severity also occurs at night', 'alleviated by tums no longer helping no aggravating factors', 'has nausea no vomiting darker stools no noticeable blood bloating with meals increased stress d t divorce work', 'abd pain']"
34827,"['use only the clinical note provided', 'do not include negated symptoms', 'do not infer or assume symptoms', 'output must be either', 'epigastric pain', 'sharp and stabbing pain', 'dark stools', 'nausea']"
34873,"['use only the clinical note provided', 'do not include negated symptoms', 'do not infer or assume symptoms', 'output must be either', 'stomach pain', 'nausea', 'vomiting', 'dark stools']"
34898,"['use only the clinical note provided', 'do not include negated symptoms', 'do not infer or assume symptoms', 'output must be either', 'burning epigastric pain', 'dark brown stools', 'nausea']"
34918,"['use only the clinical note provided', 'do not include negated symptoms', 'do not infer or assume symptoms', 'output must be either', 'epigastric pain', 'nausea', 'gastroesophageal reflux disease gerd', 'proton pump inhibitor ppi']"
34986,"['use only the clinical note provided', 'do not include negated symptoms', 'do not infer or assume symptoms', 'output must be either', 'epidural abdominal pain', 'darkening of stool', 'pain level 5 10']"
35092,"['use only the clinical note provided', 'do not include negated symptoms', 'do not infer or assume symptoms', 'output must be either', 'stomach pain', 'nausea', 'dark stools']"
35141,"['use only the clinical note provided', 'do not include negated symptoms', 'do not infer or assume symptoms', 'output must be either', 'burning pain that is 5 10 severity that is non radiating', 'bloating after eating', 'increased fatigue', 'darkening of stools']"
35187,"['use only the clinical note provided', 'do not include negated symptoms', 'do not infer or assume symptoms', 'output must be either', 'begin 2 months ago buring gnawing intermittent pain', '5 10 pain initial relieved by tums but not now', 'has black tarry stools', 'not associated with food intake', 'slightly relived after stopping alchohol intake', 'denies fever infection changes in weight', 'uses motrin for back pain', 'has worked in construction for 10 years', 'stomach pain', 'black tarry stools', 'gastroesophageal reflux disease gerd', 'proton pump inhibitor ppi daily', 'black']"
35333,"['use only the clinical note provided', 'do not include negated symptoms', 'do not infer or assume symptoms', 'output must be either', 'burning in sensation with no radiation', 'bloating', 'nausea', 'gastroesophageal reflux disease gerd', 'proton pump inhibitor ppi medication', 'lifestyle changes including avoiding trigger foods and maintaining a healthy weight']"
35360,"['use only the clinical note provided', 'do not include negated symptoms', 'do not infer or assume symptoms', 'output must be either', 'epigastric gnawing burning pain', 'fatigue', 'dark stools', 'bloated feeling when eating']"
35441,"['use only the clinical note provided', 'do not include negated symptoms', 'do not infer or assume symptoms', 'output must be either', 'epigastric burninng and worsening intermittent intially 1xs week but now 2xs week tums relieved it but nothing makes it worse non radiating', 'assoc bloating anorexia poor sleep due to pain waking him up nausea but no vomiting belching and anorexia', 'denies fever trauma heartburn sob sweating cough chest pain wt loss or urinary symptoms', 'bloating anorexia poor sleep due to pain waking him up nausea but no vomiting belching and anorexia']"
35741,"['use only the clinical note provided', 'do not include negated symptoms', 'do not infer or assume symptoms', 'output must be either', 'epigastric pain', 'nausea']"
35804,"['use only the clinical note provided', 'do not include negated symptoms', 'do not infer or assume symptoms', 'output must be either', 'darkened stools melena', 'nausea and bloating following meals', 'gastroparesis']"
35950,"['use only the clinical note provided', 'do not include negated symptoms', 'do not infer or assume symptoms', 'output must be either', 'burning gnawing epigastric pain', 'nausea']"
36166,"['use only the clinical note provided', 'do not include negated symptoms', 'do not infer or assume symptoms', 'output must be either', 'epigastric pain started two months ago associated with nausea describes pain as a gnawing and rates it as a 5 10 at its worst', 'says episodes of pain occur intermittently and last for an hour previous once per week but have increased in frequency to once day', 'has attempted tums with minimal relief denies aggravating factors including meals or fatty foods', 'denies pmh but reports h o nsaid use 1 motrin per week for chronic pack pain otherwise denies pmh surgical history medications allergies', 'paternal uncle with bleeding ulcer other denies fh', 'epigastric pain', 'nausea']"
36325,"['use only the clinical note provided', 'do not include negated symptoms', 'do not infer or assume symptoms', 'output must be either', 'sharp pain in epigastric region', 'nausea']"
36481,"['use only the clinical note provided', 'do not include negated symptoms', 'do not infer or assume symptoms', 'output must be either', 'burning', 'nausea', 'bloating']"
36485,"['use only the clinical note provided', 'do not include negated symptoms', 'do not infer or assume symptoms', 'output must be either', 'abdominal pain', 'increased bloating with food', 'darkening of stool', 'gastroparesis', 'motrin 400mg every 4 hours']"
36515,"['use only the clinical note provided', 'do not include negated symptoms', 'do not infer or assume symptoms', 'output must be either', 'epigastric pain', 'nausea', 'gastroesophageal reflux disease gerd', 'n a']"
36652,"['use only the clinical note provided', 'do not include negated symptoms', 'do not infer or assume symptoms', 'output must be either', 'stomach pain', 'nausea', 'diarrhea']"
36668,"['use only the clinical note provided', 'do not include negated symptoms', 'do not infer or assume symptoms', 'output must be either', 'epigastrium pain burning nagging 5 18 pain for last 2 months associated w bloating nausea and darkened stool']"
36682,"['use only the clinical note provided', 'do not include negated symptoms', 'do not infer or assume symptoms', 'output must be either', 'burning eipgastric pain 2x per day for the past 2 months', 'stomach bloating during this period']"
36783,"['use only the clinical note provided', 'do not include negated symptoms', 'do not infer or assume symptoms', 'output must be either', 'midline epigastric pain', 'darkened stools', 'feeling of early satiety and bloating']"
36990,"['use only the clinical note provided', 'do not include negated symptoms', 'do not infer or assume symptoms', 'output must be either', 'nausea', 'melena', 'heart burn']"
37081,"['use only the clinical note provided', 'do not include negated symptoms', 'do not infer or assume symptoms', 'output must be either', 'no recent hospitalizations', 'epigastric pain', 'burning nawing pain', 'bloating', 'feeling full', 'nausea', 'dark stools', 'pain from work']"
37121,"['use only the clinical note provided', 'do not include negated symptoms', 'do not infer or assume symptoms', 'output must be either', 'pain in mid epigastric area', 'peptic ulcer disease']"
37140,"['use only the clinical note provided', 'do not include negated symptoms', 'do not infer or assume symptoms', 'output must be either', 'stomach pain', 'nausea', 'vomiting', 'dark stools', 'chest pain', 'palpitations', 'dypsnea']"
37186,"['use only the clinical note provided', 'do not include negated symptoms', 'do not infer or assume symptoms', 'output must be either', 'stomach distress', 'pain in epigastric region', 'pain in epsidic region', 'pain in lower abdomen', 'nausea', 'bloating', 'darkening of stool', 'pain in']"
37240,"['use only the clinical note provided', 'do not include negated symptoms', 'do not infer or assume symptoms', 'output must be either', 'reports experieincing burning sensation in epigastric mid-chest area', 'started 2 months ago with episodes occuring on weekly basis', 'over past week pain is worsening and becoming more frequent daily and is waking up patient from sleep', 'burning sensation episodes lasts 1-2 hours', 'denies associated with food intake', 'took tums which initially helped with symptoms but over the past week not as useful', 'burning sensation in epigastric mid-chest area', 'pain is worsening and becoming more frequent daily and is waking up patient from sleep']"
37417,"['use only the clinical note provided', 'do not include negated symptoms', 'do not infer or assume symptoms', 'output must be either', 'stomach pain', 'darkening of stool', 'proton pump inhibitor ppi daily', 'lifestyle changes avoid trigger foods maintain a healthy weight get regular exercise']"
37726,"['use only the clinical note provided', 'do not include negated symptoms', 'do not infer or assume symptoms', 'output must be either', '35 yo male with stomach pain', 'pain started 2 months ago no trigger or trauma to the area it has been increasing since that time', 'pain is located in epigastric region no radiation', 'tums used to help the pain but that has not helped recently nothing makes the pain worse no association with food', 'dull pain always 5 10', 'nausea no vomiting dark colored stools no changes in bowel habits no vomiting no dysuria or polyuria', 'pain comes and goes', 'no headache fever chest pain no reflux no diarrhea constipation', 'stomach pain']"
38061,"['use only the clinical note provided', 'do not include negated symptoms', 'do not infer or assume symptoms', 'output must be either', 'stomach pain', 'nausea', 'bloating']"
38075,"['use only the clinical note provided', 'do not include negated symptoms', 'do not infer or assume symptoms', 'output must be either', 'epigastic discomfort', 'pain 5 10 burning in nature', 'nausea', 'dark stools']"
38238,"['use only the clinical note provided', 'do not include negated symptoms', 'do not infer or assume symptoms', 'output must be either', 'pain in upper abdomen', 'burning sensation in upper abdomen', 'dark brown stools', 'nausea', 'bloating', 'decreased appetite', 'night time awakenings due to pain']"
38546,"['use only the clinical note provided', 'do not include negated symptoms', 'do not infer or assume symptoms', 'output must be either', 'pain', 'nausea', 'vomiting']"
38590,"['use only the clinical note provided', 'do not include negated symptoms', 'do not infer or assume symptoms', 'output must be either', 'abdominal distension', 'dark stool', 'pain', 'tums do not help']"
38597,"['use only the clinical note provided', 'do not include negated symptoms', 'do not infer or assume symptoms', 'output must be either', '5 10 burning duration 1-2hr freq 2times day intermittent pain better with tums in the past - worse with nothing not related to eating', 'poor appetite due to bloating sensation -bm 2 times day dark brown colored stool no particular odor', 'epigastric pain', 'burning', 'bloating sensation']"
38690,"['use only the clinical note provided', 'do not include negated symptoms', 'do not infer or assume symptoms', 'output must be either', 'epigastric pain', 'n v', 'deep gnawing pain', 'epigastric pain -']"
38842,"['use only the clinical note provided', 'do not include negated symptoms', 'do not infer or assume symptoms', 'output must be either', 'epigastric pain burning nawing like pain', 'nausea', 'gastroesophageal reflux disease gerd', 'antacids proton pump inhibitors lifestyle changes dietary changes anti-reflux medications surgery if necessary']"
39044,"['use only the clinical note provided', 'do not include negated symptoms', 'do not infer or assume symptoms', 'output must be either', 'stomach pain', 'nausea', 'black stool', 'gastroesophageal reflux disease gerd', 'antacids proton pump inhibitors ppis or other medications to reduce stomach acid and reduce heartburn', 'lifestyle changes such as avoiding trigger foods and eating smaller']"
39059,"['use only the clinical note provided', 'do not include negated symptoms', 'do not infer or assume symptoms', 'output must be either', 'epigastric pain', 'nausea', 'bloating', 'dark stools', 'belching', 'reflux', 'gastroesophageal reflux disease gerd', 'tums', 'probiotics', 'lifestyle changes diet exercise sleep']"
39149,"['use only the clinical note provided', 'do not include negated symptoms', 'do not infer or assume symptoms', 'output must be either', 'stomach pain', 'dark stools', 'back pain']"
39190,"['use only the clinical note provided', 'do not include negated symptoms', 'do not infer or assume symptoms', 'output must be either', 'pain in epigastric area', 'bloating', 'dark brown stool', 'gastroparesis', 'nothing specified in the note']"
39276,"['use only the clinical note provided', 'do not include negated symptoms', 'do not infer or assume symptoms', 'output must be either', 'abdominal pain', 'burning pain in the abdomen', 'nausea', 'bloating', 'fullness with meals']"
39338,"['use only the clinical note provided', 'do not include negated symptoms', 'do not infer or assume symptoms', 'output must be either', 'pain', 'nausea', 'dark stools', 'bloating']"
39350,"['use only the clinical note provided', 'do not include negated symptoms', 'do not infer or assume symptoms', 'output must be either', '5 10 burning gnawing pain in upper part of stomach that is not getting worse but is happening more frequently associated with nausea', 'happens randomly not associated with food intake', 'has taken tums which helped initially but has now stopped', 'noticed dark stools 2 weeks ago well formed stools no constipation or diarrhea', 'no aggravating sx', 'no changes in diet', 'epigastric pain', 'nausea', 'gastroesophageal reflux disease gerd', 'antacids to reduce acid production', 'proton pump inhibitors ppis to reduce acid production', 'lifestyle changes diet exercise smoking cessation']"
39449,"['use only the clinical note provided', 'do not include negated symptoms', 'do not infer or assume symptoms', 'output must be either', 'epigastrium pain', 'nausea', 'gastroesophageal reflux disease gerd', 'antacids to reduce acid production', 'prokinetics to stimulate bowel movements', 'lifestyle changes to improve gerd symptoms']"
39654,"['use only the clinical note provided', 'do not include negated symptoms', 'do not infer or assume symptoms', 'output must be either', 'nausea', 'stomach pain', 'motrin and tums']"
39665,"['use only the clinical note provided', 'do not include negated symptoms', 'do not infer or assume symptoms', 'output must be either', 'burning knawing type pain in the epigastric region', 'bloating', 'fullness', 'darker stool', 'nausea']"
39846,"['use only the clinical note provided', 'do not include negated symptoms', 'do not infer or assume symptoms', 'output must be either', 'nausea', 'feeling bloated after meals', 'stomach pain']"
39921,"['use only the clinical note provided', 'do not include negated symptoms', 'do not infer or assume symptoms', 'output must be either', 'pain', 'nausea', 'pain waking him from sleep', 'bloating', 'dark stools']"
40045,"['use only the clinical note provided', 'do not include negated symptoms', 'do not infer or assume symptoms', 'output must be either', 'nervousness']"
40085,"['use only the clinical note provided', 'do not include negated symptoms', 'do not infer or assume symptoms', 'output must be either', 'nervousness', 'decreased appetite', 'difficulty falling asleep', 'triggers in life']"
40139,"['use only the clinical note provided', 'do not include negated symptoms', 'do not infer or assume symptoms', 'output must be either', 'patient reports a few weeks of feeling anxious it was precipitated by changes in ther function at work she also takes care of sick mother and of her children', 'its getting worse and its constant its associated with difficulty to sleep no appetite', 'anxious', 'nervous', 'anxious about work', 'difficulty sleeping', 'loss of appetite', 'difficulty concentrating']"
40175,"['use only the clinical note provided', 'do not include negated symptoms', 'do not infer or assume symptoms', 'output must be either', 'sunday nights monday mornings anxiety', 'difficulty falling asleep esp sunday night', 'decreased appetite']"
40187,"['use only the clinical note provided', 'do not include negated symptoms', 'do not infer or assume symptoms', 'output must be either', 'loss of appetite', 'difficulty sleeping', 'feeling nervous']"
40426,"['use only the clinical note provided', 'do not include negated symptoms', 'do not infer or assume symptoms', 'output must be either', 'nervousness', 'decreased sleep', 'decreased appetite']"
40523,"['use only the clinical note provided', 'do not include negated symptoms', 'do not infer or assume symptoms', 'output must be either', 'anxiety', 'decreased appetite', 'difficulty falling asleep']"
40573,"['use only the clinical note provided', 'do not include negated symptoms', 'do not infer or assume symptoms', 'output must be either', 'nervousness', 'difficulty falling asleep', 'loss of appetite', 'headaches']"
40642,"['use only the clinical note provided', 'do not include negated symptoms', 'do not infer or assume symptoms', 'output must be either', 'nervousness', 'anxiety', 'sleep problems', 'decreased appetite', 'difficulty falling asleep', 'sleep disturbances', 'decreased exercise tolerance', 'headache', 'dizziness', 'weakness']"
40705,"['use only the clinical note provided', 'do not include negated symptoms', 'do not infer or assume symptoms', 'output must be either', 'anxiety', 'socializing problems', 'sleep problems']"
40923,"['use only the clinical note provided', 'do not include negated symptoms', 'do not infer or assume symptoms', 'output must be either', 'decreased appetite', 'difficulty falling asleep', 'decreased libido']"
40974,"['use only the clinical note provided', 'do not include negated symptoms', 'do not infer or assume symptoms', 'output must be either', 'anxiousness', 'overwhelmed', 'feeling overwhelmed', 'feeling stressed', 'feeling anxious']"
40984,"['use only the clinical note provided', 'do not include negated symptoms', 'do not infer or assume symptoms', 'output must be either', 'increased nervousness', 'decreased appetite on sun evening and mon morning', 'difficulty falling asleep', 'feeling overwhelmed']"
41021,"['use only the clinical note provided', 'do not include negated symptoms', 'do not infer or assume symptoms', 'output must be either', 'nervousness']"
41058,"['use only the clinical note provided', 'do not include negated symptoms', 'do not infer or assume symptoms', 'output must be either', 'the symptoms started 2 months ago suddenlly it is getting worse constant no alleviated or aggavated factors', 'she also c o increase of symptoms in the sunday evening when she has a apresentation in he school she has loss of energy difficulty to started sleep occasional headache', 'she denies sob diarrhea cold intolencace constipation tremors chest pain no suicidal toughts', 'nervousness', 'apresentation in school', 'loss of energy', 'difficulty to start sleep', 'headache']"
41065,"['use only the clinical note provided', 'do not include negated symptoms', 'do not infer or assume symptoms', 'output must be either', 'nervousness', 'overwhelmment', 'difficulty concentrating', 'difficulty sleeping']"
41067,"['use only the clinical note provided', 'do not include negated symptoms', 'do not infer or assume symptoms', 'output must be either', 'anxiety']"
41089,"['use only the clinical note provided', 'do not include negated symptoms', 'do not infer or assume symptoms', 'output must be either', 'difficulty falling asleep', 'difficulty maintaining sleep or early awakenings', 'stressors at home and at work', 'feeling safe at home']"
41130,"['use only the clinical note provided', 'do not include negated symptoms', 'do not infer or assume symptoms', 'output must be either', 'headaches']"
41281,"['use only the clinical note provided', 'do not include negated symptoms', 'do not infer or assume symptoms', 'output must be either', 'few weeks duration constantly feeling nervous progressively worsening over time', 'significant social stressors of being carer for elderly mother who lives with her also has recently started new job as lecturer', 'nervous feeling is worst on sunday nights monday morning prior to work', 'no panic attacks no mood changes just feels overwhelmed', 'los of appetite nausea with no loss of weight', 'loss of libido related to nervousness', 'no palpitations no hair skin changes no neck lumps no heat cold intolerance', 'nervousness', 'social anxiety', 'loss of appetite', 'nausea', 'loss of libido']"
41288,"['use only the clinical note provided', 'do not include negated symptoms', 'do not infer or assume symptoms', 'output must be either', 'nervousness', 'difficulty sleeping', 'feeling overwhelmed', 'difficulty concentrating', 'weight changes']"
41318,"['use only the clinical note provided', 'do not include negated symptoms', 'do not infer or assume symptoms', 'output must be either', 'nervousness', 'decreased appetite', 'difficulty starting sleep']"
41376,"['use only the clinical note provided', 'do not include negated symptoms', 'do not infer or assume symptoms', 'output must be either', 'nervousness', 'constant got worst when job required public speaking', 'difficulty getting to sleep']"
41401,"['use only the clinical note provided', 'do not include negated symptoms', 'do not infer or assume symptoms', 'output must be either', 'nervousness', 'sleep problems']"
41434,"['use only the clinical note provided', 'do not include negated symptoms', 'do not infer or assume symptoms', 'output must be either', 'feeling of nervousness', 'difficulty falling asleep', 'less interested in sex', 'appetite loss', 'stress at home', 'stress at']"
41658,"['use only the clinical note provided', 'do not include negated symptoms', 'do not infer or assume symptoms', 'output must be either', 'nervousness', 'difficulty falling asleep', 'difficulty concentrating']"
41685,"['use only the clinical note provided', 'do not include negated symptoms', 'do not infer or assume symptoms', 'output must be either', 'nervousness', 'generalized anxiety disorder', 'psychotherapy medication and lifestyle changes']"
41707,"['use only the clinical note provided', 'do not include negated symptoms', 'do not infer or assume symptoms', 'output must be either', 'she is under stress especially for increased workload in the last few weeks', 'decreased appetite and difficullty falling asleep however she sleeps at least 7 hours per night and has no nighttime awakenings', 'denies chest pain palpitations sob skin changes bowel changes', 'no weight changes fevers or night sweats no fatigue', 'nervousness', 'decreased appetite', 'difficulty falling asleep', 'chest pain none', 'palpitations none', 'sob none', 'skin changes none', 'bowel changes none']"
41775,"['use only the clinical note provided', 'do not include negated symptoms', 'do not infer or assume symptoms', 'output must be either', 'endorses anxiety all the time for the last few weeks', 'right before this she switched to teaching students from a research job', 'anxiety worst on sunday monday', 'associated with loss of appetite and insomnia', 'no panic attacks chest pain shortness of breath or palpitations', 'nervousness', 'loss of appetite', 'insomnia']"
41825,"['use only the clinical note provided', 'do not include negated symptoms', 'do not infer or assume symptoms', 'output must be either', 'nervousness', 'anxiety', 'loss of appetite', 'difficulty falling asleep', 'difficulty sleeping']"
41863,"['use only the clinical note provided', 'do not include negated symptoms', 'do not infer or assume symptoms', 'output must be either', 'nervousness', 'difficulty sleeping', 'difficulty getting to sleep', 'sleep that is good once she falls asleep']"
42031,"['use only the clinical note provided', 'do not include negated symptoms', 'do not infer or assume symptoms', 'output must be either', 'nervousness', 'stress', 'overwhelmed', 'difficulty sleeping', 'difficulty concentrating']"
42084,"['use only the clinical note provided', 'do not include negated symptoms', 'do not infer or assume symptoms', 'output must be either', 'nervous episodes', 'insomnia', 'hunger', 'weight loss']"
42113,"['use only the clinical note provided', 'do not include negated symptoms', 'do not infer or assume symptoms', 'output must be either', 'feeling nervousness', 'feeling stress', 'feeling anxious', 'feeling restless', 'feeling tired']"
42160,"['use only the clinical note provided', 'do not include negated symptoms', 'do not infer or assume symptoms', 'output must be either', 'nervousness', 'decreased appetite', 'difficulty falling asleep']"
42262,"['use only the clinical note provided', 'do not include negated symptoms', 'do not infer or assume symptoms', 'output must be either', 'started 3-4 weeks ago is constant and has not progressed', 'related to the stress in her life ie caring for mother children job', 'aggravated by public speaking', 'associated decreased sleep', 'nervousness']"
42273,"['use only the clinical note provided', 'do not include negated symptoms', 'do not infer or assume symptoms', 'output must be either', 'anxiety and over worry', 'difficulty falling asleep', 'difficulty waking up', 'fatigue', 'irritability', 'difficulty concentrating', 'decreased appetite', 'difficulty eating', 'constipation', 'diarrhea', 'feeling restless or on edge', 'feeling depressed', 'feeling anxious or stressed', 'feeling overwhelmed', 'feeling']"
42356,"['use only the clinical note provided', 'do not include negated symptoms', 'do not infer or assume symptoms', 'output must be either', 'feels nervous 24 7 has difficulty falling asleep sleeps 7hrs night', 'decreased appetite but forces herself to eat so has not lost weight', 'worse on sunday night mon morning when she has upcoming lessons for her job', 'support from husband but he is busy with work', 'denies palpitations chest heaviness dyspnea denies changes in hair or skin joint pain', 'has not tried anything to cope with stress yoga meditation', 'increased nervousness', 'difficulty falling asleep', 'decreased appetite', 'worsening on sunday night mon morning']"
42406,"['use only the clinical note provided', 'do not include negated symptoms', 'do not infer or assume symptoms', 'output must be either', 'palpitations', 'poor sleep', 'stress', 'palpitations - poor sleep - stress']"
42427,"['use only the clinical note provided', 'do not include negated symptoms', 'do not infer or assume symptoms', 'output must be either', 'nervousness', 'stress', 'sleep problems']"
42462,"['use only the clinical note provided', 'do not include negated symptoms', 'do not infer or assume symptoms', 'output must be either', 'lot on her plate - taking care of elderly mom two teenagers her work', 'feels nervous about everything in the past few weeks in business and personal life', 'difficulty sleeping and decreased appetite still pushing herself to eat', 'nothing seems to improve her situation cant place her finger on what may have caused increased nervousness as of lately', 'never had this in the past', 'no heart palpitations sweating shortness of breath nausea', 'nervousness', 'difficulty sleeping', 'decreased appetite']"
42499,"['use only the clinical note provided', 'do not include negated symptoms', 'do not infer or assume symptoms', 'output must be either', 'nervousness']"
42520,"['use only the clinical note provided', 'do not include negated symptoms', 'do not infer or assume symptoms', 'output must be either', 'pt reports that symptoms began after recent change in job description used to do research now giving lectures every monday considers this stressor also reports that pts mother is living with her and that this is very stressful for her', 'one week history of decreased appetite', 'pt reports that she has had difficulty falling asleep at night', 'pt 3 8 sigecaps difficults sleeping decreased appetite and psychomotor agitation- denies others', 'nervousness', 'decreased appetite', 'difficulty falling asleep', 'decreased sleep quality']"
42523,"['use only the clinical note provided', 'do not include negated symptoms', 'do not infer or assume symptoms', 'output must be either', 'started a few weeks ago', 'feels nervous all the time nothing improves this feeling but it is noticably worse on sunday evenings and monday mornings', 'changed job responsibilites about 1 month ago to include more lecturing and less research', 'additional symptoms include decreased appetite and difficulty falling asleep at night denies lying in bed worrying about things', 'denies chest pain palipations nausea vomiting abdominal pain diarrhea tremors unintentional weight loss', 'feeling of nervousness', 'decreased appetite', 'difficulty falling asleep']"
42528,"['use only the clinical note provided', 'do not include negated symptoms', 'do not infer or assume symptoms', 'output must be either', 'nervousness', 'difficulty falling asleep']"
42543,"['use only the clinical note provided', 'do not include negated symptoms', 'do not infer or assume symptoms', 'output must be either', 'nervousness', 'decreased appetite', 'difficulty sleeping']"
42574,"['use only the clinical note provided', 'do not include negated symptoms', 'do not infer or assume symptoms', 'output must be either', 'intermittent nervousness', 'decrease appetite', 'increase work load and caffeine intake', 'sleep disturbances 7 h d']"
42580,"['use only the clinical note provided', 'do not include negated symptoms', 'do not infer or assume symptoms', 'output must be either', 'it is constant worsens with thinking about her work', 'stressful for her job an english professor', 'difficulyt sleeping difficulty of satying asleep', 'appetite loss and coffeine taking', 'denies fever weight loss any chagnes in urinary or bowel habits', 'difficulty sleeping', 'appetite loss', 'fatigue']"
42625,"['use only the clinical note provided', 'do not include negated symptoms', 'do not infer or assume symptoms', 'output must be either', 'feeling of nervousness', 'feeling overwhelmed due to caring for aging mother and work responsibilities', 'difficulty falling asleep']"
42646,"['use only the clinical note provided', 'do not include negated symptoms', 'do not infer or assume symptoms', 'output must be either', 'nervousness', 'difficulty sleeping', 'decreased appetite']"
42700,"['use only the clinical note provided', 'do not include negated symptoms', 'do not infer or assume symptoms', 'output must be either', 'increased anxiety and feeling nervous all the time', 'difficulty falling asleep', 'decreased appetite']"
42726,"['use only the clinical note provided', 'do not include negated symptoms', 'do not infer or assume symptoms', 'output must be either', 'nervousness', 'difficulty eating', 'fatigue']"
42786,"['use only the clinical note provided', 'do not include negated symptoms', 'do not infer or assume symptoms', 'output must be either', 'nervousness', 'loss of appetite', 'difficulty concentrating']"
42802,"['use only the clinical note provided', 'do not include negated symptoms', 'do not infer or assume symptoms', 'output must be either', 'anxiety', 'anxiety disorder']"
42815,"['use only the clinical note provided', 'do not include negated symptoms', 'do not infer or assume symptoms', 'output must be either', 'feeling nervous', 'decreased appetite', 'difficulty falling asleep', 'decreased sex drive']"
42823,"['use only the clinical note provided', 'do not include negated symptoms', 'do not infer or assume symptoms', 'output must be either', 'nervousness', 'decreased appetite', 'difficulty sleeping', 'increased stressors', 'thoughts of harming self or others']"
42837,"['use only the clinical note provided', 'do not include negated symptoms', 'do not infer or assume symptoms', 'output must be either', 'nervousness', 'decreased appetite', 'difficulty falling asleep']"
42930,"['use only the clinical note provided', 'do not include negated symptoms', 'do not infer or assume symptoms', 'output must be either', 'nervousness']"
43003,"['use only the clinical note provided', 'do not include negated symptoms', 'do not infer or assume symptoms', 'output must be either', 'anxious', 'stressed', 'overwhelmed', 'sleep changes', 'decreased appetite', 'fever', 'chills', 'nausea', 'vomiting', 'skin changes', 'hair changes', 'cold heat sensitivity', 'numbness', 'dizziness', 'changes in bowel or urinary habits', 'sob']"
43054,"['use only the clinical note provided', 'do not include negated symptoms', 'do not infer or assume symptoms', 'output must be either', 'anxiety', 'decreased appetite', 'difficulty with sleep onset']"
43074,"['use only the clinical note provided', 'do not include negated symptoms', 'do not infer or assume symptoms', 'output must be either', 'nervousness', 'lack of appetite', 'difficulty falling asleep']"
43118,"['use only the clinical note provided', 'do not include negated symptoms', 'do not infer or assume symptoms', 'output must be either', 'nervousness', 'diminished appetite', 'difficulty falling asleep', 'headaches', 'heat intolerance']"
43241,"['use only the clinical note provided', 'do not include negated symptoms', 'do not infer or assume symptoms', 'output must be either', 'anxiety', 'work-related stress', 'headaches', 'difficulty sleeping', 'apetite changes']"
43252,"['use only the clinical note provided', 'do not include negated symptoms', 'do not infer or assume symptoms', 'output must be either', 'anxiety', 'work-related stress', 'headaches', 'sleep disturbances', 'anxiety disorder', 'psychotherapy medication lifestyle changes']"
43311,"['use only the clinical note provided', 'do not include negated symptoms', 'do not infer or assume symptoms', 'output must be either', 'anxiety', 'nervousness', 'palpitations', 'tremors', 'cp', 'sob']"
43368,"['use only the clinical note provided', 'do not include negated symptoms', 'do not infer or assume symptoms', 'output must be either', 'feeling overwhelmed', 'increased stressors at work', 'feeling increasingly overwhelmed by work requirements', 'decreased appetite', 'difficulty falling asleep', 'headaches']"
43451,"['use only the clinical note provided', 'do not include negated symptoms', 'do not infer or assume symptoms', 'output must be either', 'feeling overwhelmed', 'feeling stressed', 'difficulty falling asleep']"
43522,"['use only the clinical note provided', 'do not include negated symptoms', 'do not infer or assume symptoms', 'output must be either', 'constant nervousness', 'decrease in appetite', 'decrease in sex drive']"
43546,"['use only the clinical note provided', 'do not include negated symptoms', 'do not infer or assume symptoms', 'output must be either', 'nervousness', 'difficulty falling asleep', 'difficulty sleeping through the night', 'loss of appetite', 'increased stress']"
43574,"['use only the clinical note provided', 'do not include negated symptoms', 'do not infer or assume symptoms', 'output must be either', 'anxiety', 'overwhelm', 'fatigue', 'difficulty concentrating', 'difficulty falling asleep', 'decreased appetite', 'difficulty sleeping']"
43669,"['use only the clinical note provided', 'do not include negated symptoms', 'do not infer or assume symptoms', 'output must be either', 'internal nervousness', 'decreased hunger', 'difficulty sleeping']"
43693,"['use only the clinical note provided', 'do not include negated symptoms', 'do not infer or assume symptoms', 'output must be either', 'nervousness', 'sleep disturbance', 'anxiety', 'psychotherapy medication']"
43724,"['use only the clinical note provided', 'do not include negated symptoms', 'do not infer or assume symptoms', 'output must be either', 'anxiety', 'nervousness', 'anxiety about taking care of kids', 'anxiety about career', 'anxiety about taking care of mother', 'anxiety about taking care of kids on weekends', 'eating less', 'difficulty falling asleep', 'anxiety about taking']"
43819,"['use only the clinical note provided', 'do not include negated symptoms', 'do not infer or assume symptoms', 'output must be either', 'nervousness', 'difficulty falling asleep', 'decreased appetite', 'difficulty concentrating', 'feeling overwhelmed', 'feeling stressed', 'feeling tired']"
43912,"['use only the clinical note provided', 'do not include negated symptoms', 'do not infer or assume symptoms', 'output must be either', 'increased nervousness', 'decreased appetite', 'eye problems', 'increased sweating']"
44005,"['use only the clinical note provided', 'do not include negated symptoms', 'do not infer or assume symptoms', 'output must be either', 'feeling as if she is loosing her mind', 'difficulty falling asleep', 'decreased appetite']"
44028,"['use only the clinical note provided', 'do not include negated symptoms', 'do not infer or assume symptoms', 'output must be either', 'increased nervousness', 'difficulty falling asleep', 'increased anxiety']"
44061,"['use only the clinical note provided', 'do not include negated symptoms', 'do not infer or assume symptoms', 'output must be either', 'anxiety', 'anxious about parent family in laws and everyone', 'difficulty falling asleep', 'anxious about work environment']"
44247,"['use only the clinical note provided', 'do not include negated symptoms', 'do not infer or assume symptoms', 'output must be either', 'constant state of nervousness', 'high level of stress due to work family children', 'severe insomnia', 'decreased sexual activity', 'generalized anxiety disorder', 'psychotherapy medication and lifestyle changes']"
44254,"['use only the clinical note provided', 'do not include negated symptoms', 'do not infer or assume symptoms', 'output must be either', 'nervousness', 'decreased appetite', 'insomnia']"
44299,"['use only the clinical note provided', 'do not include negated symptoms', 'do not infer or assume symptoms', 'output must be either', 'feels nervous on sundays and mondays thinking about oncoming week no exacerbating or relieving factors constantly present progressively wrosening associated feeling of losing her mind and worrying about all her responsibilities at home and work', 'assocaited decrease in apetite and inability to fall asleep for a few weeks', 'increased intake of caffeine throughout the day', 'feels overwhelmed by responsibilities headache sometimes with reading', 'no palpitations weight changes urine problems mood changes', 'feeling nervous on sundays and mondays thinking about oncoming week', 'feeling overwhelmed by responsibilities', 'feeling anxious about her responsibilities at home and work']"
44328,"['use only the clinical note provided', 'do not include negated symptoms', 'do not infer or assume symptoms', 'output must be either', 'feeling of nervousness', 'overwhelmed taking care of family', 'difficulty concentrating', 'decreased appetite', 'shortness of breath']"
44364,"['use only the clinical note provided', 'do not include negated symptoms', 'do not infer or assume symptoms', 'output must be either', 'feeling supportive']"
44382,"['use only the clinical note provided', 'do not include negated symptoms', 'do not infer or assume symptoms', 'output must be either', 'nervousness', 'overwhelmed', 'anxiousness not limited to public speaking', 'difficulty falling asleep', 'decreased appetite']"
44390,"['use only the clinical note provided', 'do not include negated symptoms', 'do not infer or assume symptoms', 'output must be either', 'nervousness', 'anxiety', 'sleep problems']"
44391,"['use only the clinical note provided', 'do not include negated symptoms', 'do not infer or assume symptoms', 'output must be either', 'anxiety', 'decreased appetite', 'heat intolerance', 'palpitations', 'difficulty falling asleep', 'generalized anxiety disorder', 'psychotherapy medication lifestyle changes']"
44480,"['use only the clinical note provided', 'do not include negated symptoms', 'do not infer or assume symptoms', 'output must be either', 'nervousness', 'constanst pain', 'sleep problems']"
44534,"['use only the clinical note provided', 'do not include negated symptoms', 'do not infer or assume symptoms', 'output must be either', 'nervousness', 'feeling overwhelmed', 'decreased appetite', 'difficulty falling asleep', 'feeling sweaty or palpitating']"
44544,"['use only the clinical note provided', 'do not include negated symptoms', 'do not infer or assume symptoms', 'output must be either', 'headache', 'nausea', 'fever', 'racing heart', 'difficulty sleeping', 'vaginal dryness']"
44586,"['use only the clinical note provided', 'do not include negated symptoms', 'do not infer or assume symptoms', 'output must be either', 'constant nervousness', 'feeling like shes losing her mind a bit']"
44612,"['use only the clinical note provided', 'do not include negated symptoms', 'do not infer or assume symptoms', 'output must be either', 'nervous', 'headaches', 'decrease in appetite']"
44641,"['use only the clinical note provided', 'do not include negated symptoms', 'do not infer or assume symptoms', 'output must be either', 'nervousness', 'difficulty falling asleep', 'sleep disturbances']"
44815,"['use only the clinical note provided', 'do not include negated symptoms', 'do not infer or assume symptoms', 'output must be either', 'increased anxiety about multiple issues including family and work', 'difficulty falling asleep at night', 'increased life stressors with caring for her family and in laws']"
44844,"['use only the clinical note provided', 'do not include negated symptoms', 'do not infer or assume symptoms', 'output must be either', 'nervousness', 'reduced appetite', 'trouble falling asleep']"
44866,"['use only the clinical note provided', 'do not include negated symptoms', 'do not infer or assume symptoms', 'output must be either', 'nervousness', 'stressful', 'appietite loss', 'difficulty falling asleep', 'sweating']"
44921,"['use only the clinical note provided', 'do not include negated symptoms', 'do not infer or assume symptoms', 'output must be either', 'increased nervousness', 'consistent nervousness', 'increased nervousness on sunday evening and monday morning', 'blurry vision', 'dizziness', 'dry mouth', 'sob', 'cough', 'fever', 'chills', 'palpitations', 'chest pain', 'abdominal pain', 'change in urinary or bowel habits']"
44958,"['use only the clinical note provided', 'do not include negated symptoms', 'do not infer or assume symptoms', 'output must be either', 'nervousness', 'headache']"
45218,"['use only the clinical note provided', 'do not include negated symptoms', 'do not infer or assume symptoms', 'output must be either', 'non-stop nervousness', 'difficulty sleeping', 'affects every aspect of life', 'generalized anxiety disorder', 'psychotherapy cbt exposure therapy', 'medication fluoxetine escitalopram']"
45266,"['use only the clinical note provided', 'do not include negated symptoms', 'do not infer or assume symptoms', 'output must be either', 'nervousness', 'difficulty sleeping', 'stress', 'fatigue']"
45497,"['use only the clinical note provided', 'do not include negated symptoms', 'do not infer or assume symptoms', 'output must be either', 'constant increasing nervousness', 'restless sleep', 'loss of appetite', 'feeling overwhelmed']"
50072,"['use only the clinical note provided', 'do not include negated symptoms', 'do not infer or assume symptoms', 'output must be either', 'the events last 12-30 min are not assoc with anything particular no alleviating or aggrevating factors', 'she has assoc sob hot and then cold and clamy skin', 'recently had numbness of fingertips on both hands during palpitation event', 'palpitations', 'sob', 'hot and then cold and clamy skin', 'numbness of fingertips on both hands during palpitation event']"
50199,"['use only the clinical note provided', 'do not include negated symptoms', 'do not infer or assume symptoms', 'output must be either', 'palpitations', 'racing heart', 'sense of doom', 'hot and cold clammy skin', 'nausea', 'fatigue']"
50375,"['use only the clinical note provided', 'do not include negated symptoms', 'do not infer or assume symptoms', 'output must be either', 'palpitations', 'hot cold', 'clammy hands', 'tingling in fingers', 'nausea']"
50535,"['use only the clinical note provided', 'do not include negated symptoms', 'do not infer or assume symptoms', 'output must be either', 'sob', 'nausea', 'chest tightness', 'numbness of fingers']"
50541,"['use only the clinical note provided', 'do not include negated symptoms', 'do not infer or assume symptoms', 'output must be either', 'palpitations', 'racing heart', 'chest tightness', 'dyspnea', 'nausea']"
50571,"['use only the clinical note provided', 'do not include negated symptoms', 'do not infer or assume symptoms', 'output must be either', 'palpitations', 'bilateral numbness in the fingers']"
50574,"['use only the clinical note provided', 'do not include negated symptoms', 'do not infer or assume symptoms', 'output must be either', 'numbness in finger tips']"
50607,"['use only the clinical note provided', 'do not include negated symptoms', 'do not infer or assume symptoms', 'output must be either', 'shortness of breath', 'tight throat', 'nausea', 'feeling hot', 'palpitations', 'numbness of fingers']"
50615,"['use only the clinical note provided', 'do not include negated symptoms', 'do not infer or assume symptoms', 'output must be either', 'palpitations', 'numbness in hands']"
50877,"['use only the clinical note provided', 'do not include negated symptoms', 'do not infer or assume symptoms', 'output must be either', 'heart pounding', 'nausea', 'sob', 'throat tightness', 'hot flashes', 'clammy hands']"
50886,"['use only the clinical note provided', 'do not include negated symptoms', 'do not infer or assume symptoms', 'output must be either', 'palpitations', 'heart racing', 'sob', 'throat tightening', 'nausea', 'finger numbness', 'diaphoresis']"
50897,"['use only the clinical note provided', 'do not include negated symptoms', 'do not infer or assume symptoms', 'output must be either', 'clamminess', 'throat tightness', 'shortness of breath', 'nausea', '-clamminess', '-throat tightness', '-shortness of breath', '-nausea']"
50910,"['use only the clinical note provided', 'do not include negated symptoms', 'do not infer or assume symptoms', 'output must be either', 'palpitations', 'numb fingers', 'palpitations likely due to anxiety or stress']"
51040,"['use only the clinical note provided', 'do not include negated symptoms', 'do not infer or assume symptoms', 'output must be either', 'sob', 'throat closing in on her', 'hot to cold and clammy skin']"
51065,"['use only the clinical note provided', 'do not include negated symptoms', 'do not infer or assume symptoms', 'output must be either', 'finger numbness', 'throbbing', 'shortness of breath', 'shortness of bowel movements', 'cold and clammy skin']"
51250,"['use only the clinical note provided', 'do not include negated symptoms', 'do not infer or assume symptoms', 'output must be either', 'palpitations', 'nausea', 'vomiting', 'sweating', 'cold skin', 'chest pain', 'wheezing', 'diarrhea', 'tremor']"
51403,"['use only the clinical note provided', 'do not include negated symptoms', 'do not infer or assume symptoms', 'output must be either', 'previous similar episodes x 3wk 1-2 d episodes x 5y 2-3 month during college', 'denies assoc w stress currently under increased stress', 'no thoughts of anxiety loc dizziness bladder bowel complaints bodyaches skin changes difficulty adjusting to temperatures except in episodes', 'no changes in diet appetite weight balanced diet eating and drinking well', 'palpitations', 'sense of doom', 'dying sensation', 'numbness of the fingers', 'sob', 'throat tightness', 'nausea', 'warmness during episodes and cold and clammy after']"
51426,"['use only the clinical note provided', 'do not include negated symptoms', 'do not infer or assume symptoms', 'output must be either', 'heart pounding', 'nausea', 'coldness', 'clammyness', 'throat tightness', 'numb hands']"
51439,"['use only the clinical note provided', 'do not include negated symptoms', 'do not infer or assume symptoms', 'output must be either', 'palpitations', 'shortness of breath', 'feeling very hot then very cold', 'feeling nauseous', 'palpitations shortness of breath feeling very hot then very cold feeling nauseous']"
51454,"['use only the clinical note provided', 'do not include negated symptoms', 'do not infer or assume symptoms', 'output must be either', 'palpitations', 'shortness of breath', 'nausea', 'numbness of the fingers', 'tightness of the throat', 'feeling clammy']"
51475,"['use only the clinical note provided', 'do not include negated symptoms', 'do not infer or assume symptoms', 'output must be either', 'palpitations', 'numbness in fingers', 'hot and then cold and clammy afterwards', 'shortness of breath']"
51533,"['use only the clinical note provided', 'do not include negated symptoms', 'do not infer or assume symptoms', 'output must be either', 'began 5 years ago got worse 3 weeks ago happens1-2 times day lasts 15-30 mins', 'has numbness in her fingers sweats sob nausea', 'after the events she has difficulty concentrating and fells tired', 'denies vomits fever changes in mood weight changes dizzness changes in vision or hearing seizures loc', 'nothing makes it better or worse', 'impares daily lives activities', 'palpitations', 'numbness in her fingers', 'sweats', 'sob', 'nausea']"
51760,"['use only the clinical note provided', 'do not include negated symptoms', 'do not infer or assume symptoms', 'output must be either', 'the palpitations first began 5 years ago but increased in frequency in the past 3 weeks they now happen every 2 days or so and last 15-30 minutes', 'feels pounding of heart in chest associated with sob feelings of impending doom', 'nothing relieves the episodes patient just sits and waits it out', 'no identified triggers', 'heart pounding', 'sob', 'chest pain']"
51939,"['use only the clinical note provided', 'do not include negated symptoms', 'do not infer or assume symptoms', 'output must be either', 'palpitations', 'clammy fingers', 'throat tightening', 'sob', 'nausea']"
52051,"['use only the clinical note provided', 'do not include negated symptoms', 'do not infer or assume symptoms', 'output must be either', 'palpitations', 'shortness of breath', 'nausea', 'hot and clammy skin']"
52140,"['use only the clinical note provided', 'do not include negated symptoms', 'do not infer or assume symptoms', 'output must be either', 'palpitations']"
52317,"['use only the clinical note provided', 'do not include negated symptoms', 'do not infer or assume symptoms', 'output must be either', 'no excess caffeine use no reacreational drugs no intolerance to heat or cold no changes in the weigth appetite skin or hair changes', 'lost a job 2 months ago and worried about it no temporal relation with palpitations', 'no low mood decreased energy no suicidal tendencies', 'palpitations', 'nausea', 'tingling sensation in upper limbs', 'nausea and cold extremities']"
52323,"['use only the clinical note provided', 'do not include negated symptoms', 'do not infer or assume symptoms', 'output must be either', 'palpitations', 'numbness in fingers', 'fear of dying', 'throat tightness', 'shortness of breath and cold and clummy fingers', 'throat']"
52390,"['use only the clinical note provided', 'do not include negated symptoms', 'do not infer or assume symptoms', 'output must be either', 'palpitations', 'shortness of breath', 'tightness in the throat', 'nausea', 'feeling heat claminess']"
52512,"['use only the clinical note provided', 'do not include negated symptoms', 'do not infer or assume symptoms', 'output must be either', 'palpitations', 'numbness in fingers']"
52588,"['use only the clinical note provided', 'do not include negated symptoms', 'do not infer or assume symptoms', 'output must be either', 'palpitations', 'shortness of breath', 'panic disorder', 'psychotherapy medication and lifestyle changes']"
52661,"['use only the clinical note provided', 'do not include negated symptoms', 'do not infer or assume symptoms', 'output must be either', 'chest palpitations', 'sob', 'nausea', 'throat swelling', 'feeling something bad is going to happen']"
52714,"['use only the clinical note provided', 'do not include negated symptoms', 'do not infer or assume symptoms', 'output must be either', 'palpitations', 'nausea', 'warm sensations', 'throat tightness', 'sob during palpitation episodes', 'sense of impending doom', 'sense of']"
52745,"['use only the clinical note provided', 'do not include negated symptoms', 'do not infer or assume symptoms', 'output must be either', 'racing heart feeling as if she might die', 'feeling as if she might die', 'dyspnea', 'throat tightness', 'nausea', 'hot then cold', 'panic disorder']"
52835,"['use only the clinical note provided', 'do not include negated symptoms', 'do not infer or assume symptoms', 'output must be either', 'palpitations', 'nausea', 'shortness of breath']"
52874,"['use only the clinical note provided', 'do not include negated symptoms', 'do not infer or assume symptoms', 'output must be either', 'palpitations', 'nausea', 'hot and cold clammy skin', 'sensation that she is going to die', 'dyspnea']"
52890,"['use only the clinical note provided', 'do not include negated symptoms', 'do not infer or assume symptoms', 'output must be either', 'numbness in hands', 'shortness of breath', 'nausea', 'tight throat', 'hot and cold feelings']"
52910,"['use only the clinical note provided', 'do not include negated symptoms', 'do not infer or assume symptoms', 'output must be either', 'numbness in hands']"
52923,"['use only the clinical note provided', 'do not include negated symptoms', 'do not infer or assume symptoms', 'output must be either', 'palpitations']"
52932,"['use only the clinical note provided', 'do not include negated symptoms', 'do not infer or assume symptoms', 'output must be either', 'palpitations', 'heart pounding', 'sob', 'nausea', 'diaphoresis', 'impending doom', 'numb fingers']"
52979,"['use only the clinical note provided', 'do not include negated symptoms', 'do not infer or assume symptoms', 'output must be either', 'palpitations', 'numbness', 'fear of something bad happening', 'nausea', 'throat tightness', 'coldness hot flashes']"
53035,"['use only the clinical note provided', 'do not include negated symptoms', 'do not infer or assume symptoms', 'output must be either', 'pounding heart', 'shortness of breath', 'throat tightness', 'tingling sensation over palms and palms']"
53039,"['use only the clinical note provided', 'do not include negated symptoms', 'do not infer or assume symptoms', 'output must be either', 'palpitations', 'dyspnea', 'throat tightening', 'hot cold sensation', 'fatigue', 'confusion', 'hand numbness', 'bruising']"
53092,"['use only the clinical note provided', 'do not include negated symptoms', 'do not infer or assume symptoms', 'output must be either', 'chest pounding', 'clammy skin', 'tight throat', 'feeling anxious stressed']"
53129,"['use only the clinical note provided', 'do not include negated symptoms', 'do not infer or assume symptoms', 'output must be either', 'bilateral finger numbness', 'sob', 'throat tightness', 'nausea', 'hot cold intolerance']"
53152,"['use only the clinical note provided', 'do not include negated symptoms', 'do not infer or assume symptoms', 'output must be either', 'palpitations', 'heart pounding sensation', 'nausea', 'throat tightening', 'shortness of breath', 'hot cold clammy skin', 'feeling like shes going to die with heart pounding episodes']"
53161,"['use only the clinical note provided', 'do not include negated symptoms', 'do not infer or assume symptoms', 'output must be either', 'palpitations', 'chest pain', 'nausea', 'throat tightness', 'hot flashes alternating with feeling cold and clammy', 'tingling fingers']"
53327,"['use only the clinical note provided', 'do not include negated symptoms', 'do not infer or assume symptoms', 'output must be either', 'palpitations', 'nausea', 'sob', 'throat tightness', 'cold clamy skin']"
53373,"['use only the clinical note provided', 'do not include negated symptoms', 'do not infer or assume symptoms', 'output must be either', 'palpitations', 'shortness of breath', 'throat tightness', 'nausea', 'hot clammy feeling']"
53527,"['use only the clinical note provided', 'do not include negated symptoms', 'do not infer or assume symptoms', 'output must be either', 'palpitations', 'nausea', 'shortness of breath', 'subjective hot and cold feelings']"
53698,"['use only the clinical note provided', 'do not include negated symptoms', 'do not infer or assume symptoms', 'output must be either', 'hand numbness bl', 'feeling hot cold and clammy in the extremity', 'sob', 'nausea']"
53711,"['use only the clinical note provided', 'do not include negated symptoms', 'do not infer or assume symptoms', 'output must be either', 'palpitations', 'sob', 'throat tightness', 'nausea', 'hot then cold clamminess']"
53840,"['use only the clinical note provided', 'do not include negated symptoms', 'do not infer or assume symptoms', 'output must be either', 'palpiations', 'sob', 'tightening of throat', 'hot and cold', 'clamy', 'nausea', 'numbs fingers']"
53954,"['use only the clinical note provided', 'do not include negated symptoms', 'do not infer or assume symptoms', 'output must be either', 'palpitations', 'shortness of breath', 'nausea', 'throat tightness', 'cold clamminess', 'palpitations - the patient reports palpitations for 5 years but the last 3 weeks have been acutely worsening', 'shortness of breath - the patient reports']"
54131,"['use only the clinical note provided', 'do not include negated symptoms', 'do not infer or assume symptoms', 'output must be either', 'numbness in fingers', 'sob', 'throat tightening', 'nausea', 'feeling clammy']"
54207,"['use only the clinical note provided', 'do not include negated symptoms', 'do not infer or assume symptoms', 'output must be either', 'patients palpitations began 5 years ago with recent worsening starting about 3 weeks ago', 'recently these episodes have worsened and occur 1-2x per day episodes last 15-30 minutes', 'desribes epsiodes as pounding feeling in chest with increased heart rate and a feeling like i am about to die', 'episodes are assoc with sob nausea tightness in throat hot cold clamy feeling', 'she fears have another episode', 'endorses have many stressors in her life currently', 'denies cold or heat intolerance change in bowel movements change in sleep patterns worrying about other aspects of life weakness or nubmness currently also denies being sad or depressed', 'palpitations', 'chest pain', 'shortness of breath', 'nausea', 'throat tightness', 'hot cold clammy skin']"
54220,"['use only the clinical note provided', 'do not include negated symptoms', 'do not infer or assume symptoms', 'output must be either', 'palpitations', 'shortness of breath', 'nausea', 'hot', 'cold and clammy']"
54222,"['use only the clinical note provided', 'do not include negated symptoms', 'do not infer or assume symptoms', 'output must be either', 'sob', 'chest tightness', 'cold clammy', 'feeling hot during the episode', 'lack of concentration', 'stress']"
54226,"['use only the clinical note provided', 'do not include negated symptoms', 'do not infer or assume symptoms', 'output must be either', 'palpitations', 'numbness of fingers']"
54228,"['use only the clinical note provided', 'do not include negated symptoms', 'do not infer or assume symptoms', 'output must be either', 'finger numbing', 'nausea', 'shortness of breath', 'feeling cold and clammy', 'fear of impending doom']"
54323,"['use only the clinical note provided', 'do not include negated symptoms', 'do not infer or assume symptoms', 'output must be either', 'tight throat', 'difficulty breathing', 'hot and nauseous', 'cold and clammy skin']"
54341,"['use only the clinical note provided', 'do not include negated symptoms', 'do not infer or assume symptoms', 'output must be either', 'palpitations', 'finger nymbess', 'dyspnea']"
54459,"['use only the clinical note provided', 'do not include negated symptoms', 'do not infer or assume symptoms', 'output must be either', 'palpitations', 'numbness in fingers on both sides', 'tight throat feeling', 'sob']"
54511,"['use only the clinical note provided', 'do not include negated symptoms', 'do not infer or assume symptoms', 'output must be either', '5 year history of heart pounding that has recently increased in frequency over the past 3 weeks', 'in past 3 weeks occuring 1-2 times per day', 'no other episodes of finger numbness', 'patient endorses shortness of breath throat tightening nausea episodes of hot flushing followed by cold clammy feeling', 'patient denies menstrual changes prior episodes of hypoglycemia', 'palpatations', 'finger numbness']"
54517,"['use only the clinical note provided', 'do not include negated symptoms', 'do not infer or assume symptoms', 'output must be either', 'palpitations', 'sob', 'numbness in the fingers', 'nausea', 'feeling hot']"
54564,"['use only the clinical note provided', 'do not include negated symptoms', 'do not infer or assume symptoms', 'output must be either', 'palpation for 10-15 minutes then abates', 'stressful or worried symptoms worsen symptoms', 'rest', 'relaxation techniques', 'gentle exercise', 'avoid stress']"
54660,"['use only the clinical note provided', 'do not include negated symptoms', 'do not infer or assume symptoms', 'output must be either', 'heart racing', 'sob', 'nausea', 'cold and clammy skin']"
54791,"['use only the clinical note provided', 'do not include negated symptoms', 'do not infer or assume symptoms', 'output must be either', 'palpations', 'heart pounding', 'finger numbness', 'heart racing', 'breathing fast', 'tight throat', 'feeling slightly clammy']"
54804,"['use only the clinical note provided', 'do not include negated symptoms', 'do not infer or assume symptoms', 'output must be either', 'heart pounding', 'numbness in fingers bilaterally']"
54889,"['use only the clinical note provided', 'do not include negated symptoms', 'do not infer or assume symptoms', 'output must be either', 'first began 5 years ago but only once in a while then increased in frequency duration and severity 3 weeks ago', '3 weeks ago occured 1-2 times per day last 2 weeks has decreased to once every few days lasting 15-30 minutes', 'associated with sob throat tightening sense of worry hot cold and decreased ability to concentrate afterwards as well as fatigue afterwards', 'palpitations', 'sob', 'throat tightening', 'sense of worry', 'hot cold', 'decreased ability to concentrate', 'fatigue']"
54901,"['use only the clinical note provided', 'do not include negated symptoms', 'do not infer or assume symptoms', 'output must be either', 'numbness', 'claminess', 'coldness']"
54957,"['use only the clinical note provided', 'do not include negated symptoms', 'do not infer or assume symptoms', 'output must be either', 'palpitations', 'sob', 'nausea', 'tingling numbness']"
55009,"['use only the clinical note provided', 'do not include negated symptoms', 'do not infer or assume symptoms', 'output must be either', 'palpitations', 'anxiety', 'sob', 'throat tightness', 'rapid breathing', 'cold and clammy skin', 'fatigue', 'difficulty concentrating']"
55012,"['use only the clinical note provided', 'do not include negated symptoms', 'do not infer or assume symptoms', 'output must be either', 'palpitations', 'sob', 'throat tightening', 'nausea', 'hot then clammy skin']"
55035,"['use only the clinical note provided', 'do not include negated symptoms', 'do not infer or assume symptoms', 'output must be either', 'palpitations', 'tingling in the 10 fingers', 'shortness of breath', 'rapid breathing', 'throat tightening', 'hot and clammy skin']"
55060,"['use only the clinical note provided', 'do not include negated symptoms', 'do not infer or assume symptoms', 'output must be either', 'palpatations', 'shortness of breath', 'feeling clammy', 'nausea', 'feeling hot and cold']"
55083,"['use only the clinical note provided', 'do not include negated symptoms', 'do not infer or assume symptoms', 'output must be either', 'palpitations', 'sob', 'diaphoresis', 'throat tightness at rest']"
55117,"['use only the clinical note provided', 'do not include negated symptoms', 'do not infer or assume symptoms', 'output must be either', 'palpitations', 'sob', 'hot hands', 'cold hands', 'clammy hands', 'throat tightness', 'feeling hot', 'feeling cold', 'feeling like something bad is gonna happen', 'hyperthyroidism', 'thyroid hormone replacement therapy']"
55153,"['use only the clinical note provided', 'do not include negated symptoms', 'do not infer or assume symptoms', 'output must be either', 'palpitations', 'nausea', 'tight throat', 'cold clammy skin', 'numbness of fingers']"
55230,"['use only the clinical note provided', 'do not include negated symptoms', 'do not infer or assume symptoms', 'output must be either', 'palpitations', 'sob', 'throat tightness', 'feeling hot', 'nausea', 'numb fingers']"
55410,"['use only the clinical note provided', 'do not include negated symptoms', 'do not infer or assume symptoms', 'output must be either', 'palpitations', 'feeling of warmth', 'shortness of breath', 'sweating', 'numbness']"
55507,"['use only the clinical note provided', 'do not include negated symptoms', 'do not infer or assume symptoms', 'output must be either', 'palpitations', 'numbness in fingers', 'shortness of breath', 'nausea']"
55578,"['use only the clinical note provided', 'do not include negated symptoms', 'do not infer or assume symptoms', 'output must be either', 'palpitations', 'shortness of breath', 'nausea', 'feeling overheated', 'clammy and cold skin', 'feeling that she might die']"
55584,"['use only the clinical note provided', 'do not include negated symptoms', 'do not infer or assume symptoms', 'output must be either', 'over past 5 years has had intermittment epidoes where she feels like something bad is going to happen during these epidoes she feels like her heart is pounding out of her chest she halso has associated shortness of breath nausea and feeling like her throat is tightening', 'over the last 3 weeks epidoes are more freuqent ocurring once or twice day', '2 weeks ago an episode was associated w numbness in her fingers she went to the ed after this episode where she was found to have a normal cbc cmp cardiac enzymes ekg', 'worried about something being wrong no triggers not associated with time of day epidoes occur out of the blue', 'more stressed than usual lately bought a condo but then lost her job has support system and coping with reading relaxing', 'palpitations', 'shortness of breath', 'nausea', 'throat tightness']"
55601,"['use only the clinical note provided', 'do not include negated symptoms', 'do not infer or assume symptoms', 'output must be either', 'palpitations']"
55634,"['use only the clinical note provided', 'do not include negated symptoms', 'do not infer or assume symptoms', 'output must be either', 'racing heart', 'numb fingers', 'feeling of doom', 'sob', 'lump in throat', 'clammy skin', 'nausea']"
55825,"['use only the clinical note provided', 'do not include negated symptoms', 'do not infer or assume symptoms', 'output must be either', 'palpitaion or pounding in fingers', 'finger numbness']"
55853,"['use only the clinical note provided', 'do not include negated symptoms', 'do not infer or assume symptoms', 'output must be either', 'sob', 'throat tightness', 'tingling in hands and fingers', 'sob throat tightness tingling in hands and fingers']"
55923,"['use only the clinical note provided', 'do not include negated symptoms', 'do not infer or assume symptoms', 'output must be either', 'palpitations', 'clammy skin', 'nausea', 'dyspnea', 'sense of impending doom']"
55930,"['use only the clinical note provided', 'do not include negated symptoms', 'do not infer or assume symptoms', 'output must be either', 'shortness of breath', 'cold', 'clamy', 'nausea', 'heart race', 'tingling in fingers']"
55992,"['use only the clinical note provided', 'do not include negated symptoms', 'do not infer or assume symptoms', 'output must be either', 'palpitations', 'sob', 'throat tightness', 'nausea', 'hot then cold clammy', 'numbness of fingers']"
56372,"['use only the clinical note provided', 'do not include negated symptoms', 'do not infer or assume symptoms', 'output must be either', 'palpitations', 'numb fingers', 'sob', 'throat swelling', 'nausea', 'cold and clammy skin']"
56456,"['use only the clinical note provided', 'do not include negated symptoms', 'do not infer or assume symptoms', 'output must be either', 'palpitations', 'clammy hot throat tightening', 'sob', 'nausea']"
56517,"['use only the clinical note provided', 'do not include negated symptoms', 'do not infer or assume symptoms', 'output must be either', 'pounding feeling in the chest', 'nausea', 'sob cold and calmy with this episodes']"
56522,"['use only the clinical note provided', 'do not include negated symptoms', 'do not infer or assume symptoms', 'output must be either', 'shortness of breath', 'nausea', 'tightness in throat', 'cold and clammy skin']"
56535,"['use only the clinical note provided', 'do not include negated symptoms', 'do not infer or assume symptoms', 'output must be either', 'palpitations', 'nausea', 'narrowing of the throat', 'fatigue', 'difficulty concentrating']"
56642,"['use only the clinical note provided', 'do not include negated symptoms', 'do not infer or assume symptoms', 'output must be either', 'feeling of doom', 'heart racing and pounding', 'sob', 'throat tightness', 'nausea']"
56697,"['use only the clinical note provided', 'do not include negated symptoms', 'do not infer or assume symptoms', 'output must be either', 'racing heart', 'nausea', 'numbness in hands']"
56841,"['use only the clinical note provided', 'do not include negated symptoms', 'do not infer or assume symptoms', 'output must be either', 'sob', 'nausea', 'cold clamminess', 'throat tightening', 'fatigue', 'difficulty concentrating']"
57026,"['use only the clinical note provided', 'do not include negated symptoms', 'do not infer or assume symptoms', 'output must be either', 'palpitations', 'hot and cold flushes', 'nausea', 'sob', 'throat tightness']"
60004,"['use only the clinical note provided', 'do not include negated symptoms', 'do not infer or assume symptoms', 'output must be either', 'chest pain', 'fever', 'muscle pain']"
60020,"['use only the clinical note provided', 'do not include negated symptoms', 'do not infer or assume symptoms', 'output must be either', 'chest pain', 'nasal congestion', 'shortness of breath', 'asthma', 'asthma medication not specified in the note']"
60049,"['use only the clinical note provided', 'do not include negated symptoms', 'do not infer or assume symptoms', 'output must be either', 'chest pain', 'nasal congestion', 'fever', 'muscle aches']"
60056,"['use only the clinical note provided', 'do not include negated symptoms', 'do not infer or assume symptoms', 'output must be either', 'chest pain', 'shortness of breath', 'chest tightness', 'muscle aches']"
60059,"['use only the clinical note provided', 'do not include negated symptoms', 'do not infer or assume symptoms', 'output must be either', 'chest pain is substernal sharp without radiation pain is worse with deep breaths pain staryed yesterday morning and is constant and worsening tylenol and albuterol has not helped the pain first time having this type of pain does not feel like asthma attack', '3-4d ago had fever tm runny nose muscle aches sx have improved no sick contacts no cough no sore throat no nausea vomiting leg swelling no sob with exercion no smoking at home no feelins of anxiety no ear tugging mood is good', 'feel safe at home', 'no surgery', 'no tobacco social drinker social mj user', 'no sig fam hx', 'up 2 date on immunization', 'no recent travel hx', 'chest pain', 'fever', 'muscle aches']"
60078,"['use only the clinical note provided', 'do not include negated symptoms', 'do not infer or assume symptoms', 'output must be either', 'chest pain', 'local tenderness on left side of chest', 'tenderness on left side of chest that increases on palpation']"
60095,"['use only the clinical note provided', 'do not include negated symptoms', 'do not infer or assume symptoms', 'output must be either', 'chest pain', 'flu-like symptoms rhinorhea muscle aches fever', 'asthma', 'albuterol prn for exercise induced asthma and tylenol allergies - no']"
60111,"['use only the clinical note provided', 'do not include negated symptoms', 'do not infer or assume symptoms', 'output must be either', 'chest pain', 'shortness of breath', 'warm muscle aches and stuffy nose', 'asthma exacerbation', 'albuterol inhaler 2 puffs every 4 hours as needed', 'patient advised to avoid triggers which are things that worsen asthma symptoms']"
60116,"['use only the clinical note provided', 'do not include negated symptoms', 'do not infer or assume symptoms', 'output must be either', 'chest pain', 'stuffy nose', 'fever', 'muscle aches', 'pain on inspiration and movement']"
60121,"['use only the clinical note provided', 'do not include negated symptoms', 'do not infer or assume symptoms', 'output must be either', 'chest pain', 'nasal congestion', 'muscle aches']"
60160,"['use only the clinical note provided', 'do not include negated symptoms', 'do not infer or assume symptoms', 'output must be either', 'sharp l constant chest pain', 'stuffy nose', 'muscle aches']"
60173,"['use only the clinical note provided', 'do not include negated symptoms', 'do not infer or assume symptoms', 'output must be either', 'chest pain', 'muscle aches', 'stuffy nose']"
60203,"['use only the clinical note provided', 'do not include negated symptoms', 'do not infer or assume symptoms', 'output must be either', 'chest pain', 'asthma', 'albuterol inhaler']"
60229,"['use only the clinical note provided', 'do not include negated symptoms', 'do not infer or assume symptoms', 'output must be either', 'chest pain', 'sharp pain localized over the l side of the chest', 'breathing associated pain', 'pain that is relatively constant', 'stuffy nose', 'muscle aches']"
60235,"['use only the clinical note provided', 'do not include negated symptoms', 'do not infer or assume symptoms', 'output must be either', 'chest pain', 'stuffy nose', 'muscle aches']"
60247,"['use only the clinical note provided', 'do not include negated symptoms', 'do not infer or assume symptoms', 'output must be either', 'chest pain', 'fever', 'muscle aches']"
60248,"['use only the clinical note provided', 'do not include negated symptoms', 'do not infer or assume symptoms', 'output must be either', 'sharp pain on his left-mid upper chest', 'tylenol and albuterol have not helped']"
60266,"['use only the clinical note provided', 'do not include negated symptoms', 'do not infer or assume symptoms', 'output must be either', 'chest pain', 'nasal congestion rhinorrhea', 'body aches', 'subjective fever']"
60315,"['use only the clinical note provided', 'do not include negated symptoms', 'do not infer or assume symptoms', 'output must be either', 'chest pain', 'fever', 'shortness of breath']"
60319,"['use only the clinical note provided', 'do not include negated symptoms', 'do not infer or assume symptoms', 'output must be either', 'sharp and stabbing chest pain', 'stuffy nose', 'fever', 'muscle aches']"
60338,"['use only the clinical note provided', 'do not include negated symptoms', 'do not infer or assume symptoms', 'output must be either', 'chest pain', 'sharp stabbing pain', 'fever', 'body aches', 'fatigue']"
60341,"['use only the clinical note provided', 'do not include negated symptoms', 'do not infer or assume symptoms', 'output must be either', 'pain strated since yesterday while patient wokeup', 'pain is not radiating while sitting 5 10 - when moving pain worsens to 9 10', 'no sob headache cough palpitations', 'sharp acute chest pain']"
60342,"['use only the clinical note provided', 'do not include negated symptoms', 'do not infer or assume symptoms', 'output must be either', 'started yesterday sharp in quality nonprogressive constant nonradiating aggravated by deep breathing and movement relieved by nothing took tyelonol which did not help', 'reports having fever stuffy nose muscle ache for the past 3-4 days did not take anything for it', 'denies racing of heart sweating recent trauma appetite loss or weight loss bowel or bladder movemnt changes', 'chest pain', 'fever', 'muscle ache']"
60407,"['use only the clinical note provided', 'do not include negated symptoms', 'do not infer or assume symptoms', 'output must be either', '17yr male with l sided sharp chest pain with deep breaths also endorses stuffy nose and myalgias pain does not radiate and is a 4 10 at rest and 7 10 with deep breaths', 'tylenol does not help and albuterol inhaler has not helped sxs', 'pmh exercise-induced asthma never hospitalized no psh', 'med albuterol inhaler prn tylenol for pain nkda', 'ros neg except noted', 'chest pain', 'stuffy nose', 'myalgias', 'not provided in the context']"
60417,"['use only the clinical note provided', 'do not include negated symptoms', 'do not infer or assume symptoms', 'output must be either', 'chest pain', 'mild warmth', 'myalgia', 'stuffy nose']"
60421,"['use only the clinical note provided', 'do not include negated symptoms', 'do not infer or assume symptoms', 'output must be either', 'left sided chest pain', 'sharp 4 10 intensity', '7 10 intensity when breathing in deep', 'nasal congestion', 'fever', 'malaise']"
60466,"['use only the clinical note provided', 'do not include negated symptoms', 'do not infer or assume symptoms', 'output must be either', 'pain 8 or 9 10', 'nasal congestion', 'muscle aches']"
60469,"['use only the clinical note provided', 'do not include negated symptoms', 'do not infer or assume symptoms', 'output must be either', 'chest pain', 'nasal stuffines rhinorrhea', 'aggravated and triggered by sudden positional changes', 'deep breaths and alleviated by shallow breathing', 'fever', 'pneumonia', 'intravenous fluids', 'oxygen therapy', 'antibiotics', 'chest physiotherapy']"
60506,"['use only the clinical note provided', 'do not include negated symptoms', 'do not infer or assume symptoms', 'output must be either', 'began yesterday morning suddenly woke him up constant staying the same no previous episodes', 'left side no radiation 5 10 when sitting 8 10 when taking deep breath no trauma or injury sharp pain', 'has nasal congestion muscle ache and fever for 4 days', 'denies dyspnea nausea vomiting palpitation dizziness diaphoresis cough weight appetite sleeping changes sick contact night sweats', 'alleviated by nothing aggravated movement and deep breath', 'chest pain', 'nasal congestion', 'muscle ache', 'fever']"
60517,"['use only the clinical note provided', 'do not include negated symptoms', 'do not infer or assume symptoms', 'output must be either', 'sharp l sided pleuritic chest pain', 'congestion', 'rhinorrhea', 'muscle aches', 'subjective fevers']"
60564,"['use only the clinical note provided', 'do not include negated symptoms', 'do not infer or assume symptoms', 'output must be either', 'chest pain', 'fever', 'congestion', 'myalgias']"
60575,"['use only the clinical note provided', 'do not include negated symptoms', 'do not infer or assume symptoms', 'output must be either', 'chest pain', 'sharp and stabby pain', 'pain worse with deep breath and movement', 'relief with rest', 'asthma', 'albuterol inhaler']"
60585,"['use only the clinical note provided', 'do not include negated symptoms', 'do not infer or assume symptoms', 'output must be either', 'sharp l sided chest pain', 'stuffy nose', 'muscle aches']"
60619,"['use only the clinical note provided', 'do not include negated symptoms', 'do not infer or assume symptoms', 'output must be either', 'sharp chest pain', 'shortness of breath', 'warm stuffy nose', 'muscle aches']"
60620,"['use only the clinical note provided', 'do not include negated symptoms', 'do not infer or assume symptoms', 'output must be either', 'left chest pain sharp 5 10 at rest 9 10 during deep inspiration']"
60654,"['use only the clinical note provided', 'do not include negated symptoms', 'do not infer or assume symptoms', 'output must be either', 'chest pain', 'muscle aches', 'stuffy nose', 'subjective fever']"
60664,"['use only the clinical note provided', 'do not include negated symptoms', 'do not infer or assume symptoms', 'output must be either', 'chest pain', 'localized pain in chest', 'pain that worsens with deep breathing', 'myocardial infarction']"
60666,"['use only the clinical note provided', 'do not include negated symptoms', 'do not infer or assume symptoms', 'output must be either', 'started suddenly stay the same sharp not radiating incrseae by movements and deep brathing alleviated by tylenol', 'associated with fever 100 f', 'has stuffiness of nose and muscle aches 4 days ago', 'denies cough sob palpitations dizziness urine weight bowel habits changes similar pain before', 'ros as in hpi', 'pain', 'stuffiness of nose and muscle aches']"
60671,"['use only the clinical note provided', 'do not include negated symptoms', 'do not infer or assume symptoms', 'output must be either', 'chest pain', 'deep breathing', 'muscle aches', 'nasal congestions', 'subjective fevers']"
60699,"['use only the clinical note provided', 'do not include negated symptoms', 'do not infer or assume symptoms', 'output must be either', 'chest pain', 'sharp pain first 5-6 10 but now is getting worse 7-9 10 in severity', 'pain is worse with movements and deep breathing']"
60700,"['use only the clinical note provided', 'do not include negated symptoms', 'do not infer or assume symptoms', 'output must be either', 'chest pain', 'fever', 'muscle aches', 'stuffy nose']"
60702,"['use only the clinical note provided', 'do not include negated symptoms', 'do not infer or assume symptoms', 'output must be either', 'chest pain', 'fever', 'runny nose with yellow mucous', 'muscle pain']"
60749,"['use only the clinical note provided', 'do not include negated symptoms', 'do not infer or assume symptoms', 'output must be either', 'sharp cp', 'warmth', 'stuffy nose', 'muscle aches']"
60757,"['use only the clinical note provided', 'do not include negated symptoms', 'do not infer or assume symptoms', 'output must be either', 'sharp chest pain every time he breathes', 'pain located in upper left chest wall', 'pain is not relieved by tylenol or albuterol']"
60770,"['use only the clinical note provided', 'do not include negated symptoms', 'do not infer or assume symptoms', 'output must be either', 'sharp chest pain', 'fever', 'nasal stuffiness', 'malaise', 'asthma', 'albuterol inhaler every 4 hours as needed', 'regular exercise', 'monitor for worsening symptoms']"
60792,"['use only the clinical note provided', 'do not include negated symptoms', 'do not infer or assume symptoms', 'output must be either', 'chest pain', 'sharp stabbing pain that worsens with inspiration', 'warm but denies fever chills nights sweats sob or palpiations']"
60798,"['use only the clinical note provided', 'do not include negated symptoms', 'do not infer or assume symptoms', 'output must be either', 'chest pain', 'fever', 'stuffy nose', 'muscle aches']"
60802,"['use only the clinical note provided', 'do not include negated symptoms', 'do not infer or assume symptoms', 'output must be either', 'chest pain', 'fever', 'stuffy nose', 'muscle aches']"
60827,"['use only the clinical note provided', 'do not include negated symptoms', 'do not infer or assume symptoms', 'output must be either', 'chest pain', 'sharp non-radiating', 'exacerbated by deep inspiration and movement', 'albuterol as needed']"
60867,"['use only the clinical note provided', 'do not include negated symptoms', 'do not infer or assume symptoms', 'output must be either', 'chest pain', 'breething', 'painful palpation of left center chest', 'runny nose', 'muscle aches', 'fever chills night sweats']"
60911,"['use only the clinical note provided', 'do not include negated symptoms', 'do not infer or assume symptoms', 'output must be either', 'chest pain', 'stuffy runny nose', 'muscle aches', 'subjective fever']"
60913,"['use only the clinical note provided', 'do not include negated symptoms', 'do not infer or assume symptoms', 'output must be either', 'sharp pain 5 10 at rest but reaching 8-9 10 on inspiration', 'stuffy nose', 'muscle aches', 'sharp pain 5 10 at rest but reaching 8-9 10']"
60922,"['use only the clinical note provided', 'do not include negated symptoms', 'do not infer or assume symptoms', 'output must be either', 'sharp sudden onset', 'constant', 'aggravated by deep breath and movement', 'alleviated by sitting still']"
60941,"['use only the clinical note provided', 'do not include negated symptoms', 'do not infer or assume symptoms', 'output must be either', 'sharp stabbing pain in the left chain', 'pain that occurs in his left chain that is worse with movement and deep breathing', 'pain is a 5 10 at rest and a 8 10 with movement']"
60951,"['use only the clinical note provided', 'do not include negated symptoms', 'do not infer or assume symptoms', 'output must be either', 'chest pain', 'nasal congestion', 'muscle aches']"
60955,"['use only the clinical note provided', 'do not include negated symptoms', 'do not infer or assume symptoms', 'output must be either', 'sharp pain in the left side of the chest', 'warm sensation in the chest', 'stuffy nose', 'muscle aches']"
60962,"['use only the clinical note provided', 'do not include negated symptoms', 'do not infer or assume symptoms', 'output must be either', 'left chest pain', 'sharp mild-intensity constant and without further progression', 'nasal congestion', 'upper tract respiratory infection 4 days ago', 'warm']"
60977,"['use only the clinical note provided', 'do not include negated symptoms', 'do not infer or assume symptoms', 'output must be either', 'chest pain', 'stuffy nose', 'muscle aches', 'fever', 'asthma', 'asthma medication']"
60998,"['use only the clinical note provided', 'do not include negated symptoms', 'do not infer or assume symptoms', 'output must be either', 'chest pain', 'fever', 'nasal stuffiness', 'myalgia']"
61003,"['use only the clinical note provided', 'do not include negated symptoms', 'do not infer or assume symptoms', 'output must be either', 'chest pain', 'nasal congestion', 'muscle ache', 'fever', 'asthma', 'asthma medication']"
61018,"['use only the clinical note provided', 'do not include negated symptoms', 'do not infer or assume symptoms', 'output must be either', 'chest pain', 'stuffy nose', 'muscle ache']"
61054,"['use only the clinical note provided', 'do not include negated symptoms', 'do not infer or assume symptoms', 'output must be either', 'sharp chest pain', 'rhinorrhea', 'myalgia']"
61080,"['use only the clinical note provided', 'do not include negated symptoms', 'do not infer or assume symptoms', 'output must be either', 'sharp pain in the left side of the chest', 'nasal stuffiness', 'muscle aches', 'sob on exertion', 'asthma', 'asthma medication not mentioned in the clinical note']"
61086,"['use only the clinical note provided', 'do not include negated symptoms', 'do not infer or assume symptoms', 'output must be either', 'chest pain', 'sharp stabbing pain', 'fever', 'stuffy nose', 'flu-like symptoms', 'acute chest pain', 'not provided in the context']"
61125,"['use only the clinical note provided', 'do not include negated symptoms', 'do not infer or assume symptoms', 'output must be either', 'chest pain', 'warm', 'runny nose', 'muscle aches']"
61146,"['use only the clinical note provided', 'do not include negated symptoms', 'do not infer or assume symptoms', 'output must be either', 'sharp and constant l chest pain', 'nasal congestion', 'muscle aches']"
61152,"['use only the clinical note provided', 'do not include negated symptoms', 'do not infer or assume symptoms', 'output must be either', 'chest pain', 'fever', 'chest pain with deep breath and movement', 'runny nose', 'cough', 'wheeze']"
61164,"['use only the clinical note provided', 'do not include negated symptoms', 'do not infer or assume symptoms', 'output must be either', 'muscle ache stuffy nose and fever x 3 to 4 days', 'constant chest pain']"
61185,"['use only the clinical note provided', 'do not include negated symptoms', 'do not infer or assume symptoms', 'output must be either', 'chest pain', 'muscle aches', 'stuffy nose']"
61205,"['use only the clinical note provided', 'do not include negated symptoms', 'do not infer or assume symptoms', 'output must be either', 'left chest pain', 'sharp in character', 'non-radiating', 'not alleviated by anything', 'exacerbated by deep breathing and moving']"
61218,"['use only the clinical note provided', 'do not include negated symptoms', 'do not infer or assume symptoms', 'output must be either', 'chest pain', 'shortness of breath', 'muscle aches']"
61232,"['use only the clinical note provided', 'do not include negated symptoms', 'do not infer or assume symptoms', 'output must be either', 'chest pain', 'runny nose', 'muscle ache']"
61244,"['use only the clinical note provided', 'do not include negated symptoms', 'do not infer or assume symptoms', 'output must be either', 'chest pain', 'fever', 'nasal congestion', 'muscle aches']"
61289,"['use only the clinical note provided', 'do not include negated symptoms', 'do not infer or assume symptoms', 'output must be either', 'sharp chest pain', 'stuffy nose', 'muscle pains']"
61357,"['use only the clinical note provided', 'do not include negated symptoms', 'do not infer or assume symptoms', 'output must be either', 'chest pain', 'nasal stuffiness', 'body aches', 'fever', 'asthma', 'asthma medication']"
61361,"['use only the clinical note provided', 'do not include negated symptoms', 'do not infer or assume symptoms', 'output must be either', 'chest pain', 'nasal congestion', 'muscle aches']"
61407,"['use only the clinical note provided', 'do not include negated symptoms', 'do not infer or assume symptoms', 'output must be either', 'left sided chest pain', 'feeling warm for last few days', 'rumbling nose and muscle ache few days back', 'feeling pain yesterday', 'exercise-induced asthma', 'inhalation albuterol as required']"
61414,"['use only the clinical note provided', 'do not include negated symptoms', 'do not infer or assume symptoms', 'output must be either', 'sharp pleuritic l sided chest pain', 'stuffy nose', 'muscle aches', 'warm but not chills night sweats sob orthopnea abd pain nausea vomiting blood in stool constipation diarrhea or numbness or tingling']"
61436,"['use only the clinical note provided', 'do not include negated symptoms', 'do not infer or assume symptoms', 'output must be either', 'chest pain', 'stuffy nose', 'muscle aches', 'feeling warm']"
61445,"['use only the clinical note provided', 'do not include negated symptoms', 'do not infer or assume symptoms', 'output must be either', 'sharp l sided cp', 'viral uri', 'fever', 'abdominal pain', 'joint pain', 'diarrhea']"
61482,"['use only the clinical note provided', 'do not include negated symptoms', 'do not infer or assume symptoms', 'output must be either', 'sharp pain in the left lower abdomen', 'pain that is always there not progressive aggravated by deep breathing and movement alleviated by rest', 'pain is not radiating', 'acute abdomen pain', 'not provided in the context']"
61497,"['use only the clinical note provided', 'do not include negated symptoms', 'do not infer or assume symptoms', 'output must be either', 'sharp pain in the chest', 'pain when taking a deep breath', 'pleuritic chest pain', 'not provided in the context']"
61548,"['use only the clinical note provided', 'do not include negated symptoms', 'do not infer or assume symptoms', 'output must be either', 'chest pain', 'nasal congestion', 'subjective fevers', 'muscle aches']"
61552,"['use only the clinical note provided', 'do not include negated symptoms', 'do not infer or assume symptoms', 'output must be either', 'chest pain', 'shortness of breath', 'muscle aches', 'chest pain -']"
61556,"['use only the clinical note provided', 'do not include negated symptoms', 'do not infer or assume symptoms', 'output must be either', 'sharp chest pain', 'pleuritic pain', 'worsening with movement', 'improving with leaning forward', 'no relief with tylanol or albuterol inhaler']"
61591,"['use only the clinical note provided', 'do not include negated symptoms', 'do not infer or assume symptoms', 'output must be either', 'sharp constant nonradiating exacerbated by movements and taking deep breath alleviated by nothing']"
61642,"['use only the clinical note provided', 'do not include negated symptoms', 'do not infer or assume symptoms', 'output must be either', 'chest pain', 'difficulty with movement', 'pain on inspiration']"
61643,"['use only the clinical note provided', 'do not include negated symptoms', 'do not infer or assume symptoms', 'output must be either', 'chest pain', 'nasal congestion']"
61656,"['use only the clinical note provided', 'do not include negated symptoms', 'do not infer or assume symptoms', 'output must be either', 'deep chest pain in the left upper quadrant', 'warm and runny nose for 3-4 days', 'albuterol 2 puffs every 4 hours as needed', 'tylenol for pain relief']"
61657,"['use only the clinical note provided', 'do not include negated symptoms', 'do not infer or assume symptoms', 'output must be either', 'sharp chest pain', 'stuffy nose', 'muscleache', 'worsening pain with deep breath']"
61659,"['use only the clinical note provided', 'do not include negated symptoms', 'do not infer or assume symptoms', 'output must be either', 'chest pain', 'stuffy nose', 'muscle aches']"
61663,"['use only the clinical note provided', 'do not include negated symptoms', 'do not infer or assume symptoms', 'output must be either', 'sharp chest pain', 'localized pain to left upper chest', 'no radiation of pain', 'recent uri 3-4 days ago with congestion and myalgias']"
61668,"['use only the clinical note provided', 'do not include negated symptoms', 'do not infer or assume symptoms', 'output must be either', 'sharp left sided chest pain', 'pain that is worse with deep breathing and movement', 'no other symptoms reported by the patient']"
61673,"['use only the clinical note provided', 'do not include negated symptoms', 'do not infer or assume symptoms', 'output must be either', 'chest pain', 'decreased range of motion in the left arm']"
61718,"['use only the clinical note provided', 'do not include negated symptoms', 'do not infer or assume symptoms', 'output must be either', 'sharp stabbing chest pain', 'stuffy nose', 'muscle aches']"
61738,"['use only the clinical note provided', 'do not include negated symptoms', 'do not infer or assume symptoms', 'output must be either', 'chest pain', 'stuffy nose', 'muscle ache']"
61747,"['use only the clinical note provided', 'do not include negated symptoms', 'do not infer or assume symptoms', 'output must be either', 'chest pain', 'sharp and non radiating pain', 'stuffy nose', 'body aches']"
61761,"['use only the clinical note provided', 'do not include negated symptoms', 'do not infer or assume symptoms', 'output must be either', 'chest pain', 'muscle aches', 'fever']"
61765,"['use only the clinical note provided', 'do not include negated symptoms', 'do not infer or assume symptoms', 'output must be either', 'chest pain', 'fever', 'stuffy nose', 'muscle ache']"
61768,"['use only the clinical note provided', 'do not include negated symptoms', 'do not infer or assume symptoms', 'output must be either', 'chest pain', 'runny nose', 'muscle aches']"
70087,"['use only the clinical note provided', 'do not include negated symptoms', 'do not infer or assume symptoms', 'output must be either', 'started 6 m ago lmp 2 m ago has menorrhagea', 'before 6 m cycles were regular 3-4 d m g0p0 no hot flashes no vaginal discharge', 'sex active with boyfriend no contraception wants to be pregnant', '10-15 p last months', 'no n v change in bowel habits urination', 'dysregularities in menstrual cycle', 'menorrhagia']"
70163,"['use only the clinical note provided', 'do not include negated symptoms', 'do not infer or assume symptoms', 'output must be either', 'heavy bleeding requiring frequent tampon changes', 'irregular menstrual cycle with longer than average intervals between periods', 'heavy menstrual bleeding']"
70221,"['use only the clinical note provided', 'do not include negated symptoms', 'do not infer or assume symptoms', 'output must be either', 'since 6 mos ago no ppt factors needs to change pads few hrs heavier in first day no dysmenorrhea lmp 2 mos ago', 'associated w black pigmentations in hands and neck 1 yrs gain 10-15 lbs 6 mos feeling fatigue because pt has 2 kids to take care', 'denial cold heat intilerance swellings depressed mood anhedonis skin hair changes acne breast tenderness vision changes nausea vomiting', 'irregular and heavy period 6 mos', 'black pigmentations in hands and neck 1 yrs', 'fatigue because pt has 2 kids to take care']"
70243,"['use only the clinical note provided', 'do not include negated symptoms', 'do not infer or assume symptoms', 'output must be either', 'heavy menses', 'darkening of skin on hands and neck for past year', 'infertility']"
70255,"['use only the clinical note provided', 'do not include negated symptoms', 'do not infer or assume symptoms', 'output must be either', 'irregular menstrual cycles', 'heavy bleeding', 'increased weight gain', 'fatigue']"
70276,"['use only the clinical note provided', 'do not include negated symptoms', 'do not infer or assume symptoms', 'output must be either', 'fatigue', 'weight gain', 'heavy and longer periods', 'not provided in the context']"
70332,"['use only the clinical note provided', 'do not include negated symptoms', 'do not infer or assume symptoms', 'output must be either', 'heavy menstrual flow', 'increased frequency of pad changes', 'painful periods', 'hair loss']"
70399,"['use only the clinical note provided', 'do not include negated symptoms', 'do not infer or assume symptoms', 'output must be either', 'abnormal menses', 'fatigue', 'weight gain', 'pcos polycystic ovary syndrome']"
70412,"['use only the clinical note provided', 'do not include negated symptoms', 'do not infer or assume symptoms', 'output must be either', 'irregular periods', 'cramping', 'endometriosis', 'no specific treatment for endometriosis but management of symptoms']"
70442,"['use only the clinical note provided', 'do not include negated symptoms', 'do not infer or assume symptoms', 'output must be either', 'heavy menses', 'dark spots on skin', 'fatigue', 'weight gain', 'abdominal pain', 'changes in stool caliber', 'bowel movement', 'nausea vomiting', 'changes in breast']"
70445,"['use only the clinical note provided', 'do not include negated symptoms', 'do not infer or assume symptoms', 'output must be either', 'irregular heavy and painful periods for the past 6 months', 'dyspareunia', 'painful defecation', 'changes in bladder habits']"
70507,"['use only the clinical note provided', 'do not include negated symptoms', 'do not infer or assume symptoms', 'output must be either', 'heavy menstrual flow', 'fatigue', 'weight gain', 'heavy menstrual bleeding', 'no specific treatment mentioned in the clinical note']"
70511,"['use only the clinical note provided', 'do not include negated symptoms', 'do not infer or assume symptoms', 'output must be either', 'irregular heavy periods', 'skin discoloration on the back of her neck', 'skin discoloration on the knuckles of her hands']"
70551,"['use only the clinical note provided', 'do not include negated symptoms', 'do not infer or assume symptoms', 'output must be either', 'heavy menstrual bleeding', 'vaginal discharge', 'heavy menstrual bleeding due to uterine fibroids', 'hysterectomy to remove uterine fibroids']"
70616,"['use only the clinical note provided', 'do not include negated symptoms', 'do not infer or assume symptoms', 'output must be either', 'irregular periods for 6 monts', 'heavy bleeding', 'change tampons every 3 h on first day']"
70730,"['use only the clinical note provided', 'do not include negated symptoms', 'do not infer or assume symptoms', 'output must be either', 'fatigue', 'heavy periods']"
70749,"['use only the clinical note provided', 'do not include negated symptoms', 'do not infer or assume symptoms', 'output must be either', 'irregular menstrual bleeding', 'heavy menses', 'weight gain 15 lbs in 6 months']"
70786,"['use only the clinical note provided', 'do not include negated symptoms', 'do not infer or assume symptoms', 'output must be either', 'heavy menses', 'weight gain of 10 pounds in the past year']"
70792,"['use only the clinical note provided', 'do not include negated symptoms', 'do not infer or assume symptoms', 'output must be either', 'heavy menstrual bleeding', 'weight gain', 'rashes on neck and fingers', 'not provided in the context']"
70847,"['use only the clinical note provided', 'do not include negated symptoms', 'do not infer or assume symptoms', 'output must be either', 'heavy bleeding on the first day of her period', 'cramping', 'skin discolouration on 2nd and l neck', 'fatigue']"
70929,"['use only the clinical note provided', 'do not include negated symptoms', 'do not infer or assume symptoms', 'output must be either', 'heavy menstrual bleeding', 'dark velvety rash bilateral knuckels and left side of neck', 'endometriosis', 'surgery to remove endometriosis']"
70939,"['use only the clinical note provided', 'do not include negated symptoms', 'do not infer or assume symptoms', 'output must be either', 'heavy bleeding that is continous and intermittently without any pattern']"
71014,"['use only the clinical note provided', 'do not include negated symptoms', 'do not infer or assume symptoms', 'output must be either', 'heavy periods', 'vaginal dryness', 'weight gain', 'heavy menstrual bleeding', 'hormonal contraceptives']"
71031,"['use only the clinical note provided', 'do not include negated symptoms', 'do not infer or assume symptoms', 'output must be either', 'heavy periods', 'rash on fingers and face for past year']"
71194,"['use only the clinical note provided', 'do not include negated symptoms', 'do not infer or assume symptoms', 'output must be either', 'irregular periods', 'heavy bleeding', 'painful periods', 'difficulty getting pregnant', 'endometriosis']"
71205,"['use only the clinical note provided', 'do not include negated symptoms', 'do not infer or assume symptoms', 'output must be either', 'heavy menses', 'frequent need to change pads', 'hormonal contraceptives to control bleeding']"
71213,"['use only the clinical note provided', 'do not include negated symptoms', 'do not infer or assume symptoms', 'output must be either', 'irregular periods', 'decreased energy', 'darkening of the skin around the knuckles and back of the neck']"
71235,"['use only the clinical note provided', 'do not include negated symptoms', 'do not infer or assume symptoms', 'output must be either', 'irregular periods since 6 months', 'heavy bleeding during periods', 'menarche at 12 years of age', 'pigmentation in neck region', 'no bowel habits', 'no vomiting']"
71344,"['use only the clinical note provided', 'do not include negated symptoms', 'do not infer or assume symptoms', 'output must be either', 'irregular periods for the past 6 months', 'heavy menstrual bleeding requiring frequent tampon changes', 'vaginal dryness and pain during intercourse', 'infertility issues for the past 9 years']"
71432,"['use only the clinical note provided', 'do not include negated symptoms', 'do not infer or assume symptoms', 'output must be either', 'irregular periods', 'weight gain', 'acanthosis nigricans in arms and neck', 'endometriosis', 'endometrictomy']"
71449,"['use only the clinical note provided', 'do not include negated symptoms', 'do not infer or assume symptoms', 'output must be either', 'irregular periods', 'anacanthosis nigricans on neck', 'weight gain', 'stress']"
71453,"['use only the clinical note provided', 'do not include negated symptoms', 'do not infer or assume symptoms', 'output must be either', 'menorrhagia', 'fatigue', 'endometriosis', 'surgery to remove endometriosis']"
71501,"['use only the clinical note provided', 'do not include negated symptoms', 'do not infer or assume symptoms', 'output must be either', 'irregular menstrual cycles', 'increased flow', '2 periods in the last 5 mo that last for 7 d', 'need for pads lessens as the days go on']"
71531,"['use only the clinical note provided', 'do not include negated symptoms', 'do not infer or assume symptoms', 'output must be either', 'irregular and heavy periods', 'infertility']"
71534,"['use only the clinical note provided', 'do not include negated symptoms', 'do not infer or assume symptoms', 'output must be either', 'irregular heavy periods', 'darkness of skin around knees and neck', 'primary infertility', 'not provided in the context']"
71551,"['use only the clinical note provided', 'do not include negated symptoms', 'do not infer or assume symptoms', 'output must be either', 'heavy bleeding', 'fatigue', 'hyperpigmentation on hands and neck']"
71562,"['use only the clinical note provided', 'do not include negated symptoms', 'do not infer or assume symptoms', 'output must be either', 'heavy menstrual bleeding', 'weight gain', 'discoloration of neck and hands', 'not provided in the context']"
71649,"['use only the clinical note provided', 'do not include negated symptoms', 'do not infer or assume symptoms', 'output must be either', 'irregular menstrual periods', 'heavy menstrual bleeding', 'feeling of tiredness']"
71653,"['use only the clinical note provided', 'do not include negated symptoms', 'do not infer or assume symptoms', 'output must be either', 'heavy menses requiring frequent tampon changes', 'irregular menstrual periods', 'abdominal pain or fullness during menstruation']"
71658,"['use only the clinical note provided', 'do not include negated symptoms', 'do not infer or assume symptoms', 'output must be either', 'abnormal periods', 'increased frequency of tampon changes', 'change in menstrual bleeding duration']"
71724,"['use only the clinical note provided', 'do not include negated symptoms', 'do not infer or assume symptoms', 'output must be either', 'heavy menstrual bleeding', 'increased frequency of menstrual bleeding', 'increased flow of menstrual blood', 'regular menstrual periods have become infrequent and last longer']"
71735,"['use only the clinical note provided', 'do not include negated symptoms', 'do not infer or assume symptoms', 'output must be either', 'dyschezia', 'constipation', 'diarrhea', 'fever']"
71758,"['use only the clinical note provided', 'do not include negated symptoms', 'do not infer or assume symptoms', 'output must be either', 'has had heavy periods for 6mo used to use 3-4 tampons day now changes tampon every couple of hours', 'no dysmenorrhea no intermenstrual postcoital bleeding no dyspareunia no abdominal pelvic pain', 'fatigue weight gain 10lbs in 6mo hyperpigmentation over knuckles and side of neck', 'heavy periods', 'irregular periods', 'increased frequency of periods', 'increased duration of periods', 'weight gain']"
71777,"['use only the clinical note provided', 'do not include negated symptoms', 'do not infer or assume symptoms', 'output must be either', 'irregular uterine bleeding', 'heavy menstrual bleeding', 'irregular menstrual frequency', 'abdominal cramping']"
71861,"['use only the clinical note provided', 'do not include negated symptoms', 'do not infer or assume symptoms', 'output must be either', 'heavy flow', 'irregular menstrual flow', 'infertility', 'weight gain', 'dark neck and knuckles', 'headache', 'lightheadedness', 'abdominal pain', 'bowel and urinary habits changes']"
71865,"['use only the clinical note provided', 'do not include negated symptoms', 'do not infer or assume symptoms', 'output must be either', 'heavy menstrual bleeding', 'irregular menstrual periods lasting 7 days', 'increased number of pads used per period', 'vaginal dryness', 'weight gain', 'not provided in the context']"
71895,"['use only the clinical note provided', 'do not include negated symptoms', 'do not infer or assume symptoms', 'output must be either', 'heavy menstrual bleeding', 'increased tampon use', 'fatigue']"
71937,"['use only the clinical note provided', 'do not include negated symptoms', 'do not infer or assume symptoms', 'output must be either', 'heavy menstrual bleeding', 'irregular menstrual cycle', 'heavy bleeding for 7 days', '2 cycles of 6 months each']"
71938,"['use only the clinical note provided', 'do not include negated symptoms', 'do not infer or assume symptoms', 'output must be either', 'her lmp was 2 months ago using several pads and lasting a week did not have fatigue during this time', 'she also gained 10 punds during this time also noticed dark skin changes on her knuckles and neck over the past 2 years', 'unable to conceive a child with no protection for 9 years', 'ros therwise negative', 'fam hx of ovarian cancer at 65 in grandma and breast cancer at 51 in aunt', 'dark skin changes on knuckles and neck over the past 2 years', 'gain of 10 pounds during this time']"
71953,"['use only the clinical note provided', 'do not include negated symptoms', 'do not infer or assume symptoms', 'output must be either', 'began 5 weeks ago lmp 6 month ago before that perioids are regular 3 30days 4 pads on the heavy day now every other months lasting 7 days and pad change every several hours', 'noted skin pigmentation on the dorsal hands and wt gain of 10-15 lbs over past 6 months no pain no itching', 'history of difficulty pregnancy for 9 yr', 'no pain or spotting during the peroids no pain or bleeding the sexual intercourse no vaginal discharge no belly pain no prevous pregnancy no abortion', 'normal pap smear sexually active with boyfriend no condom use or ocp', 'menstrual irregularities', 'skin pigmentation on the dorsal hands', 'weight gain', 'endometriosis']"
71991,"['use only the clinical note provided', 'do not include negated symptoms', 'do not infer or assume symptoms', 'output must be either', 'painful vaginal bleeding', 'painful intercourse']"
72005,"['use only the clinical note provided', 'do not include negated symptoms', 'do not infer or assume symptoms', 'output must be either', 'heavy menstrual bleeding', 'weight gain of 10-15 lbs over the past 6 months', 'feeling tired more often', 'dark rash over the neck and hands', 'not provided in the context']"
72030,"['use only the clinical note provided', 'do not include negated symptoms', 'do not infer or assume symptoms', 'output must be either', 'fatigue', 'heavy menstrual bleeding', 'increased vaginal discharge']"
72034,"['use only the clinical note provided', 'do not include negated symptoms', 'do not infer or assume symptoms', 'output must be either', 'irregular periods', 'weight gain of 10 lbs in the past 6 months', 'dark skin rash on hands and neck']"
72111,"['use only the clinical note provided', 'do not include negated symptoms', 'do not infer or assume symptoms', 'output must be either', 'heavy menstrual bleeding', 'abdominal pain', 'infertility', 'none specified in the clinical note']"
72125,"['use only the clinical note provided', 'do not include negated symptoms', 'do not infer or assume symptoms', 'output must be either', 'heavy bleeding', 'irregular periods', 'painful periods', 'heavy menstrual bleeding', 'not provided in the context']"
72206,"['use only the clinical note provided', 'do not include negated symptoms', 'do not infer or assume symptoms', 'output must be either', 'irregular menstrual cycles', 'multiple changes in tampon frequency and amount used during a single period', 'increased in weight 10-15 lbs']"
72207,"['use only the clinical note provided', 'do not include negated symptoms', 'do not infer or assume symptoms', 'output must be either', 'irregular periods of 5 months duration', 'heavy bleeding changes tampons q1-2h during first day', 'mild cramping with periods', 'infertility', 'irregular menstrual bleeding', 'no specific treatment mentioned in the clinical note']"
72225,"['use only the clinical note provided', 'do not include negated symptoms', 'do not infer or assume symptoms', 'output must be either', 'irregular periods', 'increased menstrual bleeding', 'fatigue']"
72542,"['use only the clinical note provided', 'do not include negated symptoms', 'do not infer or assume symptoms', 'output must be either', 'heavy menstrual bleeding', 'irregular menstrual cycles', 'cramping during menstruation']"
72549,"['use only the clinical note provided', 'do not include negated symptoms', 'do not infer or assume symptoms', 'output must be either', 'started 3 mo ago volumous brigh red mesntrual flux w o clot no foul smeal no alleviated constant in all last months no associated with abdominal pain dysmenorrha or dyspareunia no spots menarche at', 'also refers unvoluntary wt gain 10-15 lb 6mo and some dark color in hand and left neck', 'denies hot cold intolerance denies skin changes changes in sleep cough fever changes in bowell urination', 'heavy menses', 'dark color in hand and left neck', 'weight gain', 'heavy menstrual bleeding', 'not provided in the context']"
72553,"['use only the clinical note provided', 'do not include negated symptoms', 'do not infer or assume symptoms', 'output must be either', 'fatigue', 'weight gain', 'black discoloration over neck', 'tiredness', 'cold intolerance']"
72557,"['use only the clinical note provided', 'do not include negated symptoms', 'do not infer or assume symptoms', 'output must be either', 'heavy flow', 'cramping', 'light cramping', 'weight gain']"
72558,"['use only the clinical note provided', 'do not include negated symptoms', 'do not infer or assume symptoms', 'output must be either', 'irregular menstrual bleeding', 'weight gain', 'fatigue']"
72559,"['use only the clinical note provided', 'do not include negated symptoms', 'do not infer or assume symptoms', 'output must be either', 'heavy menses', 'dark lesions in the neck and hands']"
72566,"['use only the clinical note provided', 'do not include negated symptoms', 'do not infer or assume symptoms', 'output must be either', 'dysmennorhea', 'heavy menstrual bleeding', 'cramping']"
72572,"['use only the clinical note provided', 'do not include negated symptoms', 'do not infer or assume symptoms', 'output must be either', 'irregular periods', 'heavy bleeding', 'weight gain', 'skin darkening']"
72617,"['use only the clinical note provided', 'do not include negated symptoms', 'do not infer or assume symptoms', 'output must be either', 'heavy menstrual bleeding', 'painful periods', 'irregular menstrual cycle']"
72660,"['use only the clinical note provided', 'do not include negated symptoms', 'do not infer or assume symptoms', 'output must be either', 'heavy periods', 'weight gain of 10-16lbs in the last 6 months']"
72757,"['use only the clinical note provided', 'do not include negated symptoms', 'do not infer or assume symptoms', 'output must be either', 'irregular periods', 'weight gain', 'abnormal vaginal discharge']"
72765,"['use only the clinical note provided', 'do not include negated symptoms', 'do not infer or assume symptoms', 'output must be either', 'irregular and heavy periods for 6 months', 'heavy menstrual bleeding', 'vaginal dryness', 'weight gain of 10-15 lbs in the last 6 months']"
72781,"['use only the clinical note provided', 'do not include negated symptoms', 'do not infer or assume symptoms', 'output must be either', 'heavy menstrual flow', 'changing pads every few hours', 'increased frequency of periods', 'increased length of periods', 'fatigue']"
72790,"['use only the clinical note provided', 'do not include negated symptoms', 'do not infer or assume symptoms', 'output must be either', 'heavy menstrual bleeding', 'increased frequency of urination', 'weight gain']"
72905,"['use only the clinical note provided', 'do not include negated symptoms', 'do not infer or assume symptoms', 'output must be either', 'irregular periods', 'heavy bleeding on first day', 'abdominal cramps during her period', 'fatigue', 'heavy menstrual bleeding', 'not provided in the context']"
73153,"['use only the clinical note provided', 'do not include negated symptoms', 'do not infer or assume symptoms', 'output must be either', 'heavy menstrual bleeding', 'increased fatigue', 'weight gain']"
73155,"['use only the clinical note provided', 'do not include negated symptoms', 'do not infer or assume symptoms', 'output must be either', 'heavy bleeding for 7 days', 'skin change over the last 1 year']"
73209,"['use only the clinical note provided', 'do not include negated symptoms', 'do not infer or assume symptoms', 'output must be either', 'heavy flow', 'need to change tampon every 2 hours', 'increased appetite', 'anxious at work']"
73296,"['use only the clinical note provided', 'do not include negated symptoms', 'do not infer or assume symptoms', 'output must be either', 'heavy menstrual bleeding', 'irregular menstrual cycle', 'darkening of skin on neck knuckles', 'endometriosis']"
73325,"['use only the clinical note provided', 'do not include negated symptoms', 'do not infer or assume symptoms', 'output must be either', 'increased number of tampoons', 'fatigue and tiredness']"
73356,"['use only the clinical note provided', 'do not include negated symptoms', 'do not infer or assume symptoms', 'output must be either', 'abnormal periods', 'heavy last 7 days with multiple tampon changes up to every hour on the girst day']"
73387,"['use only the clinical note provided', 'do not include negated symptoms', 'do not infer or assume symptoms', 'output must be either', 'irregular menstrual bleeding', 'tiredness', 'weight gain', 'endometriosis', 'surgery to remove endometriosis']"
73395,"['use only the clinical note provided', 'do not include negated symptoms', 'do not infer or assume symptoms', 'output must be either', 'heavy menstrual bleeding', 'irregular periods', 'fatigue', 'weight gain']"
73431,"['use only the clinical note provided', 'do not include negated symptoms', 'do not infer or assume symptoms', 'output must be either', 'heavy irregular periods', 'dark patches on neck hand', 'heavy menstrual bleeding', 'no specific treatment mentioned in the clinical note']"
73490,"['use only the clinical note provided', 'do not include negated symptoms', 'do not infer or assume symptoms', 'output must be either', 'lmp was 2 month ago she has 2 menses in last 5 months', 'menses were heavy gained 10 -15 lbs x 6 nmonths has hyperpigmentations on hands and neck', 'denies skin dryness bowel motions changes heat cold intolerance breast tenderness morning sickness', 'tried to get pregnant unsuccessflly she practice sex without condoms no ocps', 'heavy menstrual bleeding', 'hyperpigmentation on hands and neck', 'dry skin', 'bowel movements changes', 'heat cold intolerance', 'breast tenderness', 'morning sickness']"
73555,"['use only the clinical note provided', 'do not include negated symptoms', 'do not infer or assume symptoms', 'output must be either', 'irregular periods for 6 months', 'darkening of skin', 'gained 10 pounds over 6 months', 'fatigue']"
73635,"['use only the clinical note provided', 'do not include negated symptoms', 'do not infer or assume symptoms', 'output must be either', 'heavy menstrual bleeding', 'heavy menstrual bleeding for 2 days', 'change in tampon frequency every 2 hours', 'vaginal dryness', 'fatigue']"
73640,"['use only the clinical note provided', 'do not include negated symptoms', 'do not infer or assume symptoms', 'output must be either', 'heavy menstrual bleeding', 'longer menstrual cycle than usual', 'increased number of tampons needed per period', 'non-pruritic rash on hands and neck', 'endometriosis']"
73681,"['use only the clinical note provided', 'do not include negated symptoms', 'do not infer or assume symptoms', 'output must be either', 'irregular periods', 'heavy menstrual bleeding', 'weight gain', 'fatigue']"
73734,"['use only the clinical note provided', 'do not include negated symptoms', 'do not infer or assume symptoms', 'output must be either', 'heavy menstrual bleeding', 'frequent urination', 'vaginal dryness', 'no specific treatment mentioned in the clinical note']"
73784,"['use only the clinical note provided', 'do not include negated symptoms', 'do not infer or assume symptoms', 'output must be either', 'irregular menstrual bleeding', 'weight gain', 'unintended weight gain']"
73792,"['use only the clinical note provided', 'do not include negated symptoms', 'do not infer or assume symptoms', 'output must be either', 'heavy menstrual bleeding', 'increased tampon use', 'skin rash on hands and neck', 'not provided in the context']"
73834,"['use only the clinical note provided', 'do not include negated symptoms', 'do not infer or assume symptoms', 'output must be either', 'heavy bleeding', 'cramping pain during menstruation', 'weight gain']"
73974,"['use only the clinical note provided', 'do not include negated symptoms', 'do not infer or assume symptoms', 'output must be either', 'irregular and changing pads', 'painful periods', 'weight gain', 'ibs', 'no specific treatment mentioned in the clinical note', 'irregular and changing pads - symptom', 'painful periods - symptom', 'weight gain - symptom']"
73999,"['use only the clinical note provided', 'do not include negated symptoms', 'do not infer or assume symptoms', 'output must be either', 'heavy menstrual bleeding', 'longer menstrual cycle than usual', 'use of tampons every couple of hours', 'fatigue']"
74000,"['use only the clinical note provided', 'do not include negated symptoms', 'do not infer or assume symptoms', 'output must be either', 'heavy menstrual periods', 'crampy pain during menstruation', 'skin discoloration in the neck and hands', 'endometriosis', 'surgery to remove endometriosis']"
74009,"['use only the clinical note provided', 'do not include negated symptoms', 'do not infer or assume symptoms', 'output must be either', 'increased bleeding', 'frequent changing of tampons', 'cramping during periods']"
74011,"['use only the clinical note provided', 'do not include negated symptoms', 'do not infer or assume symptoms', 'output must be either', 'fatigue', 'weight gain', 'irregular menstrual bleeding', 'not provided in the context']"
74016,"['use only the clinical note provided', 'do not include negated symptoms', 'do not infer or assume symptoms', 'output must be either', '35 yo f presents with problems with her menstrual flow', 'her usual periods are regular every 4-5 weeks normal flow using 4-5 pads day', 'over the past 5 months she had only two mestrrual periods but heavy and changing pads every 1-2 hours', 'she has mild cramp but no abnormal vaginal discharge', 'she noticed darkening of her nuckles and neck and gained 10 lbs over the past 5 months', 'denies headache change in her vision cold intolerance skin change nipple discharge constipation', 'she is not taking any meds no allergies', 'pmh psh none', 'heavy and changing pads every 1-2 hours', 'darkening of the knuckles and neck', 'darkening of the skin around the mouth and eyes']"
74080,"['use only the clinical note provided', 'do not include negated symptoms', 'do not infer or assume symptoms', 'output must be either', 'heavy menstrual bleeding', 'menorrhagia', 'heavy flow', '7 periods day', 'tampons day', 'abdominal pain']"
74087,"['use only the clinical note provided', 'do not include negated symptoms', 'do not infer or assume symptoms', 'output must be either', 'heavy flow', 'painless periods', 'abnormal menstrual cycle']"
80039,"['use only the clinical note provided', 'do not include negated symptoms', 'do not infer or assume symptoms', 'output must be either', 'difficulty sleeping', 'difficulty falling asleep', 'waking up early', 'difficulty concentrating', 'feeling restless', 'appetite increased']"
80042,"['use only the clinical note provided', 'do not include negated symptoms', 'do not infer or assume symptoms', 'output must be either', 'trouble falling asleep', 'trouble staying asleep', 'early morning awakening']"
80066,"['use only the clinical note provided', 'do not include negated symptoms', 'do not infer or assume symptoms', 'output must be either', 'difficulty falling asleep', 'difficulty sleeping at night', 'waking up early', 'feeling drained and tired', 'eating more than usual']"
80098,"['use only the clinical note provided', 'do not include negated symptoms', 'do not infer or assume symptoms', 'output must be either', 'insomnia', 'auditory hallucinations of son', 'loss of interest', 'increased appetite', 'feeling of fatigue']"
80245,"['use only the clinical note provided', 'do not include negated symptoms', 'do not infer or assume symptoms', 'output must be either', 'difficulty falling asleep', 'difficulty staying asleep', 'difficulty going back to sleep', 'decreased sleep', 'increased energy', 'decreased interest and appetite', 'depression']"
80307,"['use only the clinical note provided', 'do not include negated symptoms', 'do not infer or assume symptoms', 'output must be either', 'difficulty sleeping', 'early awakenings', 'difficulty falling asleep', 'difficulty staying asleep', 'insomnia']"
80341,"['use only the clinical note provided', 'do not include negated symptoms', 'do not infer or assume symptoms', 'output must be either', 'sleep disturbances', 'loss of interest', 'changes in appetite', 'fatigue', 'visual hallucinations', 'hearing hallucinations']"
80357,"['use only the clinical note provided', 'do not include negated symptoms', 'do not infer or assume symptoms', 'output must be either', 'difficulty falling asleep', 'difficulty waking up', 'daytime somnolence', 'sadness', 'missing son', 'seeing son at breakfast table', 'hearing distant music and talking at neighbors house', 'daytime']"
80394,"['use only the clinical note provided', 'do not include negated symptoms', 'do not infer or assume symptoms', 'output must be either', 'difficulty falling asleep', 'night time awakenings', 'depression', 'fatigue', 'increased appetite', 'decreased interest in daily activities', 'nocturia', 'snoring', 'sob at night', 'chest pain', 'changes to weight', 'heat intolerance', 'cold intolerance', 'hair loss', 'ho']"
80439,"['use only the clinical note provided', 'do not include negated symptoms', 'do not infer or assume symptoms', 'output must be either', 'difficulty sleeping', 'difficulty falling asleep daily', 'polyphadia']"
80441,"['use only the clinical note provided', 'do not include negated symptoms', 'do not infer or assume symptoms', 'output must be either', 'difficulty sleeping', 'increased sleep latency', 'increased night-time awakenings', 'waking up earlier in the morning', 'loss of interest in usual activities', 'sadness', 'anhedonia']"
80493,"['use only the clinical note provided', 'do not include negated symptoms', 'do not infer or assume symptoms', 'output must be either', 'difficulty falling asleep', 'early morning awakening', 'fatigue', 'decreased interest in activities she used to enjoy', 'low energy', 'increased appetite']"
80525,"['use only the clinical note provided', 'do not include negated symptoms', 'do not infer or assume symptoms', 'output must be either', 'difficulty sleeping', 'difficulty falling asleep', 'early morning awakening', 'difficulty getting back to sleep', 'sleep duration 4-5 hours per night', 'anhedonia', 'decreased energy', 'increased appetite', 'auditory and visual hallucinations of son leonard and people having a party', 'denies']"
80529,"['use only the clinical note provided', 'do not include negated symptoms', 'do not infer or assume symptoms', 'output must be either', 'difficulty sleeping', 'early morning awakenings', 'loss of interest', 'sadness', 'fatigue', 'increased appetite']"
80656,"['use only the clinical note provided', 'do not include negated symptoms', 'do not infer or assume symptoms', 'output must be either', 'difficulty sleeping for over 3 weeks', 'difficulty falling asleep', 'waking up early at 4 am', 'multiple awakenings at night', 'decreased sleep', 'anhedonia', 'decreased energy', 'increased appetite', 'suicidal thoughts not reported']"
80686,"['use only the clinical note provided', 'do not include negated symptoms', 'do not infer or assume symptoms', 'output must be either', 'difficulty sleeping', 'fatigue', 'nighttime awakenings', 'difficulty falling asleep', 'increased appetite', 'anhedonia', 'low energy']"
80706,"['use only the clinical note provided', 'do not include negated symptoms', 'do not infer or assume symptoms', 'output must be either', 'difficulty sleeping', 'early morning awakening', 'unsure if refreshed upon waking', 'decreased sleep hours']"
80802,"['use only the clinical note provided', 'do not include negated symptoms', 'do not infer or assume symptoms', 'output must be either', 'difficulty falling asleep', 'early awakening', 'feeling as if she is tossing and turning at night', 'auditory and visual hallucinations related to son']"
80857,"['use only the clinical note provided', 'do not include negated symptoms', 'do not infer or assume symptoms', 'output must be either', 'unable to sleep for 3 weeks', 'visual disturbances', 'sadness', 'lack of energy', 'feeling tired']"
80919,"['use only the clinical note provided', 'do not include negated symptoms', 'do not infer or assume symptoms', 'output must be either', 'difficulty falling asleep and staying asleep', 'coincided with son dying in an mva 3 weeks ago', 'lost interest in normal activities describes a depressed mood and decreased energy', 'reports good social support network - husband and many friends']"
80929,"['use only the clinical note provided', 'do not include negated symptoms', 'do not infer or assume symptoms', 'output must be either', 'son died in mvc oct 25th of this year pt has been devastated since then', 'no hx of difficulty sleeping in the past', 'no aggravating or relieving factors no relief from ambien she got from a friend', 'admits to decreased interest decreased energy decreased appetite and an overall sad mood', 'denies si hi', 'says she has a good support group husband family', 'difficulty sleeping', 'sad mood']"
80946,"['use only the clinical note provided', 'do not include negated symptoms', 'do not infer or assume symptoms', 'output must be either', 'insomnia', 'difficulty falling asleep', 'waking up at 3 30-4am', 'sleep nightly', 'excessive daytime sleepiness', 'unable to fall a sleep for a nap', 'anhedonia', 'decreased energy', 'increased appetite', 'devastation']"
80948,"['use only the clinical note provided', 'do not include negated symptoms', 'do not infer or assume symptoms', 'output must be either', 'difficulty sleeping', 'difficulty falling asleep', 'early awakening', 'decreased interest in daily activities', 'decreased energy']"
80950,"['use only the clinical note provided', 'do not include negated symptoms', 'do not infer or assume symptoms', 'output must be either', 'difficulty falling asleep', 'difficulty staying asleep', 'difficulty waking up early', 'feeling drained and tired throughout the day', 'feeling depressed and anxious']"
81015,"['use only the clinical note provided', 'do not include negated symptoms', 'do not infer or assume symptoms', 'output must be either', 'difficulty sleeping for the past 3 weeks', 'difficulty staying asleep for the past 3 weeks', 'waking up early in the morning without feeling rested', 'difficulty falling asleep', 'difficulty staying asleep', 'hearing voices from a neighbors party', 'seeing her deceased son in the kitchen 4 days ago']"
81124,"['use only the clinical note provided', 'do not include negated symptoms', 'do not infer or assume symptoms', 'output must be either', 'difficulty sleeping', 'loss of interest', 'feeling of sadness', 'visual hallucinations']"
81138,"['use only the clinical note provided', 'do not include negated symptoms', 'do not infer or assume symptoms', 'output must be either', 'trouble sleeping', 'sadness', 'loss of interest', 'decreased energy', 'increased appetite', 'trouble falling asleep', 'trouble staying asleep']"
81195,"['use only the clinical note provided', 'do not include negated symptoms', 'do not infer or assume symptoms', 'output must be either', 'difficulty sleeping', 'waking up early', 'tssing and turning', 'fatigue throughout the day', 'hearing things that are not there']"
81320,"['use only the clinical note provided', 'do not include negated symptoms', 'do not infer or assume symptoms', 'output must be either', 'trouble sleeping', 'difficulty getting to sleep', 'staying asleep', 'wakes up earlier than usual', 'devastated', 'hearing voices', 'seeing son']"
81385,"['use only the clinical note provided', 'do not include negated symptoms', 'do not infer or assume symptoms', 'output must be either', 'difficulty sleeping', 'early morning awakening', 'fatigue during the day', 'difficulty falling asleep', 'difficulty waking up in the morning', 'feeling sad and drained', 'loss of interest', 'increased appetite', 'feeling safe at home']"
81416,"['use only the clinical note provided', 'do not include negated symptoms', 'do not infer or assume symptoms', 'output must be either', 'difficulty sleeping', 'difficulty falling asleep', 'difficulty concentrating', 'fatigue', 'low energy', 'increased appetite']"
81437,"['use only the clinical note provided', 'do not include negated symptoms', 'do not infer or assume symptoms', 'output must be either', 'difficulty falling asleep', 'waking up often in the middle of the night', 'waking up earlier than usual', 'feeling very tired in the morning and throughout the day', 'auditory hallucinations thinking the neighbors are having a party', 'visual hallucinations of seeing her son even though he is not there']"
81445,"['use only the clinical note provided', 'do not include negated symptoms', 'do not infer or assume symptoms', 'output must be either', 'difficulty sleeping', 'difficulty falling asleep', 'tussling and turning throughout the night', 'getting up earlier than usual', 'appetite increase', 'loss of energy', 'not taking evening walks', 'lost interest in hobbies']"
81538,"['use only the clinical note provided', 'do not include negated symptoms', 'do not infer or assume symptoms', 'output must be either', 'feeling sad', 'feeling guilty', 'feeling anxious', 'feeling depressed']"
81548,"['use only the clinical note provided', 'do not include negated symptoms', 'do not infer or assume symptoms', 'output must be either', 'trouble sleeping', 'no complaints of eating more', 'no complaints of weight gain', 'constipation', 'hypertension', 'hctz lisinopril']"
81575,"['use only the clinical note provided', 'do not include negated symptoms', 'do not infer or assume symptoms', 'output must be either', 'prior to 3 weeks ago slept 8 hours per night', 'since son passed away has taken1 hr to fall asleep tossed and turned through the night and wakes at 4-5 am', 'no changes to sleep hygeine - no screen time though decreasd exercise', 'denies feelings of guilt for sons loss denies si or thoughts of self-harm has good social support network', 'has had hallucination of son but knew it was just a hallucination also 1 hypnogogic hallucination', 'no snoring or morning headache weight loss or other systemic symptom', 'took ambien for past 5 nights without improvement', 'difficulty sleeping for past 3 weeks', 'hallucinations of son', 'hypnogogic hallucination']"
81672,"['use only the clinical note provided', 'do not include negated symptoms', 'do not infer or assume symptoms', 'output must be either', 'insomnia', 'frequent awakenings', 'fatigue', 'sad mood', 'anhedonia', 'decreased energy', 'increased appetite', 'grief over the loss of a loved one', 'sadness', 'difficulty concentrating', 'suicidal ideation']"
81678,"['use only the clinical note provided', 'do not include negated symptoms', 'do not infer or assume symptoms', 'output must be either', 'difficulty falling asleep', 'difficulty staying asleep', 'increased appetite', 'fever', 'chills', 'night sweats', 'hair changes']"
81687,"['use only the clinical note provided', 'do not include negated symptoms', 'do not infer or assume symptoms', 'output must be either', 'difficulty falling asleep', 'difficulty maintaining sleep', 'waking up multiple times during the night', 'thinking about son at night', 'depression', 'anhedonia', 'increased appetite', 'fatigue', 'difficulty engaging in activities', 'feeling cold to the touch', 'feeling hot to the touch', 'hearing']"
81773,"['use only the clinical note provided', 'do not include negated symptoms', 'do not infer or assume symptoms', 'output must be either', 'difficulty sleeping', 'difficulty falling asleep', 'early morning awakening', 'decreased interest level', 'decreased energy', 'increased appetite', 'no suicidal thoughts', 'guilty feelings', 'visual hallucinations of son', 'voices heard recently']"
81811,"['use only the clinical note provided', 'do not include negated symptoms', 'do not infer or assume symptoms', 'output must be either', 'difficulty sleeping', 'waking up multiple times throughout the night', 'decreased energy levels', 'increased appetite']"
81856,"['use only the clinical note provided', 'do not include negated symptoms', 'do not infer or assume symptoms', 'output must be either', 'difficulty falling asleep', 'early awakenings', 'tumbling and turning', 'fatigue throughout the day', 'sadness', 'loss of interest', 'low energy', 'increased appetite']"
81876,"['use only the clinical note provided', 'do not include negated symptoms', 'do not infer or assume symptoms', 'output must be either', 'difficulty sleeping for 3 weeks', 'fatigue', 'loss of interest in activities', 'vision of son passing away', 'hearing voices outside her door', 'hearing voices outside']"
81877,"['use only the clinical note provided', 'do not include negated symptoms', 'do not infer or assume symptoms', 'output must be either', 'difficulty falling asleep', 'difficulty staying asleep', 'early morning waking', 'sadness', 'increased appetite', 'loss of interest in activities', 'low energy level']"
81880,"['use only the clinical note provided', 'do not include negated symptoms', 'do not infer or assume symptoms', 'output must be either', 'sleep disturbances', 'multiple awakenings', 'sleep duration 4 hrs night', 'sleep onset takes longer than 1 hour']"
81900,"['use only the clinical note provided', 'do not include negated symptoms', 'do not infer or assume symptoms', 'output must be either', 'difficulty sleeping for 3 weeks', 'difficulty falling asleep', 'staying asleep and waking up early', 'fatigue', 'loss of interest', 'flashbacks of her son sitting in front of her', 'feeling sad and increasing appetite', 'feeling guilty and suicidal thoughts']"
81979,"['use only the clinical note provided', 'do not include negated symptoms', 'do not infer or assume symptoms', 'output must be either', 'difficulty falling asleep', 'tussling and turning while sleeping', 'sadness', 'chronic insomnia', 'no specific treatment mentioned in the clinical note']"
81984,"['use only the clinical note provided', 'do not include negated symptoms', 'do not infer or assume symptoms', 'output must be either', 'difficulty falling asleep', 'difficulty waking up early', 'sadness', 'increased appetite', 'loss of interest in hobbies']"
81985,"['use only the clinical note provided', 'do not include negated symptoms', 'do not infer or assume symptoms', 'output must be either', 'difficulty sleeping', 'low energy throughout day', 'poor sleep quality']"
82005,"['use only the clinical note provided', 'do not include negated symptoms', 'do not infer or assume symptoms', 'output must be either', 'difficulty sleeping', 'feeling tired and groggy upon waking', 'feeling sad and devastated', 'visual hallucinations of son', 'auditory hallucinations hypnogogic prior to falling asleep']"
82022,"['use only the clinical note provided', 'do not include negated symptoms', 'do not infer or assume symptoms', 'output must be either', 'difficulty falling asleep', 'difficulty staying asleep', 'increased appetite', 'difficulty sleeping after a laparotomy for appendicitis mastectomy for breast cancer 14 years in remission']"
82028,"['use only the clinical note provided', 'do not include negated symptoms', 'do not infer or assume symptoms', 'output must be either', 'difficulty sleeping', 'difficulty falling asleep', 'early morning awakening', 'hearing muffled voices', 'seeing dead son', 'increased appetite', 'loss of interest in things she liked to do', 'anhedonia']"
82080,"['use only the clinical note provided', 'do not include negated symptoms', 'do not infer or assume symptoms', 'output must be either', 'difficulty sleeping', 'anhedonia', 'depression', 'feeling drained', 'increased appetite', 'rashes', 'cold intolerance', 'psychotherapy e g cognitive-behavioral therapy', 'medication e g fluoxetine sertraline']"
82139,"['use only the clinical note provided', 'do not include negated symptoms', 'do not infer or assume symptoms', 'output must be either', 'sleep problems', 'fatigue', 'difficulty sleeping', 'difficulty falling asleep', 'difficulty staying asleep', 'feeling restless during the day', 'feeling tired during the day', 'loss of interest in daily activities', 'increased appetite', 'episodes of seeing her dead son in the kitchen', 'loss of interest in daily']"
82187,"['use only the clinical note provided', 'do not include negated symptoms', 'do not infer or assume symptoms', 'output must be either', 'difficulty sleeping', 'early morning awakening', 'decreased energy', 'loss of sleep', 'increased food intake', 'sadness']"
82292,"['use only the clinical note provided', 'do not include negated symptoms', 'do not infer or assume symptoms', 'output must be either', 'hallucinations', 'sleep problems', 'fatigue', 'increased appetite', 'decreased sleep']"
82313,"['use only the clinical note provided', 'do not include negated symptoms', 'do not infer or assume symptoms', 'output must be either', 'decreased sleep for the last 3 weeks', 'restless sleep', 'decreased energy and fatigued', 'decreased ability to concentrate', 'decreased appetite', 'skin changes']"
82434,"['use only the clinical note provided', 'do not include negated symptoms', 'do not infer or assume symptoms', 'output must be either', 'difficulty sleeping', 'difficulty falling asleep', 'difficulty staying asleep', 'visual hallucinations of son', 'auditory hallucinations of others']"
82468,"['use only the clinical note provided', 'do not include negated symptoms', 'do not infer or assume symptoms', 'output must be either', 'difficulty sleeping', 'emotional drain', 'fatigue']"
82494,"['use only the clinical note provided', 'do not include negated symptoms', 'do not infer or assume symptoms', 'output must be either', 'headache', 'chest pain', 'cough', 'abdominal pain', 'numbness tingling', 'headache chest pain cough abdominal pain numbness tingling']"
82515,"['use only the clinical note provided', 'do not include negated symptoms', 'do not infer or assume symptoms', 'output must be either', 'difficulty falling asleep', 'difficulty staying asleep', 'difficulty getting to sleep', 'increased appetite', 'decreased energy levels']"
82622,"['use only the clinical note provided', 'do not include negated symptoms', 'do not infer or assume symptoms', 'output must be either', 'difficulty falling asleep and staying asleep for the last 3 wks', 'hearing voices and visual hallucinations', 'fatigue', 'lack of energy to do daily activities', 'depression']"
82752,"['use only the clinical note provided', 'do not include negated symptoms', 'do not infer or assume symptoms', 'output must be either', 'insomnia', 'difficulty falling sleep', 'early morning waking up', 'difficulty going to bed', 'feeling sad', 'loss of interest in regular activities', 'decreased energy', 'increased appetite']"
82796,"['use only the clinical note provided', 'do not include negated symptoms', 'do not infer or assume symptoms', 'output must be either', 'difficulty sleeping for 3 weeks', 'early morning awakening', 'tiredness during the day', 'increased appetite']"
82799,"['use only the clinical note provided', 'do not include negated symptoms', 'do not infer or assume symptoms', 'output must be either', 'insomnia', 'fatigue', 'drowsiness', 'increased appetite', 'difficulty falling asleep', 'waking up during the night', 'waking up earlier than usual', 'headache', 'nausea vomiting', 'vision changes']"
82817,"['use only the clinical note provided', 'do not include negated symptoms', 'do not infer or assume symptoms', 'output must be either', 'difficulty sleeping', 'night wakings', 'low energy', 'sadness', 'loss of interest in activities', 'difficulty sleeping - night wakings - low energy - sadness - loss of interest in activities']"
82843,"['use only the clinical note provided', 'do not include negated symptoms', 'do not infer or assume symptoms', 'output must be either', 'difficulty sleeping for 3 weeks', 'difficulty falling asleep', 'not feeling rested upon waking', 'decreased interest in reading']"
82848,"['use only the clinical note provided', 'do not include negated symptoms', 'do not infer or assume symptoms', 'output must be either', 'difficulty sleeping', 'early morning awakening', 'depressive symptoms decreased sleep energy interest in fond activities scrap booking and reading', 'suicidal ideations not mentioned in the clinical note']"
82869,"['use only the clinical note provided', 'do not include negated symptoms', 'do not infer or assume symptoms', 'output must be either', 'early awakening', 'loss of interest in daily activities', 'low energy', 'increased apetite', 'headaches', 'dizziness', 'weight change', 'chest pain', 'palpitations', 'abdominal pain', 'hair loss']"
82904,"['use only the clinical note provided', 'do not include negated symptoms', 'do not infer or assume symptoms', 'output must be either', 'difficulty sleeping', 'fatigue reduced energy', 'increased eating', 'depression', 'reduced interest in doing enjoyable activities']"
82967,"['use only the clinical note provided', 'do not include negated symptoms', 'do not infer or assume symptoms', 'output must be either', 'poor sleep', 'anhedonia', 'poor concentration', 'fatigue']"
82992,"['use only the clinical note provided', 'do not include negated symptoms', 'do not infer or assume symptoms', 'output must be either', 'lost son 3 weeks ago', 'notes waking too early and tossing and turinin in sleep', 'get 4 5 hours sleep a night', 'loss of interest in previou activities as reading', 'increase in appetite', 'note low energy throughout day', 'no suicidal ideation', 'hearing voices next door with no command', 'seeing images of her son in dining room', 'trouble sleeping', 'waking up too early', 'tossing and turning in sleep', 'low energy throughout day']"
83185,"['use only the clinical note provided', 'do not include negated symptoms', 'do not infer or assume symptoms', 'output must be either', 'feeling drained', 'difficulty concentrating', 'increased appetite', 'reduced interest in activities', 'visual hallucinations of seeing son', 'auditory hallucinations of hearing party']"
83199,"['use only the clinical note provided', 'do not include negated symptoms', 'do not infer or assume symptoms', 'output must be either', 'difficulty sleeping', 'difficulty falling asleep', 'difficulty maintaining sleep', 'auditory hallucinations before sleep', 'sad mood', 'loss of interest', 'fatigue']"
83220,"['use only the clinical note provided', 'do not include negated symptoms', 'do not infer or assume symptoms', 'output must be either', 'decreased energy', 'difficulty enjoying activities', 'increased appetite']"
83333,"['use only the clinical note provided', 'do not include negated symptoms', 'do not infer or assume symptoms', 'output must be either', 'difficulty sleeping', 'difficulty falling and staying asleep', 'tresses and turns in bed', 'sleep duration decreased from 8 hrs to 4-5 hrs per night', 'feeling devastated', 'feeling tired', 'loss of interest in hobbies', 'increased appetite']"
83376,"['use only the clinical note provided', 'do not include negated symptoms', 'do not infer or assume symptoms', 'output must be either', 'sleep problems', 'fatigue', 'lack of interest and energy', 'increased appetite', 'visual hallucinations', 'auditory hallucinations']"
83400,"['use only the clinical note provided', 'do not include negated symptoms', 'do not infer or assume symptoms', 'output must be either', 'imsomnia', 'visual hallucinations', 'weight increase', 'htn', 'n a']"
83514,"['use only the clinical note provided', 'do not include negated symptoms', 'do not infer or assume symptoms', 'output must be either', 'isomnia', 'energy low', 'mood low', 'appetite normal', 'weight normal', 'hallucinations', 'deceased son', 'hearing voices', 'intrest in daily activities', 'no feeling of guilt', 'no suicidal ideation', 'memory loss']"
83575,"['use only the clinical note provided', 'do not include negated symptoms', 'do not infer or assume symptoms', 'output must be either', 'trouble sleeping x3 weeks', 'frequent wakings during sleep', 'difficulty falling asleep', 'difficulty staying asleep', 'insomnia']"
83598,"['use only the clinical note provided', 'do not include negated symptoms', 'do not infer or assume symptoms', 'output must be either', 'poor sleep', 'difficulty falling asleep', 'difficulty staying asleep', 'tussling turning at night', 'auditory hallucinations']"
83686,"['use only the clinical note provided', 'do not include negated symptoms', 'do not infer or assume symptoms', 'output must be either', 'difficulty falling asleep', 'waking up early', 'difficulty concentrating', 'decreased energy', 'increased appetite', 'decreased interest in things she once enjoyed']"
83757,"['use only the clinical note provided', 'do not include negated symptoms', 'do not infer or assume symptoms', 'output must be either', 'difficulty sleeping for 3 weeks', 'feeling devastated and drained', 'eating more than usual']"
83794,"['use only the clinical note provided', 'do not include negated symptoms', 'do not infer or assume symptoms', 'output must be either', 'difficulty sleeping', 'difficulty falling asleep', 'waking up early in the morning', 'sad mood', 'fatigue', 'decreased interest in normal activities', 'feeling hyperactive or lethargic', 'auditory hallucination', 'visual hallucination']"
83843,"['use only the clinical note provided', 'do not include negated symptoms', 'do not infer or assume symptoms', 'output must be either', 'difficulty sleeping past 3 weeks', 'difficulty initiating sleep and getting up early', 'lack of interest in daily activities', 'lack of change in weight but eating more than usual']"
83893,"['use only the clinical note provided', 'do not include negated symptoms', 'do not infer or assume symptoms', 'output must be either', 'difficulty sleeping', 'difficulty failing to sleep', 'waking up early', 'decreased interest in hobbies', 'decreased energy', 'increased appetite', 'suicidal ideation']"
83907,"['use only the clinical note provided', 'do not include negated symptoms', 'do not infer or assume symptoms', 'output must be either', 'difficulty falling asleep', 'difficulty waking up', 'tussing and turning at night', 'sad mood', 'loss of interest in activities', 'decreased energy level', 'increased appetite', 'hallucinations of seeing son and hearing people next door']"
83918,"['use only the clinical note provided', 'do not include negated symptoms', 'do not infer or assume symptoms', 'output must be either', 'difficulty sleeping over the last 3 weeks', 'difficulty falling asleep', 'maintaining sleep', 'excessive thoughts of her son who passed', 'depression mood', 'hallucinations and seeing things that arent there', 'difficulty sleeping']"
83939,"['use only the clinical note provided', 'do not include negated symptoms', 'do not infer or assume symptoms', 'output must be either', 'difficulty sleeping', 'depression']"
83953,"['use only the clinical note provided', 'do not include negated symptoms', 'do not infer or assume symptoms', 'output must be either', 'started 3 weeks ago wake up many times at night relate with her son died she is eating more than normal', 'she is feeling very sad she was taking ambien for sleep but did not work', 'pmh htn', 'psh none', 'alls nkda', 'fh father htn high cholesterol died of stroke mother depresion', 'eating more than normal', 'feeling sad', 'sleeping problems', 'headaches']"
83955,"['use only the clinical note provided', 'do not include negated symptoms', 'do not infer or assume symptoms', 'output must be either', 'difficulty sleeping', 'moving around during sleep', 'early morning awakening', 'feeling tired throughout the day', 'difficulty sleeping -', 'moving around during sleep -', 'early morning awakening -']"
84000,"['use only the clinical note provided', 'do not include negated symptoms', 'do not infer or assume symptoms', 'output must be either', 'fatigue', 'visual hallucinations', 'auditory hallucinations']"
84055,"['use only the clinical note provided', 'do not include negated symptoms', 'do not infer or assume symptoms', 'output must be either', 'restless intermittent sleep', 'difficulty sleeping', 'depression', 'loss of interest in daily activities', 'decreased energy', 'increased appetite']"
84095,"['use only the clinical note provided', 'do not include negated symptoms', 'do not infer or assume symptoms', 'output must be either', 'insomnia', 'night wakings', 'appetite increase', 'fatigue', 'hearing noises from neighbors home', 'difficulty falling asleep', 'difficulty waking up at odd hours', 'loss of interest in daily activities', 'feeling guilty', 'increased appetite']"
84105,"['use only the clinical note provided', 'do not include negated symptoms', 'do not infer or assume symptoms', 'output must be either', 'difficulty sleeping', 'increased early morning awakenings', 'lack of interest in things she typically does', 'decreased energy', 'increased appetite', 'no weight gain']"
84191,"['use only the clinical note provided', 'do not include negated symptoms', 'do not infer or assume symptoms', 'output must be either', 'difficulty sleeping', 'difficulty falling asleep', 'difficulty waking up early', 'feeling poorly rested', 'difficulty concentrating', 'decreased appetite']"
84231,"['use only the clinical note provided', 'do not include negated symptoms', 'do not infer or assume symptoms', 'output must be either', 'difficulty sleeping', 'mood down', 'difficulty concentrating']"
84255,"['use only the clinical note provided', 'do not include negated symptoms', 'do not infer or assume symptoms', 'output must be either', 'difficulty sleeping', 'difficulty falling asleep', 'difficulty staying asleep', 'early morning waking up', 'feeling devastated and sad', 'feeling fatigued throughout the day']"
84273,"['use only the clinical note provided', 'do not include negated symptoms', 'do not infer or assume symptoms', 'output must be either', 'insomnia', 'fatigue', 'decreased interest']"
84366,"['use only the clinical note provided', 'do not include negated symptoms', 'do not infer or assume symptoms', 'output must be either', 'sleep issues', 'fatigue', 'difficulty taking naps', 'difficulty initiating sleep', 'waking up early', 'difficulty waking up', 'difficulty falling asleep', 'difficulty staying asleep']"
90127,"['use only the clinical note provided', 'do not include negated symptoms', 'do not infer or assume symptoms', 'output must be either', 'headache']"
90178,"['use only the clinical note provided', 'do not include negated symptoms', 'do not infer or assume symptoms', 'output must be either', 'headache', 'nausea', 'vomiting']"
90213,"['use only the clinical note provided', 'do not include negated symptoms', 'do not infer or assume symptoms', 'output must be either', 'located throughout head', 'constant in duration', 'dull in characteristic achy', 'alleviated by nothing tried ibuprofen and tylenol with no effect', 'aggravated by movement', 'nonradiating', 'constant in timing', '9-10 10 on pain scaleassociated with malaise mylagias nausea and vomiting', 'headache', 'nausea', 'vomiting']"
90223,"['use only the clinical note provided', 'do not include negated symptoms', 'do not infer or assume symptoms', 'output must be either', 'descrbed as dull constant ache all over worst headache of life endorses photohobia also states she feels warm all over and nausease and vomiting', 'no cp sob numbess tingling', 'no relief with ibuprofen tylenol or sleep', 'denies any sick contacts or recent travel', 'headache', 'nausea', 'vomiting']"
90229,"['use only the clinical note provided', 'do not include negated symptoms', 'do not infer or assume symptoms', 'output must be either', 'headache', 'dull psychic symptoms', 'nausea and vomiting', 'migraine', 'none specified']"
90325,"['use only the clinical note provided', 'do not include negated symptoms', 'do not infer or assume symptoms', 'output must be either', 'constant global ha', 'nausea', 'vomiting', 'headache 2 days ago', 'tired and sleepy', 'warm skin', 'scratchy throat', 'decreased appetite']"
90478,"['use only the clinical note provided', 'do not include negated symptoms', 'do not infer or assume symptoms', 'output must be either', 'headache', 'neck pain', 'shoulder pain', 'stiffness', 'migraine', 'none specified in the clinical note']"
90633,"['use only the clinical note provided', 'do not include negated symptoms', 'do not infer or assume symptoms', 'output must be either', 'nausea', 'vomiting', 'headache', 'runny nose', 'nausea vomiting headache runny nose']"
90637,"['use only the clinical note provided', 'do not include negated symptoms', 'do not infer or assume symptoms', 'output must be either', 'severe constant ache headace', 'photophobia', 'fever', 'nasal congestion', 'rhinorrhea', 'scratchy throat', 'vomiting']"
90640,"['use only the clinical note provided', 'do not include negated symptoms', 'do not infer or assume symptoms', 'output must be either', 'bilateral 8 10 headache', 'achy pain not relieved by tylenol ibuprofen or sleep', 'rhinorrhea', 'sore throat', 'neck stiffness', 'photophobia']"
90719,"['use only the clinical note provided', 'do not include negated symptoms', 'do not infer or assume symptoms', 'output must be either', 'headache', 'nausea', 'vomiting', 'fever', 'fatigue', 'achy muscles']"
90766,"['use only the clinical note provided', 'do not include negated symptoms', 'do not infer or assume symptoms', 'output must be either', 'headache', 'nausea', 'vomiting', 'rhinorrhea', 'headaches', 'none specified in the clinical note']"
90900,"['use only the clinical note provided', 'do not include negated symptoms', 'do not infer or assume symptoms', 'output must be either', 'headache', 'severe pain dull and achy', 'sensitivity to light', 'nausea and vomiting 3 times']"
90911,"['use only the clinical note provided', 'do not include negated symptoms', 'do not infer or assume symptoms', 'output must be either', 'headache', 'fatigue', 'aches', 'vomiting', 'eye pain']"
90922,"['use only the clinical note provided', 'do not include negated symptoms', 'do not infer or assume symptoms', 'output must be either', 'headache', 'neck pain tightness', 'nausea', 'vomiting', 'body aches', 'light pain in the eyes', 'headache - symptom', 'neck pain tightness - symptom', 'nausea - symptom', 'vomiting - symptom', 'body aches - symptom']"
91036,"['use only the clinical note provided', 'do not include negated symptoms', 'do not infer or assume symptoms', 'output must be either', 'dull throbbing bilateral constant ache', 'vomiting']"
91233,"['use only the clinical note provided', 'do not include negated symptoms', 'do not infer or assume symptoms', 'output must be either', 'headache', 'nausea', 'vomiting', 'fever', 'photophobia']"
91251,"['use only the clinical note provided', 'do not include negated symptoms', 'do not infer or assume symptoms', 'output must be either', 'headache', 'nausea', 'vomiting', 'photophobia', 'achy', 'nuchal rigidity']"
91253,"['use only the clinical note provided', 'do not include negated symptoms', 'do not infer or assume symptoms', 'output must be either', 'headache', 'vomiting', 'achy all over', 'scratchy throat']"
91299,"['use only the clinical note provided', 'do not include negated symptoms', 'do not infer or assume symptoms', 'output must be either', 'headache', 'nausea', 'vomiting', 'achy all over', 'lethargic', 'painful ache', 'vision change']"
91304,"['use only the clinical note provided', 'do not include negated symptoms', 'do not infer or assume symptoms', 'output must be either', 'headache', 'photophobia', 'fever', 'nasal discharge']"
91500,"['use only the clinical note provided', 'do not include negated symptoms', 'do not infer or assume symptoms', 'output must be either', 'headache', 'generalised pain', 'fever', 'vomiting', 'runny nose', 'sore throat']"
91509,"['use only the clinical note provided', 'do not include negated symptoms', 'do not infer or assume symptoms', 'output must be either', 'headache', 'dull non-pulsatile and constant pain', 'increased pain with walking and bending over', 'photophobia', 'nausea', 'vomiting', 'neck pain with movement', 'warmth']"
91563,"['use only the clinical note provided', 'do not include negated symptoms', 'do not infer or assume symptoms', 'output must be either', 'headache', 'sore throat', 'body aches']"
91594,"['use only the clinical note provided', 'do not include negated symptoms', 'do not infer or assume symptoms', 'output must be either', 'dull ache', 'worsening with walking', 'sensitive to light and neck stiffness', 'chronic pain', 'not provided in the context']"
91601,"['use only the clinical note provided', 'do not include negated symptoms', 'do not infer or assume symptoms', 'output must be either', 'headache', 'dull ache', 'headache that gets worse with walking or bending over', 'headache that is worse than previous headaches', 'photophobia', 'nausea', 'fever']"
91613,"['use only the clinical note provided', 'do not include negated symptoms', 'do not infer or assume symptoms', 'output must be either', 'headache', 'nausea', 'vomiting', 'warm to the touch', 'photophobia', 'stop smoking', 'take over-the-counter pain relievers', 'avoid triggers avoid triggers for migraines']"
91711,"['use only the clinical note provided', 'do not include negated symptoms', 'do not infer or assume symptoms', 'output must be either', 'severe headache', 'dull constant pain', 'worsening pain with walking and bending', 'photosensitivity', 'vomiting episodes']"
91721,"['use only the clinical note provided', 'do not include negated symptoms', 'do not infer or assume symptoms', 'output must be either', 'reports global headache described as dull and constant rated a 8 10 in severity', 'assocaited photophobia vomiting with an episode of bilious emesis', 'assocaited neck and shoulder stiffness', 'reports subjective fever', 'lmp 2 weeks ago', 'ros headache vomiting photophobia denies phonophobia changes in vision weakness numbness or tingling sensation', 'headache', 'vomiting', 'photophobia', 'neck stiffness', 'fever', 'headaches due to underlying medical conditions', 'refer for further evaluation and management of underlying medical conditions']"
91736,"['use only the clinical note provided', 'do not include negated symptoms', 'do not infer or assume symptoms', 'output must be either', 'headache', 'fever', 'photophobia', 'nausea and vomiting']"
91776,"['use only the clinical note provided', 'do not include negated symptoms', 'do not infer or assume symptoms', 'output must be either', 'headache', 'nausea', 'vomiting', 'achy all over', 'neck pain', 'runny nose']"
91922,"['use only the clinical note provided', 'do not include negated symptoms', 'do not infer or assume symptoms', 'output must be either', 'headache', 'nausea', 'vomiting']"
92081,"['use only the clinical note provided', 'do not include negated symptoms', 'do not infer or assume symptoms', 'output must be either', 'headache', 'eye pain', 'nausea and vomiting', 'muscle weakness', 'abdominal pain']"
92097,"['use only the clinical note provided', 'do not include negated symptoms', 'do not infer or assume symptoms', 'output must be either', 'headaches', 'migraine headache', 'none specified in the note']"
92118,"['use only the clinical note provided', 'do not include negated symptoms', 'do not infer or assume symptoms', 'output must be either', 'patient reports dull constant ache 8 10 headache that began yesterday morning patient notes that headache is worsening', 'patient was woken from sleep due to headache', 'aggravating factors include light bending over along with walking', 'patient notes no relieving factors after using tyelenol ibuprofen and sleeping', 'affirms fever vomiting and feeling sick', 'denies nausea chest pain shortness of breath bowel or urinary complaints visual field changes hearing changes gait imbalance', 'lmp 2 weeks ago regular 28-30 day cycles not related to headache', 'headache']"
92194,"['use only the clinical note provided', 'do not include negated symptoms', 'do not infer or assume symptoms', 'output must be either', 'headache', 'nausea', 'vomiting', 'nasal discharge', 'general malaise']"
92203,"['use only the clinical note provided', 'do not include negated symptoms', 'do not infer or assume symptoms', 'output must be either', 'severe headache', 'nausea', 'vomiting', 'light sensitivity']"
92224,"['use only the clinical note provided', 'do not include negated symptoms', 'do not infer or assume symptoms', 'output must be either', 'started suddenly constant all over the head she stated it as very sever pregrassive not allevoiated by anything exacerbated by moving bending forward', 'associated by vomiting 3 times food content nausea and feeling warm', 'she feels scrachy throat as well with runny nose', 'no trauma no loc no weakness', 'no aura beforee the headache', 'no eye tearing', 'headache', 'vomiting', 'nausea', 'scratchy throat', 'runny nose']"
92263,"['use only the clinical note provided', 'do not include negated symptoms', 'do not infer or assume symptoms', 'output must be either', 'headaches', 'neck pain', 'fever', 'nausea and vomiting', 'greenish substance in the mouth and nose']"
92300,"['use only the clinical note provided', 'do not include negated symptoms', 'do not infer or assume symptoms', 'output must be either', 'headache', 'nausea', 'vomiting', 'warmth', 'viral gastroenteritis', 'nothing prescribed']"
92364,"['use only the clinical note provided', 'do not include negated symptoms', 'do not infer or assume symptoms', 'output must be either', 'headache', 'muscle joint aches', 'fever', 'runny nose', 'throat soreness', 'nausea', 'vomiting']"
92385,"['use only the clinical note provided', 'do not include negated symptoms', 'do not infer or assume symptoms', 'output must be either', 'started yesterday morning and progressively worse', 'never had this headache before', 'generalized 8 10 headache without improvement when taking tylenol or ibuprofen', 'pain increased with walking bending forward', 'no relieving factor dull constant pain no radiation bright light can elicit pain nause and vomiting nonbloody emesis x2 yesterday', 'headache', 'migraine', 'ocps for 2 years']"
92419,"['use only the clinical note provided', 'do not include negated symptoms', 'do not infer or assume symptoms', 'output must be either', 'headache', 'nausea', 'vomiting', 'headaches', 'ocp']"
92464,"['use only the clinical note provided', 'do not include negated symptoms', 'do not infer or assume symptoms', 'output must be either', 'headache', 'neck stiffness', 'migraine', 'avoid triggers avoid walking bending forward bright lights', 'take pain medication take ibuprofen or acetaminophen', 'apply cold or heat to the head', 'pt is a high-risk for']"
92564,"['use only the clinical note provided', 'do not include negated symptoms', 'do not infer or assume symptoms', 'output must be either', 'headache', 'nausea', 'vomiting']"
92590,"['use only the clinical note provided', 'do not include negated symptoms', 'do not infer or assume symptoms', 'output must be either', 'headache', 'sore throat', 'body aches', 'rhinorrhea', 'nausea', 'vomiting', 'light and sound sensitivity', 'dull and constant pain']"
92596,"['use only the clinical note provided', 'do not include negated symptoms', 'do not infer or assume symptoms', 'output must be either', 'ha dull and constant in nature', 'nausea and vomiting', 'headache']"
92655,"['use only the clinical note provided', 'do not include negated symptoms', 'do not infer or assume symptoms', 'output must be either', 'bilateral dull constant headache which woke her up in the morning yesterday', 'neck stiffness with her headache', 'feeling warm']"
92680,"['use only the clinical note provided', 'do not include negated symptoms', 'do not infer or assume symptoms', 'output must be either', 'headache', 'nausea', 'vomiting', 'rhinorrhea', 'full-body aches', 'neck stiffness', 'pain']"
92688,"['use only the clinical note provided', 'do not include negated symptoms', 'do not infer or assume symptoms', 'output must be either', 'ha', 'nausea and vomiting', 'warm sensation yesterday']"
92699,"['use only the clinical note provided', 'do not include negated symptoms', 'do not infer or assume symptoms', 'output must be either', 'headache since yesterday morning upon waking', 'nausea and vomited three times with greenish vomitus', 'photophobia', 'feels hungover', 'minimal improvement with tylenol and ibuprofen', 'pain is worse with bending over', 'no dizziness vision problems or problems with balance', 'subjective fever no chills no diarrhea constipation', 'headache', 'nausea', 'vomiting', 'hangover', 'pain with bending over']"
92768,"['use only the clinical note provided', 'do not include negated symptoms', 'do not infer or assume symptoms', 'output must be either', 'headache', 'nausea', 'vomiting', 'photophobia', 'fever', 'cough', 'throat scratchiness', 'nasal drainage', 'migraine', 'acetaminophen 500mg every 4 hours', 'ibuprofen 200mg every 4 hours']"
92985,"['use only the clinical note provided', 'do not include negated symptoms', 'do not infer or assume symptoms', 'output must be either', 'headache', 'migraine headache', 'ocps no further evaluation']"
93113,"['use only the clinical note provided', 'do not include negated symptoms', 'do not infer or assume symptoms', 'output must be either', 'headache', 'fatigue', 'nausea', 'vomiting', 'avoid triggers avoiding triggers may help prevent future migraines', 'take preventive medication take preventive medication to reduce the frequency and severity of migraines']"
93115,"['use only the clinical note provided', 'do not include negated symptoms', 'do not infer or assume symptoms', 'output must be either', 'headache 8 10', 'nausea', 'vomiting 3']"
93138,"['use only the clinical note provided', 'do not include negated symptoms', 'do not infer or assume symptoms', 'output must be either', 'headache', 'photophobia', 'nausea', 'vomiting', 'neck stiffness', 'aches in neck and shoulders', 'runny nose', 'scratchy throat']"
93160,"['use only the clinical note provided', 'do not include negated symptoms', 'do not infer or assume symptoms', 'output must be either', 'headache', 'nausea and vomiting', 'fever', 'rhinorrhea', 'acute viral upper respiratory tract infection', 'ocp for 2 y']"
93216,"['use only the clinical note provided', 'do not include negated symptoms', 'do not infer or assume symptoms', 'output must be either', 'headache', 'nausea', 'achy all over']"
93296,"['use only the clinical note provided', 'do not include negated symptoms', 'do not infer or assume symptoms', 'output must be either', 'vomiting', 'headache']"
93346,"['use only the clinical note provided', 'do not include negated symptoms', 'do not infer or assume symptoms', 'output must be either', 'headache', 'photophobia', 'vomiting', 'generalized myalgias', 'runny nose', 'sore throat']"
93362,"['use only the clinical note provided', 'do not include negated symptoms', 'do not infer or assume symptoms', 'output must be either', 'headache', 'nausea', 'vomiting', 'photophobia']"
93413,"['use only the clinical note provided', 'do not include negated symptoms', 'do not infer or assume symptoms', 'output must be either', 'headache', 'nausea', 'vomiting', 'photophobia', 'rhinorrhea', 'sore throat', 'fever']"
93486,"['use only the clinical note provided', 'do not include negated symptoms', 'do not infer or assume symptoms', 'output must be either', 'headache', 'nasal congestion', 'diarrhea', 'vomiting']"
93527,"['use only the clinical note provided', 'do not include negated symptoms', 'do not infer or assume symptoms', 'output must be either', 'headache', 'nausea', 'vomiting']"
93534,"['use only the clinical note provided', 'do not include negated symptoms', 'do not infer or assume symptoms', 'output must be either', 'headache', 'fever', 'neck stiffness', 'photosensitivity', 'vomiting']"
93554,"['use only the clinical note provided', 'do not include negated symptoms', 'do not infer or assume symptoms', 'output must be either', 'headache', 'vomiting', 'fever']"
93634,"['use only the clinical note provided', 'do not include negated symptoms', 'do not infer or assume symptoms', 'output must be either', 'headache', 'nausea', 'vomiting']"
93694,"['use only the clinical note provided', 'do not include negated symptoms', 'do not infer or assume symptoms', 'output must be either', 'headache', 'dull ache', 'nausea and vomiting', 'uri symptoms']"
93712,"['use only the clinical note provided', 'do not include negated symptoms', 'do not infer or assume symptoms', 'output must be either', 'holocranial headache', 'neck stiffness', 'pain', 'nausea', 'decreased appetite', 'vomiting', 'body aches']"
93731,"['use only the clinical note provided', 'do not include negated symptoms', 'do not infer or assume symptoms', 'output must be either', 'ha', 'nausea with nonbloody vomiting', 'pain with walking and bending over to tie shoes']"
93779,"['use only the clinical note provided', 'do not include negated symptoms', 'do not infer or assume symptoms', 'output must be either', 'headache', 'vomiting', 'nausea', 'bright light sensitivity', 'runny nose', 'itchy throat', 'avoid bright light', 'take ibuprofen for headaches', 'consider anti-nausea medication', 'the patient denies any ear pain']"
93853,"['use only the clinical note provided', 'do not include negated symptoms', 'do not infer or assume symptoms', 'output must be either', 'headache', 'scratchy throat', 'generalized malaise', 'headache that worsened with movement', 'photophobia', 'nausea and vomiting']"
93972,"['use only the clinical note provided', 'do not include negated symptoms', 'do not infer or assume symptoms', 'output must be either', 'headache', 'nausea vomiting 3x']"
93988,"['use only the clinical note provided', 'do not include negated symptoms', 'do not infer or assume symptoms', 'output must be either', 'headache', 'photophobia', 'nausea', 'vomiting']"
94167,"['use only the clinical note provided', 'do not include negated symptoms', 'do not infer or assume symptoms', 'output must be either', 'headache', 'nausea', 'vomiting', 'achiness in neck and shoulders', 'photophobia', 'runny nose', 'scratchy throat']"
94243,"['use only the clinical note provided', 'do not include negated symptoms', 'do not infer or assume symptoms', 'output must be either', 'headache', 'nausea', 'vomiting', 'achy diffuse covering whole head', 'photophobia', 'myalgias', 'migraine', 'ocps tylenol ibuprofen sleep avoid triggers photophobia certain foods etc']"
94260,"['use only the clinical note provided', 'do not include negated symptoms', 'do not infer or assume symptoms', 'output must be either', 'headache', 'the patient is a high-risk for migraines']"
94271,"['use only the clinical note provided', 'do not include negated symptoms', 'do not infer or assume symptoms', 'output must be either', 'started yesterday morning', 'all over constant dull ache', 'hast trried ibuprofen k tylenol and sleep without improvment', 'walking and bending over worsen the apin', 'headache', 'migraine']"
94306,"['use only the clinical note provided', 'do not include negated symptoms', 'do not infer or assume symptoms', 'output must be either', 'headaches', 'neck pain', 'shoulder pain', 'light sensitivity', 'muscle aches', 'vomiting', 'warm sensation', 'ocp use']"
94315,"['use only the clinical note provided', 'do not include negated symptoms', 'do not infer or assume symptoms', 'output must be either', 'headache', 'nausea', 'vomiting']"
94372,"['use only the clinical note provided', 'do not include negated symptoms', 'do not infer or assume symptoms', 'output must be either', 'headache', 'vomiting']"
94465,"['use only the clinical note provided', 'do not include negated symptoms', 'do not infer or assume symptoms', 'output must be either', 'headache', 'nausea', 'vomiting', 'fever', 'migraine', 'oral contraceptives for migraines', 'avoid triggers bright light walking food']"
94475,"['use only the clinical note provided', 'do not include negated symptoms', 'do not infer or assume symptoms', 'output must be either', 'headache', 'stiff neck', 'body aches', 'severe n v']"
94561,"['use only the clinical note provided', 'do not include negated symptoms', 'do not infer or assume symptoms', 'output must be either', 'headache', 'vomiting', 'nausea', 'photophobia', 'neck pain', 'migraine', 'medication for migraines']"
94592,"['use only the clinical note provided', 'do not include negated symptoms', 'do not infer or assume symptoms', 'output must be either', 'severe headache', 'photophobia', 'nausea', 'vomiting']"
94609,"['use only the clinical note provided', 'do not include negated symptoms', 'do not infer or assume symptoms', 'output must be either', 'headache', 'nausea', 'vomiting', 'fever', 'scratchy throat', 'runny nose', 'body aches', 'photophobia', 'phonophobia']"
94652,"['use only the clinical note provided', 'do not include negated symptoms', 'do not infer or assume symptoms', 'output must be either', 'headache', 'nausea', 'vomiting', 'decreased appetite', 'sore throat', 'fever', 'running nose']"
94656,"['use only the clinical note provided', 'do not include negated symptoms', 'do not infer or assume symptoms', 'output must be either', 'severe headache', 'nausea', 'vomiting']"
94726,"['use only the clinical note provided', 'do not include negated symptoms', 'do not infer or assume symptoms', 'output must be either', 'headache', 'body aches', 'vomiting']"
94729,"['use only the clinical note provided', 'do not include negated symptoms', 'do not infer or assume symptoms', 'output must be either', 'had previous headaches before but nothing like this', 'headache is all over the head and constant', 'associated with nause and vomit x 3 of gastric contents with no blood', 'today she has photophobia and feels hyperthermia', 'headache', 'nausea and vomiting', 'photophobia', 'hyperthermia']"
94754,"['use only the clinical note provided', 'do not include negated symptoms', 'do not infer or assume symptoms', 'output must be either', 'headache']"
94979,"['use only the clinical note provided', 'do not include negated symptoms', 'do not infer or assume symptoms', 'output must be either', 'headache', 'vomiting', 'photophobia', 'neck stiffness', 'migraine', 'ocps for 2yrs']"
95046,"['use only the clinical note provided', 'do not include negated symptoms', 'do not infer or assume symptoms', 'output must be either', 'headache']"
95066,"['use only the clinical note provided', 'do not include negated symptoms', 'do not infer or assume symptoms', 'output must be either', 'headache in all the head the worst of her life', 'nausea and vomiting in 3 episodes since yesterday with food and green content', 'pain that radiates to the neck and shoulder', 'pain that worsens when movement of the neck and limited neck mobility']"
95128,"['use only the clinical note provided', 'do not include negated symptoms', 'do not infer or assume symptoms', 'output must be either', 'headaches', 'fever', 'vomiting', 'neck pain', 'ibuprofen 200mg every 4 hrs', 'light therapy', 'avoid triggers smoking alcohol bright lights etc', 'the patient is currently']"
95145,"['use only the clinical note provided', 'do not include negated symptoms', 'do not infer or assume symptoms', 'output must be either', 'headache', 'neck pain', 'nausea', 'vomiting', 'ocp']"
95228,"['use only the clinical note provided', 'do not include negated symptoms', 'do not infer or assume symptoms', 'output must be either', 'headache', 'photosensitivity', 'uri symptoms', 'allergic rhinitis', 'oral antihistamines']"
95243,"['use only the clinical note provided', 'do not include negated symptoms', 'do not infer or assume symptoms', 'output must be either', 'headache', 'nausea', 'vomiting', 'light sensitivity', 'stop ocp', 'give prophylactic therapy for migraines e g ibuprofen triptans', 'monitor for side effects of medications']"
95330,"['use only the clinical note provided', 'do not include negated symptoms', 'do not infer or assume symptoms', 'output must be either', 'dull constant pain around her head', 'nausea', 'vomiting', 'dull constant pain around her head -']"
95333,"['use only the clinical note provided', 'do not include negated symptoms', 'do not infer or assume symptoms', 'output must be either', 'headache', 'dull constant ache bilaterally', 'pain with walking bending over', 'photobia']"
