pn_num,predictions
16,"['palpitations', 'chest pressure', 'passing out feeling', 'adderall abuse', 'soccer game', 'adderrall use before recent soccer game']"
41,"['heart pounding', 'shortness of breath', 'pressure on chest during attacks']"
46,"['palpitations', 'light headedness', 'shortness of breath', 'anxiety', 'nervousness']"
82,"['heart racing', 'heart pounding', 'light headedness', 'shortness of breath']"
100,"['intermittent tachycardia', 'pounding heart beat', 'light headedness', 'chest pressure']"
161,"['palpitations', 'breathlessness', 'constricting pressure over chest']"
188,"['heart pounding', 'chest pressure']"
211,"['palpitations', 'lightheadedness', 'shortness of breath', 'chest pressure']"
224,"['chest pain', 'heart palpitations', 'feeling of passing out', 'dizziness', 'lightheadedness']"
225,"['heart pounding', 'shortness of breath']"
234,"['heart pounding', 'progressively worsening heart pounding episodes', 'severe heart pounding episode', 'no sweating', 'no chest pain', 'no shortness of breath', 'no cough', 'no swelling of legs', 'no headaches', 'no blurry vision']"
331,"['palpitations', 'shortness of breath sob', 'chest pressure']"
344,"['pounding heart beat', 'palpitations', 'shortness of breath', 'midsternal pressure', 'marijuana use', 'use of adderall a few times a week', 'sexual activity with girlfriend', 'college freshman']"
352,"['palpitations', 'chest tightness']"
372,"['heart pounding', 'sensation of heart jumping out of chest', 'shortness of breath sob', 'chest pressure', 'lightheadedness']"
390,"['heart pounding', 'pressure in chest', 'none no other symptoms reported']"
426,"['chest pressure', 'shortness of breath', 'heart palpitations']"
464,"['heart palpitation', 'pressure', 'shortness of breath', 'lightheadedness']"
489,"['chest pressure', 'shortness of breath', 'lightheadedness', 'heart pounding']"
495,"['heart racing palpitations', 'chest pressure', 'shortness of breath sob']"
510,"['heart pounding', 'shortness of breath', 'chest pressure discomfort']"
575,"['heart racing', 'heart pounding', 'chest pressure', 'light-headedness', 'feeling of passing out']"
583,"['heart palpitations', 'chest pressure', 'shortness of breath during episode']"
585,"['heart pounding', 'chest pressure', 'shortness of breath', 'feeling of passing out', 'sudden onset of symptoms during physical activity']"
625,"['heart pounding', 'shortness of breath', 'chest pressure']"
653,"['heart palpitations', 'chest pressure', 'shortness of breath']"
669,"['increased heart rate', 'palpitations inferred from increased heart rate']"
673,['palpitations']
699,"['heart pounding', 'fast heart rate', 'chest tightness']"
701,"['heart palpitations', 'chest pressure', 'sensation of passing out']"
719,"['heart pounding', 'chest pressure', 'shortness of breath', 'light headedness']"
768,"['heart pounding', 'shortness of breath for 2 days']"
769,"['heart pounding', 'chest pressure', 'shortness of breath', 'lightheadedness', 'episodes lasting 10 minutes', 'heart jumping out of chest', 'chest pain', 'symptoms occurring while exercising', 'symptoms occurring while sitting around', 'symptoms after taking adderrall', 'symptoms not']"
777,"['palpitations', 'shortness of breath sob', 'lightheadedness', 'chest pressure']"
796,"['heart palpitations', 'chest pressure', 'shortness of breath', 'lightheadedness']"
804,"['tachycardia', 'lightheadedness']"
810,"['heart pounding', 'shortness of breath', 'lightheadedness']"
816,"['heart pounding', 'chest pressure', 'shortness of breath sob', 'light-headedness']"
817,"['palpitations', 'shortness of breath sob', 'chest pressure', 'lightheadedness']"
821,"['heart pounding', 'midline chest pressure']"
831,"['heart palpitations', 'chest tightness', 'shortness of breath', 'stress', 'caffeine consumption 3-4 cups day', 'none no other symptoms reported']"
861,"['heart pounding', 'chest pressure', 'shortness of breath']"
883,"['heart pounding', 'light-headedness', 'shortness of breath', 'central chest pressure']"
970,"['racing heart', 'heart pounding', 'shortness of breath associated with the most recent episode']"
977,"['heart pounding', 'lightheadedness', 'shortness of breath', 'chest heaviness']"
987,"['palpitations', 'lightheadedness', 'shortness of breath', 'chest pressure']"
1010,"['pounding heart', 'shortness of breath', 'lightheadedness', 'none no other symptoms were reported or observed']"
1110,"['palpitations', 'exercise', 'adderall use']"
1115,"['heart palpitations', 'shortness of breath']"
1133,"['heart racing', 'shortness of breath', 'lightheadedness', 'chest pressure', 'none no other symptoms were reported or observed']"
1146,"['palpitations', 'chest pressure', 'syncope felt like almost passed out']"
1149,"['intermittent episodes of cardiac palpitations', 'lightheadedness', 'shortness of breath sob']"
1151,"['heart palpitations', 'shortness of breath', 'caffeine consumption', 'adderall use']"
1165,['heart racing']
1173,"['heart palpitations', 'non-radiating chest pressure', 'shortness of breath', 'taking aderall']"
1186,"['heart pounding', 'shortness of breath']"
1200,"['heart pounding', 'chest pressure', 'palpitations lasting 3-4 minutes', 'palpitations lasting 10 minutes associated with chest pressure']"
1209,"['shortness of breath', 'lightheadedness', 'palpitations']"
1235,"['heart palpitations', 'chest pain', 'chest discomfort', 'anxiety implied from it feels like my chest is going to jump out']"
1250,"['heart racing', 'palpitations', 'shortness of breath sob']"
1264,"['heart racing pounding', 'chest pressure', 'light headedness', 'shortness of breath']"
1270,"['heart pounding', 'shortness of breath', 'chest pressure']"
1281,"['chest pressure', 'shortness of breath', 'palpitations']"
1318,"['chest pressure', 'shortness of breath', 'palpitations', 'tachycardia']"
1376,"['heart pounding', 'chest throbbing', 'shortness of breath', 'light headedness']"
1512,"['palpitations', 'shortness of breath sob', 'substernal chest pressure associated with sob']"
1547,"['racing heart', 'palpitations', 'shortness of breath', 'lightheadedness', 'pressure in the center of the chest', 'adderall use']"
1581,"['heart pounding', 'lightheadedness', 'palpitations feeling like heart is beating fast or out of chest', 'shortness of breath', 'chest pressure non-radiating']"
1587,"['rapid heart beating', 'pressure in the center of chest', 'non-radiating', 'lightheadedness']"
1613,"['heart pounding', 'chest pressure', 'shortness of breath', 'presyncope']"
1622,"['heart pounding', 'lightheadedness', 'episodes of heart racing']"
1652,"['palpitations', 'shortness of breath', 'dizziness']"
1692,"['chest palpitations', 'shortness of breath', 'lightheadedness', 'chest pressure']"
1694,"['racing heart', 'shortness of breath', 'lightheadedness']"
1699,"['heart racing', 'heart pounding', 'chest pressure', 'dyspnea']"
1723,"['heart palpitations', 'chest pressure', 'stress', 'anxiety']"
1742,"['heart racing', 'heart pounding', 'chest pressure', 'shortness of breath', 'dizziness', 'syncope fainting']"
1809,"['heart pounding', 'racing heart', 'substernal chest pain', 'lightheadedness']"
1835,"['heart palpitations', 'chest pressure', 'lightheadedness', 'severe episode lasting 10 minutes']"
1847,"['palpitations', 'dyspnea']"
1855,"['palpitations', 'dyspnea', 'presyncopal feelings', 'pressure in chest']"
1881,"['palpitations', 'chest pressure', 'dyspnea', 'lightheadedness']"
1939,"['heart pounding', 'chest tightness', 'shortness of breath sob', 'none for other symptoms like dizziness intolerance to heat diaphoresis hand tremor change of bowel movements']"
1948,"['heart pounding', 'chest pressure', 'difficulty in breathing']"
2078,"['heart racing', 'chest pain', 'palpitations']"
2151,"['chest pounding', 'chest pressure', 'shortness of breath sob']"
2163,"['heart palpitations', 'dizziness', 'shortness of breath', 'chest pressure']"
2184,"['irregular heartbeat', 'pounding in chest', 'chest pain', 'heart palpitations', 'anxiety inferred from stressful transition to college and coping measures', 'marijuana use in past']"
2198,"['sudden onset of episodic palpitations', 'chest pressure', 'shortness of breath sob', 'mild worry about having next episode', 'stress in college adjusting to new environment']"
2201,"['palpitations', 'lightheadedness', 'shortness of breath', 'chest pressure']"
2223,"['palpitations', 'chest pressure', 'light headedness']"
2271,"['palpitations', 'shortness of breath', 'pre-syncope', 'none no other symptoms were reported or observed in the clinical note']"
2285,"['palpitations', 'racing heart', 'shortness of breath during physical activity']"
2290,"['heart pounding', 'pressure sensation in the center of the chest', 'shortness of breath', 'lightheadedness']"
2308,"['heart palpitations', 'chest pressure', 'difficulty breathing', 'anxiety inferred from symptoms and frequency']"
2315,['heart palpitations']
2425,"['palpitations', 'shortness of breath', 'no visual disturbances', 'no sweating', 'episodes during rest and exertion', 'progressively worsened symptoms', 'no changes in bowel movement', 'no heat intolerance', 'no skipped meals', 'no']"
2428,"['palpitations', 'shortness of breath', 'chest pressure', 'feeling of passing out']"
2430,"['heart pounding', 'heart racing', 'pressure', 'shortness of breath', 'light headedness']"
2436,"['chest palpitations', 'shortness of breath during basketball game', 'chest fluttering']"
10004,"['right lower quadrant abdominal pain', 'cramping pain', 'walking worsens the pain']"
10010,"['abdominal pain', 'diarrhea', 'poor appetite']"
10013,"['abdominal pain', 'nausea', 'loss of appetite', 'diarrhea', 'intermittent diarrhea', 'loose fitting clothes indicates weight loss but not a symptom itself']"
10019,"['abdominal pain', 'right lower quadrant pain', 'dull achy pain', 'pain worsens with walking', 'nonbloody diarrhea', 'decreased appetite']"
10028,"['right lower quadrant abdominal pain', 'diarrhea']"
10030,"['dull right lower quadrant pain', 'diarrhea brown in color watery', 'fever', 'decreased appetite', 'weight loss not measured for past one month', 'worsening of pain compared to previous episodes']"
10044,"['right lower quadrant pain', 'diarrhea', 'decreased appetite']"
10047,"['right lower quadrant pain', 'diarrhea', 'watery brown loose stool', 'decreased appetite', 'weight loss unspecified amount', 'none for other symptoms']"
10067,"['abdominal pain', 'right lower quadrant pain', 'diarrhea', 'loss of appetite', 'history of recurrent abdominal pain 3-4x in the past 6 months', 'pain worsens with walking', 'pain relieved by ibuprofen']"
10075,"['right lower quadrant pain', 'diarrhea', 'progressively worsening pain', 'pain rated 5 10', 'pain described as dull achy']"
10101,"['right lower quadrant pain', 'diarrhea', 'nausea or vomiting']"
10123,"['abdominal pain', 'right lower quadrant pain', 'dull achey pain', 'pain worse with walking', 'decreased appetite', 'ibu helps', 'multiple episodes of abdominal pain', 'pain not radiating', 'diarrhea', 'diarrhe']"
10124,"['right lower abdominal pain', 'diarrhea', 'walking makes her pain worse']"
10131,"['diarrhea', 'right lower quadrant pain']"
10132,"['right lower quadrant abdominal pain', 'dull aching cramps', 'watery diarrhea', 'weight loss']"
10137,"['abdominal pain', 'dull aching', 'constant', 'multiple episodes over the past 6 months', 'diarrhea', 'diarrhea without blood', 'increased frequency of stools 5-6 per day', 'ibuprofen ineffective']"
10174,"['abdominal pain', 'right lower quadrant pain', 'pain began 8-10 hours ago', 'pain is achey crampy', 'pain is worse with walking', 'pain is better but not relieved with ibuprofen', 'no nausea', 'some appetite']"
10180,"['abdominal pain', 'right lower quadrant pain', 'diarrhea', 'watery stool', 'brown stool', 'no blood in stool', 'no odors in stool']"
10181,"['abdominal pain', 'right lower quadrant pain', 'weight loss', 'decreased appetite', 'diarrhea', 'no vomiting', 'no dyspnea', 'no urinary changes', 'no numbness or tingling', 'no fatigue', 'no trauma']"
10182,"['abdominal pain', 'right lower quadrant pain', 'chronic abdominal pain past 2-3x in last 6 months', 'diarrhea', 'decreased appetite']"
10183,"['right lower quadrant abdominal pain', 'diarrhea']"
10192,"['abdominal pain', 'diarrhea', 'loose watery bowel movements']"
10196,"['right lower quadrant pain', 'cramping', 'radiating pain', 'aggravated by walking', 'relieved by ibuprofen', 'history of fever', 'no history of heartburn or related to food', 'no history of diarrhea', 'watery di']"
10201,"['abdominal pain', 'right lower quadrant pain', 'worsening abdominal pain', 'pain that worsens with walking', 'loose fitting clothes', 'diarrhea', 'diarrhea for 2 days', 'diarrhea 4-5 times per day']"
10206,"['abdominal pain', 'right lower quadrant pain', 'diarrhea', 'decreased appetite', 'worsening abdominal pain', 'pain aggravated by walking', 'pain minimally relieved by ibuprofen', 'diarrhea for last 2-3 days']"
10216,"['dull aching pain in lower right quadrant', 'increased frequency of diarrhea 3-4 times per day', 'light brown watery diarrhea', 'reduced appetite', 'loosening of clothes', 'pain worsens with walking', 'pain']"
10223,"['recurrent abdominal pain', 'right lower quadrant pain', 'diarrhea 4-5 times daily']"
10227,"['abdominal pain', 'decreased appetite', 'diarrhea', 'ibuprofen-responsive abdominal pain', 'pain exacerbated by walking']"
10228,"['right lower quadrant pain', 'diarrhea', 'weight change clothes fitting looser']"
10233,"['abdominal pain', 'dull-achy cramp', 'progressive abdominal pain', 'reduced appetite', 'watery diarrhea', 'loose fitting clothes']"
10267,"['anorexia', 'fever', 'episodic diarrhea', 'clothes fitting more loosely', 'rlq pain']"
10268,"['right lower quadrant abdominal pain', 'dull achy abdominal pain', 'worsening abdominal pain', 'diarrhea', 'decreased appetite']"
10269,"['abdominal pain', 'right lower quadrant pain', 'dull achy abdominal pain', 'constant abdominal pain', 'worsening abdominal pain', 'decreased appetite', 'loose watery stools', 'multiple episodes of abdominal pain and']"
10316,"['abdominal pain', 'diarrhea', 'loose stool', 'watery stool', 'decreased appetite']"
10321,"['abdominal pain', 'crampy abdominal pain', 'diarrhea', 'frequent diarrhea 3-4 episodes day', 'weight loss', 'decreased appetite', 'history of abdominal pain and diarrhea on and off']"
10329,"['right lower quadrant abdominal pain', 'cramp-like pain', 'pain worsens with walking', 'pain improves with ibuprophen', 'diarrhea brown and watery', 'regular menstrual cycle 28 day intervals 4 days of']"
10341,"['rlq abdominal pain', 'non-bloody diarrhea', 'increased stress', 'intermittent abdominal pain over the past 6 months', 'decreased appetite']"
10345,"['right lower quadrant pain', 'diarrhea', 'decreased appetite']"
10354,"['right lower quadrant pain', 'diarrhea', 'weight loss']"
10358,"['right lower quadrant pain', 'diarrhea', 'decreased appetite']"
10360,"['right lower quadrant abdominal pain', 'brownish watery diarrhea', 'anorexia']"
10368,"['abdominal pain right lower quadrant', 'dull achy pain', 'pain intensity 5 10', 'pain aggravated by walking', 'pain alleviated by ibuprofen', 'pain began during sleep', 'multiple episodes of abdominal pain']"
10369,"['abdominal pain', 'nausea', 'crampy abdominal pain worsens with walking', 'ibuprofen alleviates the abdominal pain', 'diarrhea loose stools', 'none no fever no association to']"
10384,"['abdominal pain', 'lower right quadrant abdominal pain', 'pain worsening over time', 'dull abdominal pain', 'pain exacerbated by movement', 'pain relieved by ibuprofen', 'history of recurrent abdominal pain', 'less severe']"
10414,"['abdominal pain', 'fever', 'diarrhea', 'anorexia', 'cramping pain']"
10420,"['abdominal pain', 'diarrhea', 'weight loss clothes getting lose', 'decreased appetite']"
10426,"['lower abdominal pain', 'diarrhea', 'crampy achy lower r quadrant abdominal pain', '4-5 episodes day of diarrhea', 'pain worse with walking', 'pain not related to food stress or menses', 'pain not']"
10454,"['abdominal pain', 'watery diarrhea', 'decreased appetite']"
10459,"['right lower quadrant abdominal pain', 'dull achy crampy pain', 'loss of appetite', 'diarrhea', 'diarrhea worsened going about 4-5 times a day', 'associated with nausea or vomiting no']"
10460,"['right lower quadrant abdominal pain', 'feverish', 'loose brown stools diarrhea', 'decreased appetite']"
10476,"['right lower quadrant pain', 'occasional watery diarrhea', 'undocumented weight loss']"
10487,"['abdominal pain', 'right lower quadrant pain', 'diarrhea', 'weight loss', 'poor appetite']"
10502,"['right lower quadrant abdominal pain', 'loose stools for 3 days', 'decreased appetite', 'weight loss indirectly inferred from pants fitting looser']"
10530,"['right lower quadrant pain', 'dull cramping pain', 'diarrhea']"
10534,"['right lower quadrant abdominal pain', 'diarrhea', 'fever', 'chills', 'weight loss', 'decreased appetite', 'sudden onset', 'dull and achy like a cramp', '5 10 in severity']"
10536,"['right lower abdominal pain', 'diarrhea', 'decreased appetite', 'loosening of clothes']"
10537,"['rlq abdominal pain', 'diarrhea', 'loose stools', 'brown stools', 'no nausea', 'no vomiting', 'no fever', 'no chills', 'no changes in urinary habits', 'negative ros except for diarrhea']"
10538,"['right lower quadrant abdominal pain', 'watery brown diarrhea', 'decreased appetite', 'weight loss recent', 'none for other symptoms']"
10542,"['rlq pain', 'diarrhea', 'loose stool', 'watery stool', 'constant pain', 'pain severity 5 10', 'dull aching pain']"
10555,"['lower quadrant pain', 'diarrhea', 'decreased appetite', 'weight loss induced by loose clothes']"
10589,"['abdominal pain', 'diarrhea', 'loose stools', 'cramp', 'pain worse with walking', 'loss of appetite']"
10592,"['abdominal pain', 'diarrhea', 'weight loss', 'decreased appetite']"
10593,"['right lower quadrant pain', 'diarrhea', 'loss of appetite', 'weight loss', 'pain worsens with walking']"
10608,"['right lower quadrant abdominal pain', 'diarrhea', 'decreased appetite', 'pain worsens with movement and walking', 'no fever', 'no headache', 'no change in urination']"
10620,"['decreased appetite', 'diarrhea', 'rlq abdominal pain dull alchy without radiation']"
10622,"['right lower quadrant abdominal pain', 'dull achy crampy abdominal pain', 'constantly present abdominal pain', 'aggravated by walking', 'not alleviated by ibuprofen', 'worsening abdominal pain', 'dec']"
10639,"['right lower quadrant abdominal pain', 'watery diarrhea', 'decreased appetite', 'loose fitting clothing', 'increased stress', 'intermittent abdominal pain for 6 months', 'progressing abdominal pain', 'pain not relieved by ibupro']"
10645,"['rlq abdominal pain', 'diarrhea', 'weight loss', 'decreased appetite']"
10646,"['right lower quadrant pain', 'dull and achy pain', 'pain worse with walking', 'pain better with ibuprofen', 'previous episode of right lower quadrant pain', 'gradual onset of pain', 'diarrhea', '4-5 times diarr']"
10659,"['rlq pain', 'diarrhea', 'low appetite', 'no eating since last dinner']"
10665,"['right lower quadrant abdominal pain', 'fever', 'diarrhea', 'loss of appetite', 'weight loss', 'abdominal pain worsens with movement']"
10693,"['lower right quadrant abdominal pain', 'diarrhea']"
10738,"['right lower quadrant pain', 'diarrhea', 'loose stools', 'abdominal pain worsened by walking']"
10747,"['right lower quadrant abdominal pain', 'diarrhea', 'brownish non bloody stool']"
10750,"['dull ache pain in the right lower quadrant of the abdomen', 'brown color diarrhea', 'recurrent abdominal pain 3-4 times each month over the last 6 months', 'worsening of symptoms with walking', 'no fever', 'no']"
10772,"['rlq abdominal pain', 'cramping pain', 'pain worse with walking', 'pain not helped by ibuprofen', 'low appetite']"
10780,"['lower abdominal pain', 'crampy lower abdominal pain', 'diarrhea', 'watery diarrhea', 'decreased appetite', 'weight loss undocumented']"
10785,"['right lower quadrant abdominal pain', 'diarrhea', 'loose stools', 'watery stools']"
10814,"['abdominal pain', 'right lower quadrant pain', 'dull and crampy pain', 'pain worsening', 'pain alleviated with ibuprofen', 'pain exacerbated with walking', 'pain severity 5 10', 'diarrhea']"
10819,"['abdominal pain', 'crampy abdominal pain', 'dull abdominal pain', 'progressively worsening abdominal pain', 'abdominal pain worse with walking', 'abdominal pain improved with ibuprofen', 'diarrhea associated with ab']"
10820,"['right lower abdominal pain', 'diarrhea', 'loss of appetite']"
10822,"['abdominal pain', 'diarrhea', 'weight loss', 'reduced appetite', 'menstrual irregularity every 4 days lasting 4 days']"
10846,"['lower ruq pain', 'watery diarrhea', 'brown stool']"
10847,"['right lower quadrant pain', 'diarrhea', 'anorexia', 'pain worsens with walking']"
10850,"['abdominal pain', 'right lower quadrant pain', 'dull achy pain', 'pain worsens with walking', 'pain partially relieved with ibuprofen', 'pain constant and non-radiating', 'pain low-moderate 5 10']"
10851,"['right lower quadrant abdominal pain', 'watery diarrhea', 'loss of appetite', 'loose-fitting clothing']"
10852,"['right lower quadrant abdominal pain', 'watery brown diarrhea', 'urgent diarrhea', 'unintentional weight loss', 'poor appetite', 'recurrent right lower quadrant abdominal pain 3-4 episodes in the past 6 months']"
10854,"['abdominal pain', 'crampy abdominal pain', 'right lower quadrant abdominal pain', 'diarrhea', 'severe abdominal pain', 'long-lasting abdominal pain', 'constant abdominal pain', 'pain lasting longer than usual']"
10860,"['right lower quadrant abdominal pain', 'watery diarrhea', 'decreased appetite', 'potential weight loss', 'walking makes the pain worse']"
10869,"['right lower quadrant abdominal pain', 'diarrhea', 'decreased appetite', 'weight loss', 'abdominal pain worse than past episodes']"
10873,"['lower right quadrant pain', 'constant pain', 'pain began suddenly', 'pain worsening 5 10', 'pain started 8-10 hours ago', 'pain woke patient up', 'pain occurs 3-4 times per month', 'pain not relieved by ibprofen']"
10888,"['rlq abdominal pain', 'diarrhea', 'anorexia', 'episodes of similar but less severe pain in the last 6 months', 'intermittent nonbloody diarrhea in the last 6 months', 'pain progressed since onset']"
10911,"['abdominal pain', 'diarrhea', 'poor appetite', 'brown diarrhea', 'increased pain with walking', 'pain partially relieved with ibuprofen']"
10926,"['right lower quadrant abdominal pain', 'decreased appetite', 'diarrhea 4-5x day', 'pain worsens with walking', 'ibuprofen provides minor relief', 'history of similar episodes in the past 6 months']"
10944,"['abdominal pain rlq', 'diarrhea', 'progressive worsening of symptoms over time', 'pain worsens with walking', 'pain alleviated by ibuprofen', 'history of similar episodes over the last 6 months', 'no vomiting']"
10952,"['rlq abdominal pain', 'watery diarrhea', 'several bouts of diarrhea in the past 6 months']"
10968,"['right lower quadrant pain', 'nausea', 'diarrhea', 'unintentional weight loss']"
10970,"['right lower quadrant pain', 'diarrhea', 'weight loss', 'decreased appetite']"
10972,"['right lower quadrant pain', 'dull aching abdominal pain', 'abdominal pain 5 10 in severity', 'pain that started 8-10 hours ago and has progressively worsened', 'pain associated with anorexia', 'pain partially relieved']"
10988,"['diarrhea', 'right lower quadrant pain', 'weight loss', 'loss of appetite', 'no fever', 'no chills', 'no nausea', 'no vomiting', 'no jaundice', 'no constipation']"
20001,"['irregular periods', 'hot flashes', 'sweating', 'vaginal dryness', 'dyspareunia']"
20040,"['hot flashes', 'vaginal dryness', 'extra sweating']"
20118,['night sweats']
20158,"['night sweats', 'hot flashes', 'heavy flow']"
20167,"['heavy menstrual bleeding', 'irregular menstrual cycle', 'hot flashes', 'night sweats', 'vaginal dryness', 'nausea', 'vomiting', 'none for other symptoms']"
20169,"['irregular periods', 'night sweats', 'nausea', 'vaginal dryness', 'hot flashes']"
20203,"['heavy menstrual bleeding', 'hot flashes', 'excessive sweating']"
20225,['night sweats']
20259,"['irregular periods', 'hot flashes', 'sweating', 'vaginal dryness']"
20260,"['irregular periods', 'night sweats', 'hot flashes', 'vaginal dryness', 'flu-like symptoms resolved']"
20299,"['irregular periods', 'hot flashes', 'sweating', 'breast tenderness', 'vaginal dryness']"
20303,"['heavy menstrual bleeding', 'irregular menstrual periods', 'vaginal dryness', 'hot flashes', 'occasional night sweating']"
20304,"['irregular periods', 'variable amount of bleeding', 'occasional hot flashes sweating episodes', 'night sweats']"
20360,"['irregular periods', 'heavy bleeding', 'variable bleeding', 'moderate bleeding', 'vaginal dryness']"
20377,"['irregular periods', 'heavy periods requiring 5-6 tampons', 'light periods requiring 1-2 tampons', 'hot flashes', 'sweating', 'vaginal dryness']"
20383,"['irregular periods', 'vaginal dryness', 'hot flashes', 'sweating', 'drenching night sweats once in the last month']"
20388,"['irregular periods', 'hot flashes', 'night sweats 1 week ago', 'nausea', 'vomiting nonbloody unsure color', 'vaginal dryness']"
20410,"['irregular periods', 'unpredictable periods', 'periods every 3 weeks to 4 months', 'periods lasting 2 to 6 days', 'variable menstrual flow light to very heavy', 'occasional hot flashes', 'night sweats', 'no fatigue', 'no chest']"
20445,"['irregular periods', 'hot flashes', 'vaginal dryness', 'night sweats', 'copper iud', 'sexually active', 'negative pregnancy test', 'change in period duration', 'change in period frequency', 'change in period flow', 'old periods were predictable']"
20458,"['irregular bleeding', 'vaginal dryness', 'daytime sweating', 'drenching night sweat']"
20492,"['irregular periods', 'long menstrual cycles 3 weeks to 4 months', 'short menstrual cycles 28 days to 5 days', 'menstrual cramping', 'nausea', 'vomiting color of vomit is similar to food eaten before']"
20507,"['irregular menstrual periods', 'heavy menstrual bleeding 6-7 pad changes day', 'occasional breast tenderness before periods']"
20540,"['irregular periods', 'night sweats', 'hot flashes', 'vaginal dryness']"
20572,"['irregular periods', 'vaginal dryness', 'hot flashes', 'sweating', 'lighter than usual periods']"
20588,"['irregular menses', 'hot flashes', 'diaphoresis', 'none abdominal pain nausea vomiting increased hair growth palpitations breast tenderness']"
20619,"['irregular periods', 'unpredictable flow', 'hot flashes', 'sweating', 'vaginal dryness', 'nausea', 'vomiting']"
20631,"['irregular periods', 'hot flashes', 'sweating', 'vaginal dryness', 'discomfort during sex']"
20643,"['irregular periods', 'hot flashes', 'night sweats', 'mild menstrual cramps', 'breast tenderness', 'back pain', 'previous regular periods every 28-29 days lasting 5 days with moderate flow']"
20666,"['irregular periods', 'nausea', 'vomiting', 'hot flashes', 'diaphoresis']"
20683,"['irregular periods', 'unpredictable onset and duration of periods', 'periods ranging from 2-6 days', 'low to high flow of periods', 'hot flashes', 'sweating', 'night sweats']"
20747,"['irregular menstrual periods', 'variable menstrual flow light to heavy', 'variable menstrual cycle length 3 weeks to 4 months apart', 'variable menstrual period duration 2-6 days', 'absence of pms symptoms except for in']"
20755,"['irregular periods', 'occasional hot flashes', 'diaphoresis']"
20772,"['cramps with menstruation', 'back pain', 'sleeping']"
20791,"['heavy menstrual bleeding', 'hot flashes', 'vaginal dryness', 'night sweats', 'nausea', 'vomiting']"
20877,"['irregular period', 'hot flashes', 'sweating']"
20895,"['irregular periods', 'hot flashes', 'night sweats recent episode']"
20926,"['hot flashes', 'sweating', 'breast tenderness', 'low back pain', 'menstrual cramping', 'flu-like symptoms', 'nausea', 'vomiting']"
21030,"['night sweats', 'trouble sleeping', 'hot flashes']"
21051,"['irregular periods', 'unpredictable periods', 'variable flow', 'vaginal dryness', 'night sweats', 'nausea', 'vomiting']"
21054,"['irregular period', 'variable menstrual cycle interval', 'menstrual flow heavy to light', 'menopause at 14', 'vaginal dryness', 'sleep difficulty', 'wakes up early in the morning', 'stress', 'menorrhea', 'men']"
21055,"['vaginal dryness', 'breast tenderness', 'dysmennorhea']"
21113,"['irregular periods', 'bleeding lasting 2-6 days', 'bleeding through multiple pads', 'hot flashes', 'sweating', 'vaginal dryness', 'discomfort']"
21114,"['irregular menses', 'heavy menstrual flow', 'menstrual periods lasting 2-6 days', 'menstrual periods at intervals of 3 weeks to 4 months', 'symptoms of cramping back pain or breast tenderness occurred before most recent']"
21133,"['irregular periods', 'unpredictable timing of periods', 'variable flow light to heavy', 'none no other symptoms extracted']"
21137,"['hot flashes', 'breast tenderness', 'pms', 'lower back pain']"
21141,"['irregular periods', 'hot flashes', 'night sweats', 'vaginal dryness']"
21151,"['hot flashes', 'sweating', 'vaginal dryness', 'irregular menstruation', 'periods lasting 2 - 6 days', 'periods varying in length', 'using 5 to 6 pads during regular periods', 'using fewer pads during light periods', 'nausea']"
21184,"['irregular periods', 'menstrual cramping', 'nausea', 'vomiting', 'vaginal dryness', 'discomfort during sex', 'hot flashes', 'diaphoresis', 'night sweats']"
21188,"['irregular periods', 'night sweats', 'vaginal dryness']"
21214,"['irregular menstrual periods', 'heavy menstrual bleeding', 'hot flashes', 'vaginal dryness', 'sweating']"
21219,"['irregular periods', 'unpredictable periods', 'variable period length 2-6 days', 'variable menstrual flow', 'premenstrual symptoms cramping', 'night sweats', 'hot flashes']"
21268,"['irregular periods', 'long menstrual cycle 3 weeks - 2 months', 'variable menstrual duration 2 - 6 days', 'variable menstrual flow light to heavy', 'heavy menstrual flow 6-7 pads day']"
21269,"['irregular periods', 'hot flashes', 'sweating symptoms']"
21282,"['irregular periods', 'heavy menstrual bleeding 5-6 pads day', 'menstrual periods lasting 2-6 days']"
21285,"['irregular bleeding', 'heavy menstrual bleeding', 'light menstrual bleeding', 'menopause symptoms', 'night sweats', 'hot flashes', 'early morning wakenings', 'vaginal dryness', 'requires lubricant for intercourse']"
21288,"['irregular menstruation', 'variable menstrual flow light moderate heavy', 'menstrual cramps', 'hot flashes', 'sweating', 'sleeping problem early waking difficulty falling back to sleep', 'vaginal dryness']"
21310,"['tenderness', 'low back pain', 'cramping', 'hot flashes', 'sweating', 'vaginal dryness']"
21317,"['vaginal dryness', 'irregular menstrual bleeding', 'prolonged menstrual bleeding lasted 4 days and used 2-3 pads daily before that last period was 5 days with 5-6 pads daily', 'infrequent menstrual bleeding']"
21324,"['irregular periods', 'hot flashes', 'sweating', 'vaginal dryness', 'discomfort during intercourse', 'woke drenched in sweat for 2 days last week']"
21325,"['irregular periods', 'breast tenderness', 'mild cramps', 'hot flashes sweats', 'menstrual cramps', 'nausea']"
21372,"['irregular periods', 'hot flashes with sweating', 'early waking 4-5x in the past three months', 'breast tenderness', 'back pain', 'menstrual cramps one episode']"
21391,"['irregular periods', 'heavy or light menstrual flow', 'hot flashes', 'sweating', 'night sweats', 'nausea vomiting', 'none if no other symptoms are found']"
21427,"['irregular periods', 'variable bleeding', 'hot flashes', 'sweating', 'vaginal dryness', 'dyspareunia']"
21496,"['irregular periods', 'hot flashes', 'night sweating', 'vaginal dryness during sex']"
21532,"['hot flashes', 'sweating', 'vaginal dryness', 'terminal insomnia']"
21538,"['irregular periods', 'hot flashes', 'night sweats']"
21540,"['irregular periods', 'vaginal dryness', 'hot flashes', 'sweating', 'menopause implied from symptoms and age']"
21576,"['irregular periods', 'heavy menstrual bleeding', 'unpredictable menstrual cycle', 'variable menstrual duration 2-6 days', 'light menstrual bleeding sometimes', 'menstrual bleeding requiring 5 or 6 pads a day sometimes']"
21591,"['irregular periods', 'hot flashes', 'vaginal dryness']"
21614,"['amenorrhea', 'heavy menstrual bleeding', 'irregular menstrual cycles']"
21621,"['breast tenderness', 'lower back pain', 'vaginal dryness', 'dysmenorrhea']"
21627,['hot flashes']
21630,"['irregular periods', 'vaginal dryness', 'discomfort with intercourse', 'hot flashes', 'nausea', 'vomiting', 'mild cramps', 'breast tenderness']"
21681,"['irregular periods', 'abdominal pain', 'vaginal dryness']"
21686,"['irregular periods', 'hot flashes', 'excessive sweating']"
21706,"['irregular periods', 'change in sleep pattern', 'hot flashes']"
21724,"['irregular periods', 'heavy menstrual bleeding requiring 5-6 pads', 'light menstrual bleeding requiring 2-3 pads', 'menstrual periods lasting 2-6 days', 'menstrual periods every 3 weeks to every 4']"
21730,"['irregular periods', 'night sweats', 'hot flashes', 'vaginal dryness during sexual intercourse']"
21773,"['irregular periods', 'hot flashes', 'sweating', 'vaginal dryness']"
21807,"['irregular periods', 'hot flashes', 'sweating', 'vaginal dryness', 'discomfort on intercourse', 'heavy periods', 'pms symptoms breast tenderness cramps low back pain']"
21808,"['irregular periods', 'hot flashes', 'sweating', 'vaginal dryness']"
21814,"['irregular periods', 'vaginal dryness', 'hot flashes', 'night sweats', 'pre-menstrual cramps recently']"
21844,"['irregular menstrual cycle', 'unpredictable menstrual cycle', 'menstrual irregularities', 'menstrual cycle lasting 4 days', 'menstrual cycle with irregular intervals', 'menstrual cycle with irregular length', 'no vaginal discharge', 'no']"
21853,"['hot flashes', 'sweating', 'vaginal dryness', 'irregular periods range 2-6 days every 3 weeks-4 months']"
21880,"['irregular periods', 'hot flashes', 'night sweats']"
21905,"['irregular menstrual bleeding', 'crampy feeling', 'vaginal dryness', 'hot flashes', 'sweating', 'nausea', 'vomiting', 'early morning waking']"
21909,"['irregular menses', 'heavy menstrual flow', 'variable menstrual flow', 'premenstrual breast tenderness', 'premenstrual lower back pain', 'premenstrual mild menstrual cramps', 'hot flashes', 'night sweats', 'vag']"
21966,"['irregular menses', 'hot flashes', 'night sweats', 'breast tenderness', 'cramping', 'back pain']"
21979,"['heavy menstrual bleeding', 'irregular menstrual cycles', 'prolonged menstrual periods 2-6 days', 'frequent menstrual periods every 2 months', 'spotting between periods', 'abnormal menstrual bleeding', 'menorrhag']"
21993,"['irregular periods', 'hot flashes']"
21997,"['irregular menstrual cycle', 'variable menstrual cycle length', 'abnormal menstrual cycle length', 'variable time between menstrual cycles', 'menstrual cycle length varying between 3 weeks and 4 months', 'variable menstrual bleeding volume', 'heavy men']"
22015,"['irregular periods', 'drenching sweats', 'hot flashes', 'stomach flu with nausea and vomiting', 'vaginal dryness']"
22023,"['irregular periods', 'night sweats']"
22053,"['irregular periods', 'hot flashes', 'vaginal dryness', 'sweating', 'vomiting', 'high blood pressure']"
22081,"['night sweats', 'irregular periods', 'fevers subjective']"
22083,"['unpredictable periods', 'periods lasting 2-6 days', 'flow light to heavy', 'periods q3 weeks to 4 months', 'hot flashes', 'sweating', 'vaginal dryness', 'abdominal pain with last menses', 'drenching night sweats']"
22091,"['irregular menstrual period', 'unpredictable menstrual interval 3 weeks to 4 months', 'variable menstrual duration 2-6 days', 'variable menstrual flow very light to 5-6 pads when heavy', 'night sweats']"
22099,"['irregular periods', 'hot flashes', 'vaginal dryness', 'night sweats']"
22120,"['irregular periods', 'hot flashes', 'sweating', 'vaginal dryness']"
22123,"['irregular periods', 'heavy sweating nocturnal', 'hot flashes', 'nausea', 'vomiting', 'heavy bleeding vaginal']"
30037,"['stomach pain', 'burning gnawing pain', 'nausea', 'darker stools occasionally', 'stress', 'fatigue', 'epigastric region pain', 'pain rated as 5 10', 'denies diarrhea constipation']"
30116,"['stomach pain', 'nausea', 'burning gnawing abdominal pain', 'severe abdominal pain 5 10', 'pain waking up at night', 'bloating', 'darker than normal stool', 'stress considerable']"
30168,"['epigastric pain', 'nausea', 'darker stools', 'loss of appetite', 'gastric bloating', 'pain wakes up during the night', 'pain lasts for 1-2 hours', 'pain comes on gradually']"
30260,"['stomach pain', 'intermittent black stools', 'burning and knawing abdominal pain', 'back spasms']"
30437,"['epigastric pain', 'nausea', 'dark colored stools', 'belching', 'feeling of bloating']"
30515,"['mid epigastric pain', 'gnawing burning sensation', 'bloating', 'partially relieved by tums']"
30549,"['burning midepigastric pain', 'hiccup', 'nausea', 'bloating', 'darker stool', 'no vomiting', 'no diarrhea', 'no chest pain', 'no shortness of breath', 'no cough', 'no fever', 'no']"
30591,"['epigastric pain', 'nausea', 'increased frequency of epigastric pain', 'pain intensity 5 10', 'pain wakes patient up at night', 'pain lasts 1-2 hours', 'pain not improved with food or tums', 'spor']"
30628,"['upper abdominal pain', 'burning pain', 'nausea', 'bloating', 'darkening of stools', 'no diarrhea', 'no fever', 'no chills']"
30772,"['burning epigastric pain', 'darker stool', 'nausea']"
30918,"['epigastric pain', 'burning pain', 'nausea', 'intermittent pain', 'pain severity 5 10', 'pain not relieved by toms', 'pain occasionally wakes patient up from sleep', 'pain unrelated to food consumption', 'darker stool']"
30961,"['abdominal pain', 'burning abdominal pain', 'black stool', 'fatigue', 'tiredness']"
31272,"['epigastric tenderness', 'intermittent abdominal pain', 'pain occurring 2 times daily', 'pain lasting 2 hours', 'pain severity 5 10', 'progressively worsening pain', 'dark stools', 'frequent use of motrin']"
31292,"['epigastric abdominal pain', 'nausea', 'bloating', 'darker stool color']"
31368,"['burning pain in upper mid epigastric area', 'nausea', 'darkening of stools', 'recurring daily', 'pain occasionally awakens from sleep']"
31383,"['abdominal pain', 'nausea', 'dark brown stool']"
31408,"['epigastric pain', 'decreased appetite', 'darker brown stools', 'nausea without vomiting']"
31476,"['epigastric pain', 'nausea', 'bloating']"
31534,"['stomach pain', 'intermittent dark stools', 'fatigue', 'epigastric pain', 'pain severity 5 10', 'no nausea', 'no vomiting', 'no diarrhea', 'no change in body weight', 'no change in']"
31543,"['epigastric abdominal pain', 'nausea', 'bloating', 'darker stool', 'back pain related to work in construction']"
31608,"['epigastric pain', 'burning pain', 'intermittent pain', 'pain lasting 1-2 hours', 'pain rated 5 10 severity', 'nausea', 'bloating sensation', 'darker stool', 'tiredness', 'construction worker']"
31652,"['epigastric pain', 'nausea', 'dark stools', 'fatigue']"
31663,"['abdominal pain', 'bloating', 'nausea', 'reduced appetite', 'darker stool', 'burning sensation in abdomen', 'itching in abdomen']"
31759,"['burning stomach pains', 'darkening of stool']"
31800,"['stomach pain', 'nausea', 'dark stools', 'no vomiting', 'no diarrhea', 'no headache', 'no vision changes', 'no cough', 'no shortness of breath', 'no chest pain']"
31952,"['abdominal pain', 'burning pain', 'knawing pain', 'nausea', 'bloating']"
32588,"['epigastric pain', 'burning pain', 'gnawing pain', 'bloating', 'early satiety', 'nausea', 'melena']"
32614,"['epigastric pain', 'nausea', 'burning pain', 'darker stool', 'bloating', 'stress', 'pain waking up from sleep', 'pain not alleviated by tums anymore']"
32657,"['epigastric pain', 'nausea', 'bloating', 'change in stool color possible melena']"
32932,"['epigastric pain', 'nausea', 'dark bowel movements']"
32996,"['darker brown stools', 'mid-epigastric area stomach pain gnawing burning', 'no cough', 'no vomiting', 'no bright red blood per rectum', 'ibuprofen ineffective for stomach pain', 'no unintentional weight loss gain']"
33155,"['mid epigastric pain', 'nausea', 'dark stools', 'bloating after food intake', 'gnawing pain that wakes him at night', 'pain comes and goes but is getting worse', 'pain not relieved with tums', 'pain does not get worse']"
33317,"['epigastric pain', 'malena for 2 weeks', 'nausea', 'decreased appetite', 'back pain', 'bloating after eating']"
33318,"['epigastric pain', 'burning sensation', 'gnawing sensation', 'dark stools', 'stress high']"
33415,"['burning sensation in the epigastric region', 'nausea', 'decreased appetite', 'pain wakes up at night occasionally', 'no change in bowel habits', 'no fever chills', 'no weight loss', 'no other constitutional symptoms']"
33417,"['abdominal pain', 'epigastric pain', 'nausea', 'bloating', 'darker stools', 'back pain not related to abdominal pain']"
33444,"['epigastric pain', 'burning pain', 'nausea', 'bloating', 'stomach fullness', 'not relieved by toms', 'no radiation', '5 10 pain intensity', 'no food regurgitation', 'no vomiting', 'no diarrhea']"
33460,"['epigastric pain', 'burning pain', 'progressive pain', 'intermittent pain', 'pain occurs 2-3 times per day', 'pain lasts for 1-2 hours', 'bloating after eating', 'nausea', 'fatigue', 'no diaphores']"
33531,"['epigastric burning pain', 'epigastric gnawing pain', 'darkened stool', 'nausea', 'bloating']"
33563,"['epigastric pain', 'burning sensation', 'nausea', 'wakes from sleep at night', 'occasional dark stools']"
33652,"['epigastric pain', 'nausea', 'increased burping', 'pain that wakes him up at night', 'dark stools', 'decreased appetite', 'abdominal bloating', 'increased satiety with small portions of food']"
33662,"['burning central abdominal pain', 'bloating sensation', 'increased burping', 'none no fever nausea vomiting diarrhea']"
34251,"['stomach pain', 'chronic back pain']"
34264,"['abdominal pain', 'increasing abdominal pain', 'pain localized to middle of abdomen', 'pain not related to food intake', 'pain waxing and waning', 'pain 7 10', 'no radiation of pain', 'burping during interview', 'mild n']"
34274,"['nausea', 'epigastric pain', 'increased frequency of symptoms', 'darker stools', 'fatigue', 'pain waking up at night']"
34659,"['epigastric abdominal pain', 'gnawing and burning pain', 'intermittent pain', 'pain intensity 5 10', 'pain not relieved by tums', 'pain wakes patient at night', 'pain lasts 1-2 hours', 'pain occurs']"
34742,"['stomach pain', 'nausea', 'decreased appetite', 'disturbed sleep', 'dark colored stool', 'stooped exercise', 'back pain', 'muscle cramps']"
34766,"['epigastric pain', 'bloating', 'nausea', 'darker stools', 'none no other symptoms were reported or observed']"
34803,"['abdominal pain', 'nausea', 'darker stools', 'bloating with meals', 'increased stress']"
34827,"['epigastric pain', 'sharp and stabbing pain', 'pain occurs 2-3x a day', 'pain severity 5 10', 'pain not related to eating', 'pain sometimes occurs at night', 'dark stools', 'occasional nausea']"
34873,"['stomach discomfort and pain', 'burning sensation in epigastric area', 'nausea', 'feeling like vomiting', 'darker stools', 'longstanding back pain']"
34898,"['burning epigastric pain', 'dark brown stools', 'nausea']"
34918,"['epigastric pain', 'nausea', 'dark brown stool']"
34986,"['epidural abdominal pain', 'gnawing burning sensation', 'darkening of stool melena']"
35092,"['stomach pain', 'burning sensation in stomach', 'knawing sensation in stomach', 'nausea', 'dark stools', 'intermittent stomach pain', 'pain worsening over time', 'pain not worsened by anything', 'pain occurring at random times', 'pain']"
35141,"['burning epigastric pain', 'nausea', 'increased fatigue', 'darkening of stools']"
35187,"['burning stomach pain', 'black tarry stools', 'nausea', 'burping', 'no vomiting', 'not associated with food intake', 'slightly relieved after stopping alcohol intake', 'denies fever infection changes in weight']"
35333,"['epigastric pain', 'burning sensation', '2 months duration', 'worsening', 'bloating', 'darker stools', 'nausea', 'no vomiting', 'no fever', 'no chills', 'no increased urinary frequency', 'no pain with urination']"
35360,"['epigastric pain', 'intermittent burning pain', 'worsening pain', 'nighttime pain', 'fatigue', 'tums ineffective', '5 10 pain', 'dark stools', 'bloating', 'nausea']"
35441,"['epigastric pain', 'burning abdominal pain', 'intermittent abdominal pain 2 times per week', 'bloating', 'anorexia', 'poor sleep due to pain', 'nausea', 'belching']"
35741,"['epigastric pain', 'nausea', 'burning quality pain', 'pain frequency twice daily', 'pain duration 1 to 2 hours', 'reduced appetite', 'tums ineffective for pain relief', 'no vomiting', 'no diarrhea', 'none muscle']"
35804,"['epigastric pain', 'melena', 'nausea', 'bloating']"
35950,"['burning epigastric pain', 'nausea', 'bloating', 'fullness after eating', 'occasional dark stool']"
36166,"['epigastric pain', 'nausea', 'gnawing pain', 'pain intensity 5 10', 'intermittent pain', 'pain duration 1 hour', 'increased frequency of pain from once per week to once per day', 'no relief with tums']"
36325,"['sharp epigastric pain', 'darker stool', 'nausea without vomiting']"
36481,"['stomach problems', 'burning sensation in epigastric region', 'abdomen bloated after eating', 'belching and burping', 'nausea for 2 months', 'dark stools', 'denies fever vomiting jaundice change in taste of']"
36485,"['abdominal pain', 'increased bloating', 'darkening of stool', 'nausea']"
36515,"['epigastric pain', 'burning sensation', 'episodic pain 2 daily', 'pain lasting 1-2 hours', 'nausea', 'wakes up at night due to pain', 'darker stool', 'feeling more tired', 'tams t']"
36652,"['burning epigastric pain', 'gnawing epigastric pain', 'intermittent epigastric pain', 'nocturnal epigastric pain', 'nausea without vomiting diarrhea constipation night sweats weight loss']"
36668,"['epigastrium pain', 'burning sensation in epigastrium', 'nagging pain in epigastrium', 'bloating', 'nausea', 'darkened stool', 'no greasy stool or diarrhea', 'no urinary symptoms', 'no fever or']"
36682,"['burning epigastric pain', 'stomach bloating', 'fatigue', 'darker stools']"
36783,"['midline epigastric pain', 'early satiety', 'bloating', 'darkened stools', 'no weight loss', 'no fatigue', 'intermittent nausea', 'no vomiting', 'moderate etoh use', 'abstained from etoh for last']"
36990,"['burning sensation in the midepigastric area', 'nausea', 'melena for 2 weeks', 'heartburn', 'no chest pain', 'no urinary symptoms', 'no cough', 'no shortness of breath', 'no palpitations', 'no regurgitation']"
37081,"['epigastric pain', 'burning pain', 'nawing pain', 'progressively worse pain', 'bloating', 'feeling full', 'nausea', 'dark stools', 'no fever', 'no chills', 'no chest pain', 'no vomiting', 'no']"
37121,"['pain in mid epigastric area', 'darker stools', 'nausea', 'bloating after food']"
37140,"['stomach pain', 'nausea', 'dark stools']"
37186,"['nausea', 'bloated', 'darkening of stool', 'myalgias', 'epigastric pain stomach distress', 'intensity 5 10', 'stress-induced pain', 'pain alleviated with motrin']"
37240,"['burning sensation in epigastric area', 'increasing frequency of burning sensation episodes daily', 'worsening pain keeping patient awake from sleep', 'duration of burning sensation episodes 1-2 hours', 'darker stools than usual over the past 2 weeks']"
37417,"['stomach pain', 'gnawing abdominal pain', 'nausea', 'darkening of stool', 'none no vomiting sour taste in mouth diarrhea']"
37726,"['stomach pain', 'nausea', 'dark colored stools']"
38061,"['burning gnawing pain', 'pain located at the mid-epigastrium', 'pain 5 10', 'pain started 2 months ago', 'pain happens 1 time per week for the past 2 months but multiple times per day for the past 2 weeks']"
38075,"['epigastric discomfort', 'burning pain', 'fatigue', 'nausea', 'dark stools', 'bloating with meals', 'no change in bowel habits', 'no change in urine habits', 'smokes 1 2 - 1 pack per day since age']"
38238,"['upper abdomen pain', 'burning sensation in upper abdomen', 'dark brown stools', 'nausea', 'bloating', 'decreased appetite', 'several night time awakenings due to pain']"
38546,"['mid abdominal pain', 'nausea', 'increased belching', 'bloating after meals']"
38590,"['epigastric pain', 'abdominal distension after meals', 'dark stools', 'back pain', 'none no other symptoms were reported in the clinical note']"
38597,"['epigastric pain', 'burning epigastric pain', 'intermittent epigastric pain', 'worsening epigastric pain', 'poor appetite', 'bloating sensation', 'dark brown stool', 'no particular odor from stool', 'not related to eating']"
38690,"['epigastric pain', 'progressively worse stomach pain', 'intermittent stomach pain', 'stomach pain lasting 1-2 hours', 'moderate stomach pain 5 10 intensity', 'gnawing and deep stomach pain', 'stomach pain not improving']"
38842,"['epigastric pain', 'nausea', 'bloating after eating', 'ineffective tums', 'unable to exercise due to pain', 'back pain', 'muscle pain']"
39044,"['epigastric pain', 'nausea', 'black stool']"
39059,"['epigastric pain', 'increased belching', 'nausea', 'bloating', 'fullness after meals', 'darker stools', 'increased stress', 'no vomiting', 'no reflux', 'no weight loss', 'no radiation of pain', 'pain unrelated to']"
39149,"['stomach pain', 'burning epigastric pain', 'dark stools', 'intermittent back pain']"
39190,"['burning epigastric pain', 'bloating', 'dark brown stool', 'nausea', 'belching', 'intermittent pain', 'possible melena']"
39276,"['abdominal discomfort', 'burning mid-epigastric pain', 'nighttime pain', 'bloating', 'fullness with meals', 'voluntary anorexia', 'moderate back pain', 'muscle pain', 'darker bowel movements', 'no association with meals']"
39338,"['stomach pain', 'sleep disturbance', 'tiredness', 'nausea', 'dark stools', 'bloating after meals', 'no vomiting']"
39350,"['epigastric pain', 'nausea', 'dark stools', 'no aggravating symptoms', 'no changes in diet', 'no weight loss', 'no dysphagia', 'no myalgias', 'no headaches', 'no fatigue', 'no vomiting']"
39449,"['epigastrium pain', 'burning and nagging pain', 'intermittent pain increasing in frequency', 'nausea', 'melena', 'burping a lot recently', 'no diarrhea', 'no brbpr', 'no constipation']"
39654,"['stomach pain', 'nausea', 'darkening of stool', 'bloating', 'waking from sleep due to pain 2 times per week', 'stress due to recent divorce']"
39665,"['burning knawing pain in epigastric region', 'bloating', 'fullness after eating', 'darker stool', 'intermittent pain 2x a day', 'pain waking up at night', 'nausea']"
39846,"['stomach pain', 'nausea', 'bloated after meals', 'pain rated at 5 10', 'darker bowel movements', 'previously had relief with tums', 'pain does not go away now', 'nonradiating pain']"
39921,"['gnawing stomach pain', 'burning stomach pain', 'epigastric pain', 'nausea', 'pain waking from sleep', 'bloating', 'dark stools', 'no fever', 'no vomiting', 'no diarrhea', 'no weight loss', 'not']"
40045,['nervousness']
40085,"['nervousness', 'decreased appetite', 'difficulty falling asleep']"
40139,"['nervousness', 'difficulty sleeping', 'decreased appetite']"
40175,"['nervousness', 'anxiety', 'difficulty falling asleep esp sunday night', 'decreased appetite']"
40187,"['nervousness', 'insomnia', 'loss of appetite', 'multiple tasks at home', 'role change in work', 'nursing responsibilities at home']"
40426,"['nervousness', 'anxiety', 'job stress', 'sleep disturbance', 'decreased appetite on sundays', 'caffeine consumption 5-6 cups per day']"
40523,"['anxiety', 'decreased appetite', 'difficulty falling asleep']"
40573,"['nervousness', 'anxiety', 'stress', 'caregiver burden', 'sleep disturbance', 'occasional loss of appetite', 'occasional headaches']"
40642,"['nervousness', 'anxiety', 'difficulty falling asleep', 'decreased appetite']"
40705,"['nervousness', 'anxiety', 'difficulty sleeping', 'stress', 'problems socializing', 'public speaking anxiety', 'caregiver stress']"
40923,"['decreased appetite', 'decreased libido', 'difficulty falling asleep duration 30 to 60 min']"
40974,"['anxiousness', 'overwhelmed', 'difficulty falling asleep', 'decrease in appetite']"
40984,"['increased nervousness', 'difficulty falling asleep', 'decreased appetite']"
41021,"['nervousness', 'difficulty falling asleep']"
41058,"['nervousness', 'loss of energy', 'difficulty starting sleep', 'occasional headache', 'symptoms worsen on sunday evenings', 'symptoms related to school presentations', 'stress at job']"
41065,"['loss of appetite', 'trouble sleeping takes 30 to 1 hr to fall asleep']"
41067,"['nervousness', 'anxiety', 'work-related stress', 'transition at work', 'lecturing role', 'unbearable anxiety', 'no appetite', 'no weight changes', 'no headaches', 'no mood issues', 'no concentration issues', 'no energy level issues', 'stressors mother']"
41089,"['nervousness', 'difficulty falling asleep', 'insomnia inferred from takes 1 hours to fall asleep', 'stressors at home and at work', 'taking care of sick mom and children', 'working as a english literature professor', 'just started to give lectures']"
41130,"['nervousness', 'stress', 'headaches']"
41281,"['nervousness', 'feeling overwhelmed', 'loss of appetite', 'nausea', 'loss of libido', 'social stressors', 'job stress', 'sunday night monday morning anxiety']"
41288,"['nervousness', 'difficulty falling asleep', 'overwhelmed', 'decreased appetite']"
41318,"['nervousness', 'decreased appetite', 'difficulty with starting sleep']"
41376,"['nervousness', 'public speaking anxiety']"
41401,"['nervousness', 'insomnia', 'anxiety inferred from nervousness and symptoms described']"
41434,"['nervousness', 'insomnia', 'decreased libido', 'anorexia', 'stress', 'caregiver stress']"
41658,"['nervousness', 'anxiety', 'difficulty falling asleep', 'increased coffee consumption', 'occasional loss of appetite']"
41685,"['nervousness', 'decreased appetite', 'difficulty falling asleep', 'decreased sex drive']"
41707,"['nervousness', 'stress', 'decreased appetite', 'difficulty falling asleep']"
41775,"['anxiety', 'insomnia', 'loss of appetite']"
41825,"['nervousness', 'anxiety', 'loss of appetite', 'difficulty falling asleep', 'insomnia']"
41863,"['nervousness', 'anxiety when giving lectures']"
42031,"['nervousness', 'stress', 'overworked', 'excessive coffee consumption', 'difficulty sleeping', 'overwhelmed']"
42084,"['insomnia', 'nervousness', 'decreased appetite']"
42113,"['nervousness', 'stress', 'family issues', 'work changes', 'son in last year of college', 'mother needing care for her health', 'worsening on sunday nights and monday morning']"
42160,"['nervousness', 'decreased appetite', 'difficulty falling asleep']"
42262,"['nervousness', 'decreased sleep']"
42273,"['nervousness', 'anxiety', 'overwhelm', 'decreased appetite', 'difficulty falling sleep', 'taking care of a disabled mother', 'increased workload', 'sunday nights and monday mornings']"
42356,"['increased nervousness', 'difficulty falling asleep', 'sleep disturbance 7 hours per night', 'decreased appetite', 'worsening symptoms on sunday night monday morning', 'stress related to work taking care of family and increased stressors', 'no reported']"
42406,"['nervousness', 'palpitation', 'poor sleep', 'stress', 'feeling stressed out', 'caring for her mom', 'work-related stress']"
42427,"['nervousness', 'difficulty falling asleep', 'stress']"
42462,"['nervousness', 'anxiety', 'difficulty sleeping', 'decreased appetite', 'stress', 'personal concerns', 'business concerns', 'work-related stress', 'nervousness in personal life', 'unknown cause of increased nervousness']"
42499,"['nervousness', 'sleep disturbance taking over an hour to fall asleep', 'decreased appetite for the last two weeks']"
42520,"['nervousness', 'difficulty falling asleep at night', 'decreased appetite', 'psychomotor agitation']"
42523,"['nervousness', 'decreased appetite', 'difficulty falling asleep at night']"
42528,"['nervousness', 'difficulty falling asleep']"
42543,"['nervousness', 'difficulty sleeping', 'decreased appetite']"
42574,"['nervousness', 'decreased appetite', 'increased workload']"
42580,"['nervousness', 'difficulty sleeping', 'difficulty staying asleep', 'appetite loss', 'caffeine consumption']"
42625,"['nervousness', 'anxiety', 'difficulty falling asleep', 'feeling overwhelmed', 'decreased appetite']"
42646,"['nervousness', 'difficulty sleeping', 'decreased appetite']"
42700,"['increased anxiety', 'feeling nervous all the time', 'difficulty falling asleep', 'decreased appetite', 'stress from caring for her mother at home']"
42726,"['nervousness', 'anxiety about things in daily life', 'difficulty falling asleep']"
42786,"['nervousness', 'anxiety', 'stress', 'work-related stress', 'public speaking anxiety', 'impact on libido', 'impact on intimate relationships']"
42802,"['decreased appetite', 'insomnia', 'stressors in her life']"
42815,"['nervousness', 'decreased appetite', 'trouble falling asleep', 'decreased sex drive']"
42823,"['nervousness', 'decreased appetite', 'difficulty sleeping']"
42837,"['decreased appetite', 'insomnia', 'overwhelmed']"
42930,"['nervousness', 'difficulty falling asleep', 'loss of appetite', 'difficulty with business and personal life']"
43003,"['anxious', 'stressed', 'overwhelmed', 'sleep changes', 'decreased appetite']"
43054,"['nervousness', 'anxiety', 'decreased appetite', 'difficulty with sleep onset']"
43074,"['nervousness', 'lack of appetite', 'difficulty falling asleep']"
43118,"['nervousness', 'diminished appetite', 'difficulty falling asleep', 'intensify on sunday nights and monday before she gives lectures']"
43241,"['nervousness', 'anxiety over work achievements', 'decreased appetite', 'headache', 'difficulty falling asleep']"
43252,"['nervousness', 'anxiety', 'work-related stress', 'performance anxiety', 'job change', 'public speaking anxiety', 'caffeine consumption', 'reduced appetite due to anxiety']"
43311,"['nervousness', 'anxiety', 'trouble falling asleep', 'lack of appetite']"
43368,"['nervousness', 'feeling overwhelmed', 'decreased appetite', 'difficulty falling asleep', 'decreased frequency of intercourse associated with nervousness in last 2 weeks']"
43451,"['nervousness', 'stress', 'overwhelmed', 'difficulty falling asleep']"
43522,"['nervousness', 'decreased appetite', 'decreased sex drive', 'stress', 'insomnia difficulty falling asleep due to nervousness', 'no loss of interest in other activities', 'no physical or sexual']"
43546,"['nervousness', 'difficulty falling asleep', 'loss of appetite', 'increased stress']"
43574,"['nervousness', 'anxiety', 'decrease in appetite', 'trouble falling asleep', 'overwhelmed by duties at home']"
43669,"['decreased hunger', 'difficulty sleeping', 'internal nervousness']"
43693,"['nervousness', 'sleeping difficulty']"
43724,"['nervousness', 'anxiety', 'difficulty falling asleep', 'eating less']"
43819,"['nervousness', 'decreased appetite', 'difficulty falling asleep', 'feeling overwhelmed', 'caretaker stress taking care of parents in-laws and children', 'none no other symptoms were reported']"
43912,"['increased nervousness', 'concerns about in-laws', 'decreased appetite']"
44005,"['nervousness', 'anxiety', 'difficulty sleeping', 'decreased appetite', 'stress', 'changing positions in job', 'demands at home']"
44028,"['increased nervousness', 'care of children', 'care of inlaws', 'care of elderly mother', 'trouble falling asleep', 'lectures she has to prepare for her job as a literature professor']"
44061,"['nervousness', 'anxiety about parent family in-laws and everyone', 'difficulty in falling asleep']"
44247,"['nervousness', 'high level of stress', 'severe insomnia', 'loss of appetite', 'decreased sexual activity']"
44254,"['nervousness', 'decreased appetite', 'insomnia']"
44299,"['nervousness', 'feeling of losing her mind', 'worrying about responsibilities', 'decreased appetite', 'inability to fall asleep', 'increased caffeine intake', 'feeling overwhelmed by responsibilities', 'headache with reading', 'none no palpitations weight changes urine problems']"
44328,"['nervousness', 'overwhelmed', 'decreased appetite']"
44364,['nervousness']
44382,"['nervousness', 'overwhelmed', 'difficulty falling asleep', 'decreased appetite']"
44390,"['nervousness', 'anxiety', 'difficulty sleeping', 'loss of appetite']"
44391,"['nervousness', 'difficulty falling asleep', 'anxiety as per the patients report', 'decreased appetite especially on weekends', 'increased anxiety on weekends just prior to giving college lectures', 'many responsibilities at home']"
44480,"['nervousness', 'trouble falling asleep']"
44534,"['nervousness', 'difficulty falling asleep', 'decreased appetite', 'overwhelmed with change']"
44544,"['nervousness', 'insomnia', 'heart racing', 'stress from home problems', 'decreased appetite']"
44586,['nervousness']
44612,"['nervousness', 'insomnia', 'headaches', 'decreased appetite on sunday monday']"
44641,"['nervousness', 'difficulty falling asleep']"
44815,"['increased anxiety', 'difficulty falling asleep at night', 'multiple family and work issues', 'increased life stressors', 'caring for family and in laws']"
44844,"['nervousness', 'trouble falling asleep', 'reduced appetite']"
44866,"['nervousness', 'difficulty falling asleep', 'loss of appetite']"
44921,"['increased nervousness', 'trouble falling asleep', 'decreased appetite', 'drinking coffee']"
44958,"['nervousness', 'anxiety', 'difficulty falling asleep', 'headache', 'headache while reading']"
45218,"['nervousness', 'difficulty sleeping', 'affects every aspect of life', 'none no other symptoms were reported']"
45266,"['nervousness', 'difficulty falling asleep', 'stress', 'responsibilities implied from context']"
45497,"['nervousness', 'restless sleep', 'loss of appetite', 'feeling overwhelmed', 'none no clinician-observed findings or patient-reported symptoms other than those mentioned']"
50072,"['heart palpitations', 'shortness of breath', 'skin symptoms hot cold clammy', 'numbness of fingertips']"
50199,"['heart palpitations', 'racing heart', 'sense of doom', 'hot flashes', 'cold sweats', 'clamminess', 'nausea', 'fatigue', 'numbness fingers', 'stress', 'anxiety']"
50375,"['palpitations', 'hot cold sensations', 'clammy hands', 'tingling in fingers', 'nausea']"
50535,"['palpitations', 'shortness of breath', 'nausea', 'chest tightness', 'numbness of fingers', 'none for other symptoms']"
50541,"['racing heart', 'palpitations', 'chest tightness', 'dyspnea', 'nausea', 'numbness tingling in fingers']"
50571,"['palpitations', 'numbness in fingers']"
50574,"['cardiac palpitations', 'numbness in finger tips']"
50607,"['shortness of breath', 'tight throat', 'nausea', 'feeling hot', 'numbness of fingers', 'palpitations']"
50615,"['palpitations', 'numbness in hands']"
50877,"['heart palpitations', 'nausea', 'shortness of breath', 'throat tightness', 'hot flashes', 'clammy hands']"
50886,"['palpitations', 'heart racing', 'shortness of breath', 'throat tightening', 'nausea', 'finger numbness', 'diaphoresis']"
50897,"['heart palpitations', 'clamminess', 'throat tightness', 'shortness of breath', 'nausea']"
50910,"['heart pounding', 'feeling clammy', 'shortness of breath', 'fingers going numb', 'nausea']"
51040,"['palpitations', 'shortness of breath', 'throat closing sensation', 'feeling hot and cold', 'clamminess', 'fatigue after episodes']"
51065,"['palpitations', 'shortness of breath', 'nausea', 'throat tightness', 'going from hot to cold and clammy']"
51250,"['palpitations', 'nausea', 'shortness of breath', 'sweating', 'cold skin', 'tremor', 'chest pain', 'wheezing', 'changes in urination']"
51403,"['palpitations', 'feeling of sense of doom', 'feeling of dying', 'numbness of the fingers', 'shortness of breath', 'throat tightness', 'nausea', 'feeling of warmth', 'cold and clammy after episodes']"
51426,"['heart pounding', 'nausea', 'coldness', 'clammyness', 'throat tightness', 'numbness hands']"
51439,"['palpitations', 'panic attacks', 'heart racing', 'throat tightens', 'shortness of breath', 'feeling very hot then very cold', 'feeling nauseous', 'difficulty concentrating', 'tiredness', 'anxiety']"
51454,"['heart palpitations', 'shortness of breath', 'nausea', 'numbness of fingers', 'throat tightness', 'feeling clammy']"
51475,"['palpitations', 'shortness of breath', 'feeling hot and then cold', 'clammy', 'numbness in fingers']"
51533,"['numbness in fingers', 'sweats', 'shortness of breath sob', 'nausea', 'difficulty concentrating', 'fatigue', 'palpitations']"
51760,"['heart palpitations', 'shortness of breath', 'feelings of impending doom']"
51939,"['palpitations', 'clammy fingers', 'throat tightening', 'shortness of breath sob', 'nausea']"
52051,"['palpitations', 'shortness of breath', 'nausea', 'feeling hot and clammy']"
52140,"['palpitations', 'shortness of breath', 'nausea', 'sensation of throat closing', 'trouble concentrating', 'diaphoresis', 'numbness fingers']"
52317,"['palpitations', 'nausea', 'tingling sensation in upper limbs', 'cold extremities', 'feeling of impending doom', 'fear of death during episodes']"
52323,"['throat tightness', 'shortness of breath', 'numbness in fingers', 'fear of dying']"
52390,"['palpitations', 'shortness of breath', 'tightness in the throat', 'nausea', 'feeling heat claminess', 'fatigue']"
52512,"['heart palpitations', 'numbness in fingers', 'shortness of breath', 'throat tightness', 'nausea', 'feeling of dying', 'feeling hot', 'feeling clammy', 'shortness of focus after attack']"
52588,"['palpitations', 'shortness of breath during palpitations', 'fatigue']"
52661,"['chest palpitations', 'shortness of breath', 'nausea', 'throat swelling', 'feeling of impending doom']"
52714,"['heart pounding', 'nausea', 'warm sensations', 'throat tightness', 'shortness of breath during palpitation episodes', 'sense of impending doom']"
52745,"['racing heart', 'feeling as if might die', 'dyspnea', 'throat tightness', 'nausea', 'feeling hot then cold', 'unable to catch breath']"
52835,"['heart palpitations', 'nausea', 'shortness of breath']"
52874,"['palpitations', 'nausea', 'feeling hot and cold clammy', 'sensation that she is going to die', 'dyspnea', 'finger numbness', 'no changes in sleep appetite urination bm dizziness chest pain fever headache']"
52890,"['palpitations', 'numbness in hands', 'increased frequency of palpitations in the past 3 weeks', 'heart races', 'shortness of breath', 'nausea', 'tight throat', 'feelings of hot and cold', 'anxiety about episodes']"
52910,"['heart palpitations', 'fatigue', 'shortness of breath', 'nausea', 'vomiting']"
52923,['palpitations']
52932,"['palpitations', 'shortness of breath', 'nausea', 'diaphoresis', 'impending doom', 'fatigue', 'difficulty concentrating', 'numb fingers']"
52979,"['palpitations', 'numbness', 'fear', 'nausea', 'throat tightness', 'coldness hot flashes']"
53035,"['pounding heart', 'shortness of breath', 'throat tightness', 'tingling sensation over palms', 'nausea', 'cold and clammy extremities', 'increased stress']"
53039,"['palpitations', 'dyspnea', 'throat tightening', 'hot cold sensation', 'hand numbness', 'fatigue', 'confusion', 'frequent episodes']"
53092,"['chest pounding', 'clammy', 'tight throat']"
53129,"['palpitations', 'intermittent palpitations', 'bilateral finger numbness', 'shortness of breath', 'throat tightness', 'nausea', 'hot cold intolerance', 'racing heart', 'episodes lasting 15-30 minutes', 'frequent episodes']"
53152,"['palpitations', 'heart pounding sensation', 'nausea', 'throat tightening', 'shortness of breath', 'feeling hot', 'feeling cold', 'feeling clammy', 'feeling like dying', 'numbness in fingers']"
53161,"['palpitations', 'intermittent chest tightness', 'nausea', 'throat tightness', 'hot flashes', 'cold and clammy feelings', 'tingling in fingertips', 'sense of impending doom', 'shortness of breath']"
53327,"['heart palpitations', 'nausea', 'shortness of breath', 'throat tightness', 'cold clammy skin', 'hand numbness']"
53373,"['palpitations', 'heart racing', 'feeling like something bad might happen including death', 'shortness of breath', 'throat tightness', 'nausea', 'hot clammy feeling', 'numbness hands']"
53527,"['palpitations', 'nausea', 'shortness of breath', 'feeling of alternating hot and cold', 'hand numbness', 'impending doom', 'increased stress']"
53698,"['hand numbness', 'feeling hot', 'feeling cold', 'clammy extremity', 'shortness of breath', 'nausea']"
53711,"['heart palpitations', 'shortness of breath', 'throat tightness', 'nausea', 'feeling hot then cold with clamminess']"
53840,"['palpitations', 'shortness of breath', 'throat tightness', 'feelings of hot and cold', 'clamminess', 'nausea', 'numb fingers', 'none for anxiety fevers chills abdominal pain joint pain']"
53954,"['palpitations', 'racing heart', 'pounding heart', 'shortness of breath', 'nausea', 'throat tightness', 'cold clamminess', 'numbness in fingers', 'tiredness', 'difficulty concentrating']"
54131,"['palpitations', 'shortness of breath', 'numbness in fingers', 'throat tightening', 'nausea', 'feeling clammy', 'feelings of impending doom']"
54207,"['palpitations', 'shortness of breath', 'nausea', 'tightness in throat', 'feeling hot', 'feeling cold and clammy', 'fear of another episode']"
54220,"['heart palpitations', 'racing heart', 'shortness of breath', 'nausea', 'feeling hot', 'feeling cold', 'clamminess', 'increased frequency of palpitations over the past 3 weeks']"
54222,"['shortness of breath', 'chest tightness', 'feeling hot during the episode', 'lack of concentration following', 'stress']"
54226,"['palpitations', 'shortness of breath', 'nausea', 'throat tightening', 'feeling hot', 'feeling cold', 'feeling clammy', 'trouble concentrating']"
54228,"['finger numbing', 'nausea', 'shortness of breath', 'feeling cold and clammy', 'a fear of impending doom', 'increased stress', 'loss of job']"
54323,"['heart palpitations', 'throat tightness', 'difficulty breathing', 'feeling hot', 'nausea', 'feeling cold', 'clamminess']"
54341,"['palpitations', 'finger numbness', 'dyspnea', 'feeling hot', 'feeling cold', 'clamminess', 'anxiety feelings that something bad may happen']"
54459,"['palpitations', 'numbness in fingers', 'clammy', 'hot and cold', 'tight throat feeling', 'shortness of breath', 'episodes lasting 15-30 minutes']"
54511,"['heart pounding', 'shortness of breath', 'throat tightening', 'nausea', 'episodes of hot flushing followed by cold clammy feeling']"
54517,"['palpitations', 'shortness of breath', 'numbness in fingers', 'nausea', 'feeling hot', 'stress']"
54564,"['palpation', 'stress or worry associated factor']"
54660,"['heart racing', 'shortness of breath', 'nausea', 'feeling cold', 'feeling clammy']"
54791,"['heart palpitations', 'heart pounding', 'heart racing', 'finger numbness', 'breathing fast', 'tight throat', 'feeling slightly clammy']"
54804,"['heart pounding', 'numbness in fingers bilaterally']"
54889,"['palpitations', 'shortness of breath', 'throat tightening', 'sense of worry', 'hot cold sensations', 'decreased ability to concentrate', 'fatigue']"
54901,"['heart pounding', 'numbness', 'claminess', 'coldness in both hands', 'shortness of breath', 'throat tightness', 'nausea']"
54957,"['palpitations', 'feelings of impending doom', 'shortness of breath sob', 'nausea', 'tingling numbness', 'frequent episodes 1-2x day 1-2 days', 'stressor unemployment']"
55009,"['palpitations', 'anxiety', 'shortness of breath', 'throat tightness', 'rapid breathing', 'cold and clammy skin', 'fatigue', 'difficulty concentrating', 'finger numbness']"
55012,"['palpitations', 'shortness of breath', 'throat tightening', 'nausea', 'feeling hot', 'feeling clammy', 'stress']"
55035,"['palpitations', 'tingling in the 10 fingers', 'shortness of breath', 'rapid breathing', 'feeling like her heart might stop and she might die', 'throat tightening', 'feeling hot', 'feeling clammy', 'nausea']"
55060,"['palpitations', 'shortness of breath', 'feeling clammy', 'nauseated', 'feeling hot and cold']"
55083,"['palpitations', 'shortness of breath', 'diaphoresis', 'throat tightness']"
55117,"['palpitations', 'shortness of breath', 'feeling hot', 'cold and clammy hands', 'throat tightness', 'feeling like something bad is gonna happen', 'none no other symptoms were reported']"
55153,"['palpitations', 'anxiety', 'shortness of breath', 'nausea', 'throat tightness', 'cold clammy feeling', 'numbness of fingers', 'difficulty concentrating', 'fatigue after episodes']"
55230,"['palpitations', 'shortness of breath', 'throat tightness', 'feeling hot', 'nausea', 'numbness fingers']"
55410,"['palpitations', 'feeling of warmth', 'shortness of breath', 'sweating', 'numbness']"
55507,"['heart palpitations', 'numbness in fingers', 'shortness of breath', 'feeling hot and clammy', 'nausea', 'feeling of doom', 'impending sense of doom', 'worried that her heart might stop']"
55578,"['palpitations', 'shortness of breath', 'nausea', 'feeling overheated', 'feeling clammy and cold', 'sense of impending death', 'hand numbness']"
55584,"['heart pounding', 'shortness of breath', 'nausea', 'feeling like throat tightening', 'numbness in fingers']"
55601,"['palpitations', 'shortness of breath', 'nausea', 'clamminess', 'none for other symptoms']"
55634,"['severe palpitations', 'heart racing', 'fingers numb', 'shortness of breath sob', 'feeling of doom', 'lump in throat', 'clammy', 'nausea', 'anxiety inferred from symptoms']"
55825,"['cold and clamy fingers', 'shortness of breath', 'feeling like throat closing up', 'feeling like dying', 'stress', 'feeling more tired', 'decreased concentration', 'history of similar episode 5 years ago']"
55853,"['heart palpitations', 'shortness of breath', 'throat tightness', 'tingling in hands and fingers', 'none no other patient-reported symptoms or clinician-observed findings were mentioned in the provided clinical note']"
55923,"['palpitations', 'clammy skin', 'nausea', 'dyspnea', 'sense of impending doom']"
55930,"['heart palpitation', 'shortness of breath', 'nausea', 'heart race', 'feeling of impending death', 'tingling in fingers', 'no weight loss', 'no history of depression or anxiety', 'no chest pain', 'no fever', 'no agoraphob']"
55992,"['palpitations', 'shortness of breath', 'throat tightness', 'nausea', 'feeling hot then cold and clammy', 'numbness of fingers', 'none for other symptoms']"
56372,"['palpitations', 'shortness of breath', 'throat swelling', 'nausea', 'feeling cold', 'clamminess', 'anxiety']"
56456,"['palpitations', 'feeling clammy', 'hot throat', 'tightening throat', 'shortness of breath', 'nausea', 'anxiety']"
56517,"['heart racing', 'pounding feeling', 'nausea', 'shortness of breath', 'cold sweats', 'stress']"
56522,"['heart palpitations', 'shortness of breath', 'nausea', 'tightening throat', 'feeling cold', 'clamminess', 'none for other symptoms']"
56535,"['palpitations', 'numbness of fingers', 'nausea', 'narrowing of the throat', 'fatigue', 'difficulty concentrating']"
56642,"['heart palpitations', 'feeling of doom', 'heart racing and pounding', 'shortness of breath', 'throat tightness', 'nausea', 'numbness of finger in both hands']"
56697,"['racing heart', 'shortness of breath', 'nausea', 'numbness in hands', 'clamminess']"
56841,"['sob', 'nausea', 'sensation of cold clamminess', 'throat tightening', 'tiredness', 'difficulty concentrating', 'finger numbness']"
57026,"['palpitations', 'feeling hot then cold', 'clammy', 'nauseous', 'shortness of breath sob', 'tightening throat', 'fear of something bad happening']"
60004,"['sharp chest pain', 'stabbing chest pain', 'constant chest pain', 'chest pain worsens with deep inspiration or movement', 'muscle pain diffuse', 'running nose', 'feeling febrile', 'symptoms resolving']"
60020,"['sharp chest pain', 'left-sided chest pain', 'chest pain on deep breathing', 'chest pain on movement', 'nasal congestion', 'warm feeling']"
60049,"['chest pain', 'nasal congestion', 'subjective fever', 'muscle aches']"
60056,"['chest pain', 'muscle aches', 'stuffy nose', 'warmth']"
60059,"['chest pain', 'subternal sharp pain without radiation', 'pain worse with deep breaths', 'pain started yesterday morning and is constant and worsening', 'pain not helped by tylenol and albuterol', 'first time having this type of pain', 'does not feel like asth']"
60078,"['chest pain', 'left-sided chest pain', 'sudden onset of chest pain', 'continuous chest pain', 'chest pain at rest', 'increased chest pain intensity with respiration', 'chest pain worsens with movement', 'local tenderness on left side of chest']"
60095,"['chest pain', 'left upper chest pain', 'sharp chest pain', 'chest pain at rest', 'chest pain with deep breathing or movement', 'rhinorhea', 'muscle aches', 'fever', 'flu symptoms']"
60111,"['chest pain', 'pain worsens with deep breathing and movement', 'muscle aches', 'feeling warm', 'stuffy nose']"
60116,"['sudden onset chest pain', 'muscle aches', 'fever', 'stuffy nose']"
60121,"['sharp and stabbing chest pain to upper right chest', 'worse with breathing and movement', 'constant', 'rating of 5 10 at rest and 8 10 with movement or cough', 'nasal congestion', 'muscle aches', 'feels warm but did']"
60160,"['sharp l constant chest pain', 'stuffy nose', 'muscle aches', 'none for cough rash changes in urine or bowel habits nausea vomit fevers and weigth appetite changes']"
60173,"['left pectoralis muscle pain', 'stabbing pain', 'pain not alleviated by tylenol or albuterol', 'pain worsened by deep breathing and movement', 'stuffy nose', 'muscle aches diffusely']"
60203,"['chest pain sharp exacerbated by breathing', 'muscle aches']"
60229,"['sharp chest pain', 'pain associated with breathing', 'pain does not radiate', 'pain rated as 5 10 with spikes to 8-9 10', 'pain relatively constant', 'stuffy nose', 'muscle aches', 'feeling hot', 'exercise induced asthma']"
60235,"['chest pain', 'sharp pain', 'pain like a knife', 'pain in left side of chest', 'pain worse with deep breaths', 'pain worse with movement', 'pain better when rests', 'stuffy nose', 'muscle aches', 'fever']"
60247,"['left-sided chest pain', 'subjective fever', 'runny nose', 'muscle aches']"
60248,"['sharp pain on left-mid upper chest', 'stuffy nose', 'muscle aches', 'fevers']"
60266,"['chest pain', 'nasal congestion', 'rhinorrhea', 'body aches', 'subjective fever', 'none shortness of breath cough breathing fast n v diarrhea constipation headache change vision tingling arms']"
60315,"['chest pain', 'fever', 'sharp pain', 'pain worsens on deep breath', 'pain severity ranges from 4 10-8 10', 'no relief from tylenol', 'no cough', 'no sweating', 'no chills', 'no fatigue']"
60319,"['sharp chest pain', 'worsened with deep inspiration and movement', 'muscle aches', 'stuffy nose', 'fever']"
60338,"['chest pain', 'fever', 'body aches', 'fatigue']"
60341,"['sharp chest pain', 'increased pain with movement', 'pain not radiating', 'no shortness of breath', 'no headache', 'no cough', 'no palpitations']"
60342,"['fever', 'stuffy nose', 'muscle ache']"
60407,"['stuffy nose', 'myalgias', 'chest pain with deep breaths', 'felt warm at home', 'none no clinician-observed findings or negated symptoms were mentioned']"
60417,"['sharp chest pain', 'worsened by deep breathing or movement', 'myalgia', 'warmth', 'stuffy nose', 'none no other symptoms reported']"
60421,"['left sided chest pain', 'sharp chest pain', 'chest pain intensity 4 10', 'chest pain intensity 7 10 when breathing in deep', 'chest pain worsens with deep inspiration and movement', 'chest pain does not worsen when supine or leaning forward']"
60466,"['chest pain', 'worsening chest pain', 'pain worsens with inspiration and movement', 'no shortness of breath', 'no nausea', 'no vomiting', 'no trauma', 'nasal congestion 3-4 days ago', 'muscle aches 3-']"
60469,"['sudden sharp pleuretic left chest pain', 'aggravated by sudden positional changes', 'aggravated by deep breaths', 'alleviated by shallow breathing', 'h o subjective fever', 'denies any previous similar episodes', 'denies palpatations']"
60506,"['chest pain', 'nasal congestion', 'muscle ache', 'fever', 'sharp pain left side']"
60517,"['sharp left sided chest pain', 'pleuritic chest pain', 'congestion', 'rhinorrhea', 'muscle aches', 'subjective fevers', 'none no cough abdominal pain shortness of breath chest pain with exertion n']"
60564,"['chest pain', 'subjective fever', 'congestion', 'myalgias']"
60575,"['chest pain', 'sharp and stabby chest pain', 'chest pain worse with deep breath and movement', 'chest pain better with rest', 'recent onset of stuffy nose', 'recent onset of muscle aches']"
60585,"['sharp chest pain', 'muscle aches', 'stuffy nose']"
60619,"['sharp chest pain', 'muscle aches', 'stuffy nose']"
60620,"['left chest pain', 'sharp chest pain', 'chest pain at rest', 'chest pain during deep inspiration', 'chest pain that started yesterday morning', 'chest pain that radiates nowhere', 'deep breaths makes chest pain worse', 'nothing makes chest pain better', 'rhinor']"
60654,"['sharp chest pain', 'muscle aches', 'stuffy nose', 'subjective fever', 'no relief with tylenol or albuterol inhaler', 'worsens with breath and movement']"
60664,"['left sided chest pain', 'intense pain with deep breath', 'pain at rest 5 10 with movement or palpation 7 10', 'pain localized in same spot', 'patient feels warm', 'no cough', 'no fever', 'no nausea vom']"
60666,"['chest pain', 'fever', 'stuffiness of nose', 'muscle aches', 'none no cough shortness of breath palpitations dizziness urine weight bowel habits changes similar pain before']"
60671,"['chest pain with deep breathing', 'muscle aches', 'nasal congestion', 'subjective fever']"
60699,"['sharp chest pain', 'worsening chest pain 7-9 10', 'chest pain worsens with movements', 'chest pain worsens with deep breathing', 'no nausea', 'no vomiting', 'no shortness of breath', 'no bowel']"
60700,"['left-sided chest pain', 'fever', 'muscle aches', 'stuffy nose', 'sharp stabbing pain', 'worsened with deep breathing and movement', 'pain severity 8-9 10 with breathing', 'pain severity 5 10 at rest']"
60702,"['fever', 'runny nose with yellow mucous', 'muscle pain']"
60749,"['chest pain', 'muscle aches', 'stuffy nose', 'none no headaches cough shortness of breath sore throat abdominal pain']"
60757,"['sharp chest pain', 'pain exacerbated by movement and deep breathing', 'pain located in the upper left chest wall', 'pain constant', 'pain rated 5 10 but can become 8-9 10 with breathing']"
60770,"['fever', 'nasal stuffiness', 'malaise', 'sharp chest pain', 'chest pain exacerbated with deep breaths movement walking', 'chest pain relieved with rest', 'exercise induced asthma']"
60792,"['chest pain', 'sharp stabbing pain', 'worsens with inspiration', 'pain rating of 5 6 at rest can increase to 7 8 or 9 with deep inspiration', 'previously had runny nose and muscle aches', 'denies fever ch']"
60798,"['chest pain', 'fever', 'stuffy nose', 'muscle aches', 'sharp pain associated with chest pain', 'pain worsens with deep breath and exercise', 'no cough', 'no joint pain', 'constant pain associated with chest pain']"
60802,"['chest pain', 'fever', 'stuffy nose', 'muscle aches']"
60827,"['sharp chest pain', 'chest pain exacerbated by deep inspiration and movement', 'recent illness with myalgias and nasal congestion']"
60867,"['chest pain', 'shortness of breath', 'runny nose', 'muscle aches', 'fevers', 'chills', 'night sweats']"
60911,"['deep chest pain', 'stuffy nose', 'runny nose', 'muscle aches', 'subjective fever', 'exercise-induced asthma clinician-observed finding but it is not a symptom so it is not included in the output']"
60913,"['chest pain', 'sharp pain', 'pain worsens on inspiration', 'pain worsens with movement', 'stuffy nose', 'muscle aches', 'subjective fever']"
60922,"['chest pain', 'sharp', 'sudden onset', 'constant', '5 10 while sitting still', '8 10 while deep breathing and moving', 'non-radiating', 'aggravated by deep breath and movement', 'alleviated by sitting still']"
60941,"['sharp chest pain', 'pain in left chest', 'pain worse with movement and deep breathing', 'pain better with rest', 'pain intensity 5 10 at rest 8 10 with movement', 'feeling hot', 'exercise induced asthma', 'no radiation of pain', 'no']"
60951,"['chest pain', 'left upper chest pain', 'constant sharp stabbing pain', 'pain worsens with deep inhalation and movement', 'pain at rest is 5 10 on movement or deep inhalation is 8-9 10', 'nasal congestion']"
60955,"['sharp chest pain', 'muscle aches', 'stuffy nose']"
60962,"['left chest pain', 'increased with movements and deep breaths', 'warm feeling']"
60977,"['chest pain with inspiration', 'left-sided chest pain', 'muscle aches', 'stuffy nose', 'subjective fever', 'exercise induced asthma if its not clear that this is a past history it can be included as a symptom']"
60998,"['left sided chest pain', 'fever', 'flu-like illness', 'nasal stuffiness', 'myalgia']"
61003,"['chest pain', 'nasal congestion', 'muscle ache', 'fever']"
61018,"['chest pain', 'stuffy nose', 'muscle ache']"
61054,"['sharp chest pain', 'rhinorrhea', 'myalgia']"
61080,"['left sided chest pain', 'nasal stuffiness', 'low grade fever', 'muscle aches', 'shortness of breath on exertion']"
61086,"['chest pain', 'fever', 'stuffy nose', 'flu-like symptoms']"
61125,"['sharp chest pain', 'muscle aches', 'runny nose']"
61146,"['sharp constant left chest pain', 'nasal congestion', 'muscle aches', 'feeling feverish']"
61152,"['chest pain', 'fever', 'runny nose']"
61164,"['chest pain', 'muscle ache', 'stuffy nose', 'fever', 'exercise induced asthma if it is considered a clinician-observed finding']"
61185,"['muscle aches', 'stuffed nose', 'mild subjective fever', 'chest pain worse with deep inspiration and movement']"
61205,"['left chest pain', 'muscle aches', 'stuffy nose']"
61218,"['sharp left chest pain', 'stuffy nose', 'muscle aches']"
61232,"['chest pain', 'muscle ache', 'feeling warm', 'runny nose', 'whitish yellowish secretions']"
61244,"['chest pain', 'muscle aches', 'feeling feverish', 'nasal congestion']"
61289,"['sharp chest pain', 'worsens with inhalation or movement', 'improves when sitting still', 'muscle pains', 'stuffy nose']"
61357,"['chest pain', 'right chest pain', 'pain aggravated by physical activity', 'pain not relieved by anything', 'nasal stuffiness', 'body aches', 'subjective fever', 'pain increased on breathing']"
61361,"['chest pain', 'productive cough with white-yellow mucus', 'nasal congestion', 'rhinorrhea', 'muscle aches', 'subjective fever', 'asthma patients pmhx']"
61407,"['left sided chest pain', 'sharp chest pain', 'chest pain aggravated by deep breathing and movement', 'chest pain relieved by lying still', 'feeling warm for last few days', 'runny nose', 'muscle aches', 'no cough', 'no shortness of']"
61414,"['sharp chest pain', 'pleuritic chest pain', 'muscle aches', 'stuffy nose', 'not position dependent', 'worse with deep breathing and movement', 'denies trauma to chest', 'denies chills', 'denies night sweats', 'denies shortness of breath']"
61436,"['chest pain', 'soreness', 'stuffy nose', 'muscle aches', 'feeling warm']"
61445,"['sharp left-sided chest pain', 'recent viral upper respiratory infection', 'subjective fever', 'exercise-induced asthma clinician-observed finding']"
61482,"['left parasternal chest pain', 'sharp quality pain', 'pain not progressive', 'pain aggravated by deep breathing and movement', 'pain alleviated by rest', 'pain not radiating', 'no cough', 'no shortness of breath', 'no swelling or tenderness at calf']"
61497,"['sharp chest pain', 'pleuritic chest pain', 'chest pain worsened with movement', 'chest pain worsened with deep breaths', 'chest pain radiating to none', 'pain intensity 5-6 10 at rest', 'pain intensity 7-9 10']"
61548,"['chest pain', 'nasal congestion', 'subjective fevers', 'muscle aches']"
61552,"['sharp chest pain in right upper quadrant', 'worsens with deep breaths', 'muscle aches', 'runny nose', 'fever mild']"
61556,"['sharp chest pain', 'pleuritic chest pain', 'chest pain worse with movement', 'chest pain improving with leaning forward', 'chest pain worse with deep breaths', 'no radiation of pain', 'feeling a little warm', 'no shortness of breath', 'no palpitations', 'no']"
61591,"['sharp chest pain', 'pain exacerbated by movements and deep breath', 'no relief with tylenol', 'flu-like symptoms 3-4 days ago', 'fever unmeasured']"
61642,"['chest pain', 'worse with inspiration', 'difficulty with movement', 'muscle aches', 'rhinorrhea', 'congestion', 'subjective warmth']"
61643,"['chest pain', 'nasal congestion']"
61656,"['deep chest pain', 'left upper quadrant pain', 'pain worsens with breathing', 'runny nose', 'warm']"
61657,"['chest pain', 'stuffy nose', 'muscle ache', 'worsened by deep breath']"
61659,"['constant chest pain', 'left sided chest pain', 'worsens with deep inspiration', 'subjective fever', 'stuffy nose', 'muscle aches', 'no relief from tylenol and albuterol inhaler', 'no radiating pain', 'no inciting events']"
61663,"['sharp chest pain', 'congestion', 'myalgias']"
61668,"['sharp left sided chest pain', 'pain worse with deep breathing and movement', 'constant chest pain since yesterday morning']"
61673,"['chest pain', 'decreased range of motion in the left arm', 'pain increased with deep breaths', 'pain decreased with rest', 'upper respiratory infection', 'symptoms related to heart attack given the patients age gender and symptoms']"
61718,"['sharp stabbing chest pain on left side', 'stuffy nose', 'muscle aches', 'fever feels warm but hasnt checked temperature']"
61738,"['chest pain', 'stuffy nose', 'muscle ache']"
61747,"['chest pain', 'body aches', 'stuffy nose']"
61761,"['chest pain', 'sharp knife-like pain', 'constant pain 5 10 when not moving 8 10 with deep breath or movement', 'congestion', 'rapid onset of diffuse muscle aches', 'subjective fevers for multiple days before presentation']"
61765,"['fever', 'right sided chest pain', 'sharp chest pain', 'chest pain at rest', 'chest pain with movement', 'chest pain aggravated by deep breathing', 'chest pain aggravated by movement', 'stuffy nose', 'muscle ache', 'fever and muscle ache in past']"
61768,"['runny nose', 'muscle aches']"
70087,"['dysregularities in menstrual cycles', 'menorrhagia', 'irregular menstrual periods 3-4 days per month to 10-15 days per month']"
70163,"['heavy menstrual bleeding', 'irregular menstrual periods', 'menstrual periods lasting for 7 days', 'weight gain 10-15 pounds', 'fatigue']"
70221,"['irregular and heavy period', 'black pigmentations in hands and neck for 1 yrs', 'weight gain 10-15 lbs 6 mos', 'fatigue', 'none for symptoms not mentioned in the clinical note']"
70243,"['heavy menstrual bleeding', 'weight gain', 'fatigue', 'darkening of skin on hands and neck']"
70255,"['irregular menstrual cycles', 'heavier bleeding', 'prolonged menstrual periods', 'increased menstrual blood loss', 'weight gain', 'fatigue']"
70276,"['heavy menstrual bleeding', 'prolonged menstrual periods', 'weight gain', 'fatigue']"
70332,"['heavy menstrual flow', 'increased frequency of pad changes during menstruation', 'irregularity in menstrual cycle duration periods lasting more than 4 days', 'none no other symptoms reported']"
70399,"['heavy menstrual bleeding', 'irregular menstrual periods', 'long menstrual cycles 4-5 weeks', 'weight gain 10 lbs in 6 months', 'fatigue 2 years duration', 'darkening of skin over knuckles and neck']"
70412,"['irregular periods', 'longer menstrual cycles 5 months', 'shorter menstrual duration 7 days', 'heavier menstrual flow needs to change tampon every few hours for the first day', 'previous regular menstrual cycles every 5']"
70442,"['heavy menstrual bleeding', 'fatigue', 'weight gain 10-15 lbs', 'dark spots on skin', 'unable to get pregnant']"
70445,"['heavy menstrual bleeding', 'irregular menstrual periods', 'painful menstrual periods', 'hypomenorrhea 2 periods in the last 5 months', 'amenorrhea lmp was 2 months ago', 'history of irregular menstru']"
70507,"['heavy menstrual flow', 'irregular menstrual cycle 2 periods in last 5 months', 'prolonged menstrual period 7 days', 'increased menstrual flow up to 7 pads per day', 'fatigue', 'weight gain 1']"
70511,"['irregular heavy periods', 'prolonged menstrual periods 7 days', 'skin discoloration back of neck knuckles of hands', 'history of infertility 9 years']"
70551,"['heavier menstrual cycles', 'gaining 10 pounds in the last 6 months']"
70616,"['heavy menstrual bleeding', 'prolonged menstrual periods 7 days', 'infrequent menstrual periods every 2 months']"
70730,"['heavy menstrual bleeding', 'prolonged menstrual periods 7 days', 'increased menstrual flow requiring change of tampon every couple of hours', 'infertility unable to get pregnant after years of attempts']"
70749,"['heavy menses', 'irregular menstruation', 'missed period', 'weight gain', 'tiredness']"
70786,"['oligomenorrhea', 'heavy menses', 'hyperpigmentation left neck finger knuckles']"
70792,"['heavy periods', 'fatigue', 'weight gain', 'rash on neck and fingers']"
70847,"['heavy periods', 'skin discolouration on 2nd knuckles', 'skin discolouration on l neck', 'fatigue', 'weight gain', 'infertility concerns']"
70929,"['change in menstruation', 'heavy periods', 'prolonged menstruation 7 days', 'decreased menstrual frequency 2 periods in 6 months', 'abnormal menstrual bleeding heavier periods lasting 7 days', 'no excessive cramping']"
70939,"['heavy and continuous vaginal bleeding', 'irregular menstrual cycle intermittent bleeding without pattern', 'previous normal menstruation every 30 to 35 days lasting 3 days']"
71014,"['heavy periods', 'irregular periods', 'prolonged periods', 'unintentional weight gain']"
71031,"['heavy periods', 'irregular periods', 'prolonged periods 7 days', 'increased menstrual bleeding requiring multiple changes in first few hours', 'rash on fingers and face', 'weight gain 10-15 pounds in 6 months', 'increased']"
71194,"['heavy irregular periods', 'prolonged menstrual cycle 7 days', 'increased menstrual flow 7 tampons on the first day', 'delayed menstruation 2 months since last menstruation', 'decreased appetite', 'fatigue']"
71205,"['heavy menstrual bleeding', 'fatigue']"
71213,"['irregular periods', 'heavy menstrual bleeding', 'decreased energy', 'darkening of skin around knuckles and neck', 'weight gain', 'skin changes not specified']"
71235,"['irregular periods', 'heavy bleeding during periods', 'using more pads than often', 'gained 15 pounds recently', 'pigmentation in neck region']"
71344,"['heavy menstrual periods', 'irregular menstrual cycles', 'short menstrual cycles 7 days', 'infertility issues', 'gaining weight 10-15 pounds']"
71432,"['menorrhagia', 'irregular periods', 'increased duration of periods', 'weight gain', 'acanthosis nigricans', 'infertility 9 year history']"
71449,"['irregular periods', 'acanthosis nigricans on neck', 'unintentional weight gain 10-15 lbs in 6 months', 'stress', 'poor diet fast food', 'lack of exercise', 'none no belly pain changes in']"
71453,"['menstrual irregularity', 'menorrhagia', 'increased menstrual frequency every other month', 'prolonged menstrual periods 7 days', 'excessive menstrual bleeding requires tampon changes every couple of hours']"
71501,"['irregular menstrual cycles', 'increased menstrual flow', 'prolonged menstrual periods 7 days', 'heavy menstrual bleeding requires 7 pads day on day 1', 'decreased menstrual bleeding as days go on']"
71531,"['irregular periods', 'heavy periods', 'infertility', 'weight gain 10-15 lbs', 'increased eating out', 'none no associated symptoms such as pain nausea vomiting diarrhea or constipation no burning or pain with']"
71534,"['irregular heavy periods for the past 6 months', 'scanty menstruation only 2 periods in the past 5 months', 'prolonged menstrual periods each period lasts 7 days', 'frequent pad changes every 2 hours']"
71551,"['heavy uterine bleeding', 'irregular menstrual cycle last normal period was 6 months ago', 'menarche at 12', 'fatigue', 'hyperpigmented spots on hands and lt neck']"
71562,"['heavy periods', 'weight gain 10-15 lbs', 'discoloration of neck and hands']"
71649,"['heavy menstrual periods', 'irregular menstrual periods', 'menstrual periods lasting a day', 'frequent menstrual periods 2 in 5 months', 'increased menstrual bleeding using a tampon every two hours', 'menstrual periods every']"
71653,"['heavy menstrual bleeding', 'irregular menstrual periods', 'delayed menstrual periods']"
71658,"['increased bleeding with periods', 'periods lasting 7 days previously 3 days', 'increased frequency of tampon changes during periods', 'no vaginal discharge', 'no bleeding anywhere else gingival', 'no bruises', 'no sti history', 'no history of children']"
71724,"['heavy menstrual bleeding', 'irregular menstrual cycles', 'prolonged menstrual periods', 'increased menstrual flow', 'infrequent menstrual periods', 'delayed menstrual periods', 'menarche at 12 yo', 'infert']"
71735,"['heavy period', 'prolonged menstrual cycle 7 days', 'increased menstrual flow 7 tampons on the first day up from 4 previously', 'irregular menstrual cycle lmp was 2 months ago with last normal period being 6 months ago']"
71758,"['heavy periods', 'prolonged menstrual periods', 'irregular menstrual cycles', 'fatigue', 'weight gain', 'hyperpigmentation']"
71777,"['irregular uterine bleeding', 'heavy periods', 'increased period frequency', 'abdominal cramping', 'weight gain 10-15 pounds', 'infertility after trying with husband for several years']"
71861,"['heavy menstrual flow', 'irregular menstrual cycle', 'infertility', 'weight gain 10 lbs', 'darkness in neck and knuckles']"
71865,"['heavy menstruation', 'irregular menstrual cycle', 'increased menstrual flow', 'longer menstrual periods', 'absence of menstrual periods for 2 months', 'history of normal menstrual periods every 4-5 weeks lasting 3 days']"
71895,"['heavy menstrual periods', 'increased menstrual frequency', 'increased menstrual duration', 'weight gain', 'fatigue', 'low fruit and vegetable intake']"
71937,"['heavy menstrual bleeding', 'irregular menstrual cycle', 'gaining weight 10 lbs in the past 6 months', 'stress', 'feeling tired', 'infertility past 9 years']"
71938,"['dark skin changes on her knuckles and neck', 'gained 10 pounds', 'unable to conceive a child', 'dysmenorhea', 'breakthrough bleeding', 'heavy menstrual bleeding']"
71953,"['menorrhagia', 'skin pigmentation on dorsal hands', 'weight gain of 10-15 lbs over past 6 months', 'difficulty with pregnancy for 9 years', 'no pain or spotting during periods', 'no pain or bleeding during sexual']"
71991,"['vaginal bleeding', 'painless', 'gradual worsening', 'irregular menstrual cycles']"
72005,"['heavy menstrual bleeding', 'skipping periods', 'increased menstrual bleeding using 7 pads on first day', 'weight gain 10-15 lbs over the past 6 months', 'fatigue feeling tired more often', 'dark rash']"
72030,"['heavier menstrual periods', 'frequent menstrual bleeding change tampons every hour', 'fatigue', 'weight gain 10-15 lbs in the last month']"
72034,"['irregular periods', 'heavier periods', 'longer periods', 'weight gain', 'dark skin rash on hands and neck']"
72111,"['heavy menstrual bleeding', 'prolonged menstrual periods 7 days']"
72125,"['heavy menstrual bleeding', 'irregular menstrual periods', 'menstrual periods lasting more than 7 days', 'menstrual periods occurring once every two months', 'previous menstrual periods occurring every 30-35 days and lasting 3 days', 'fatigue']"
72206,"['irregular menstrual cycles', 'heavy menstrual flow', 'increased weight 10-15 lbs']"
72207,"['heavy menstrual bleeding', 'irregular periods', 'periods lasting 7 days', 'periods every 2 months', 'mild cramping with periods', 'history of infertility', 'no clots', 'no urinary complaints', '10-15lb weight']"
72225,"['increased menstrual bleeding', 'irregular periods', 'fatigue']"
72542,"['chronic dysmenorrhea', 'heavy menstrual bleeding', 'irregular menstrual periods', 'cramping']"
72549,"['heavy menses', 'unvoluntary weight gain', 'dark color in hand and left neck']"
72553,"['tiredness', 'weight gain 10-4 lbs in 6 months', 'black discoloration over her neck']"
72557,"['irregular periods', 'heavy menstrual flow', 'prolonged menstrual periods', 'new cramping during menstruation']"
72558,"['irregular menstruation', 'heavy menstrual bleeding', 'prolonged menstrual bleeding', 'increased menstrual bleeding', 'increased menstrual flow', 'increased frequency of menstruation', 'weight gain', 'fatigue']"
72559,"['heavy menstrual bleeding', 'irregular menstrual cycles', 'dark lesions on neck and hands', 'infertility', 'weight gain 10-15 pounds in the last 6 months']"
72566,"['dysmenorrhea', 'irregular menstrual periods', 'prolonged menstrual flow', 'heavy menstrual flow on day 1', 'frequent tampon changes', 'weight gain 10-15 lb', 'no constipation', 'no brittle hair']"
72572,"['irregular periods', 'heavy bleeding', 'inability to become pregnant', 'weight gain', 'skin darkening']"
72617,['heavier periods']
72660,"['heavy menstrual bleeding', 'prolonged menstrual periods 7 days', 'irregular menstrual periods 2 periods in the past 5 months', 'decreased menstrual flow tapers down from 7 tampons on the first day to 1 on the 7']"
72757,"['heavy and irregular periods', 'increased menstrual duration 7 days instead of 3', 'frequent menstrual pad changes q2hr', 'weight gain 10lbs in past 6 months']"
72765,"['heavy menstrual bleeding', 'irregular menstrual periods', 'weight gain 10-15 lbs', 'history of infertility', 'no abdominal cramping or pain', 'no vaginal discharge or spotting in between periods', 'no history of c']"
72781,"['heavy menstrual flow', 'increased menstrual flow duration', 'irregular menstrual periods', 'increased menstrual period frequency', 'menstrual period length increased', 'tiredness', 'darkening of skin on hands', 'darkening of skin on neck']"
72790,"['heavy menstrual bleeding', 'irregular menstrual cycles', 'possible weight gain 10-15 pounds']"
72905,"['irregular periods', 'heavy bleeding on first day of period', 'frequent changes of tampons', 'no passage of clots', 'occasional abdominal cramps during period', 'fatigue', 'weight gain 10 - 15 pounds in past 6 months', 'difficulty conceiving']"
73153,"['heavy menstrual periods', 'increased fatigue', '10lb weight gain']"
73155,"['oligomenorrhoea', 'increased menstrual bleeding', 'irregular menstrual cycles', 'weight gain 10-15 pounds', 'tiredness']"
73209,"['heavy menstrual flow', 'irregular menstrual cycle last menstrual period was 2 months ago', 'weight gain', 'increased appetite']"
73296,"['irregular periods', 'heavy periods', 'heavy periods on day 1', 'increased fatigue daily', 'darkening of skin on neck knuckles']"
73325,"['increased bleeding during periods', 'bleeding after intercourse', 'none no other patient-reported symptoms or clinician-observed findings were mentioned in the provided clinical note']"
73356,"['abnormal periods', 'irregular periods', 'heavy menstrual bleeding', 'prolonged menstrual bleeding', 'menstrual bleeding lasting 7 days', 'frequent tampon changes', 'menstrual bleeding every hour on the first day', 'menstrual bleeding not coming monthly for the past']"
73387,"['heavy bleeding during menstruation', 'irregular periods', 'weight gain in the last 6 months', 'rash in neck and arms possible sunburn']"
73395,"['heavy menstrual bleeding', 'irregular periods', 'weight gain 15 lbs', 'fatigue']"
73431,"['heavy menstrual bleeding', 'irregular menstrual periods', 'weight gain', 'fatigue']"
73490,"['heavy menstrual periods', 'irregular menstrual cycles', 'gained weight 10-15 lbs', 'hyperpigmentation on hands and neck']"
73555,"['irregular periods', 'darkening of skin', 'gained 10 pounds', 'fatigue']"
73635,"['menstrual irregularities', 'heavy menstrual periods', 'infrequent menstrual periods 2 periods in 6 months', 'increased menstrual bleeding changing tampon every 2 hours for the first couple days', 'weight gain 10-15 l']"
73640,"['heavy menstrual bleeding', 'prolonged menstrual periods 7 days', 'infrequent menstrual periods 2 periods in the last 6 months', 'increased frequency of tampon changes', 'weight gain 10-15 pounds', 'non-pr']"
73681,"['heavy menstrual bleeding', 'irregular menstrual periods', 'weight gain 10 pounds', 'fatigue', 'infertility unexplained']"
73734,"['heavier periods', 'longer menstrual cycles 7 days', 'increased menstrual bleeding 15 lb weight gain in past 6 months', 'none no other symptoms reported']"
73784,"['polymenorrhea', 'irregular menstrual cycle', 'prolonged menstrual periods', 'increased menstrual flow', 'unintentional weight gain', 'infertility']"
73792,"['heavy periods', 'fewer periods in the last 6 months', 'weight gain 10 lbs in the last 6 months', 'skin rash on hands and neck for 1 year']"
73834,"['heavy menstrual bleeding', 'menstrual cramping', 'weight gain 10-15 lbs']"
73974,"['heavy menstrual bleeding', 'irregular menstrual periods', 'frequent menstrual pad changes', 'no abdominal pain', 'no pain with sex', 'no pain with menstruation', 'no spotting between periods', 'no hair growth changes', 'no fever']"
73999,"['heavy menstrual periods', 'prolonged menstrual periods 7 days duration', 'irregular menstrual periods every other month', 'increased menstrual bleeding using tampons every couple of hours', 'tiredness', 'weight gain 10-1']"
74000,"['heavy menstrual periods', 'menstrual periods lasting 7 days', 'frequent pad changes during menstrual periods every 2 hours', 'crampy pain during menstrual periods 2 10', 'skin discoloration in the neck and hands']"
74009,"['increased bleeding', 'irregular periods', 'prolonged menstrual periods 7 days', 'frequent changing of tampons', 'weight gain', 'history of infertility']"
74011,"['irregular periods', 'fatigue', 'weight gain', 'sexual activity without condoms']"
74016,"['heavy menstrual flow', 'irregular menstrual periods', 'weight gain', 'darkening of nuckles and neck']"
74080,"['heavy menstrual flow', 'infrequent menstrual periods', 'increased weight 15 lbs', 'infertility 9 years']"
74087,"['heavy menstrual flow', 'irregular menstrual cycles', 'prolonged menstrual periods 7 days', 'decreased menstrual intervals from 3-4 days to 5 months', 'no reported menstrual pain']"
80039,"['difficulty sleeping', 'waking up early', 'tossing and turning at night', 'hallucination seeing her son leonard', 'fatigue', 'decreased interest in hobbies scrapbooking', 'increased appetite', 'insomnia due']"
80042,"['trouble falling asleep', 'trouble staying asleep', 'early morning awakening', 'hallucinations', 'depression endorses signs']"
80066,"['insomnia', 'difficulty falling asleep', 'difficulty staying asleep', 'waking up early', 'sleep deprivation', 'fatigue', 'increased appetite', 'hallucinations', 'sadness', 'loss of interest', 'low energy', 'no guilt', 'no psychomotor agitation']"
80098,"['insomnia', 'auditory hallucinations', 'loss of interest', 'increased appetite', 'fatigue']"
80245,"['difficulty sleeping', 'decreased energy', 'decreased interest', 'decreased appetite', 'hearing unexplained noises before falling asleep', 'seeing her son after he passed away']"
80307,"['difficulty falling asleep', 'difficulty staying asleep', 'early awakenings', 'increased appetite', 'decreased energy', 'anhedonia']"
80341,"['sleep disturbances', 'loss of interest', 'changes in appetite', 'fatigue', 'visual hallucinations', 'hearing hallucinations']"
80357,"['insomnia', 'daytime somnolence', 'sadness', 'grief', 'hallucinations seeing deceased son', 'auditory hallucinations hearing distant music']"
80394,"['depression', 'insomnia', 'fatigue', 'decreased interest in daily activities', 'increased appetite']"
80439,"['difficulty sleeping', 'difficulty falling asleep', 'early awakening', 'difficulty with daily activity']"
80441,"['increased sleep latency', 'increased night-time awakenings', 'waking up earlier in the morning', 'loss of interest in usual activities', 'sadness', 'anhedonia']"
80493,"['trouble sleeping', 'sadness', 'decreased interest in activities', 'low energy', 'increased appetite']"
80525,"['difficulty sleeping', 'early morning awakening', 'decreased energy', 'increased appetite', 'auditory hallucinations of son leonard', 'visual hallucinations of people having a party', 'devastated mood', 'anhedonia', 'sad mood']"
80529,"['fatigue', 'sadness', 'loss of interest', 'increase in appetite', 'insomnia', 'hallucinations seeing son sitting at table']"
80656,"['decreased sleep', 'anhedonia', 'decreased energy', 'increased appetite']"
80686,"['insomnia', 'early morning awakenings', 'difficulty falling asleep', 'daytime fatigue', 'urge to nap', 'recent death of son', 'sadness', 'anhedonia', 'low energy', 'increased appetite', 'visual hallucination of son']"
80706,"['trouble sleeping', 'tossing and turning', 'waking up early', 'not feeling refreshed', 'interrupted sleep', 'sad mood', 'hallucinations not frightening', 'increased appetite for carbs', 'low energy', 'lack of interests']"
80802,"['difficulty falling asleep', 'early awakening', 'trouble sleeping', 'tossing and turning at night', 'depressed mood', 'loss of interest in scrapbooking', 'auditory hallucinations', 'visual hallucinations', 'increased appetite']"
80857,"['insomnia', 'sadness', 'lack of energy', 'feeling tired', 'visual disturbances']"
80919,"['trouble sleeping', 'depressed mood', 'decreased energy', 'loss of interest in normal activities']"
80929,"['trouble sleeping', 'decreased interest', 'decreased energy', 'decreased appetite', 'sad mood']"
80946,"['insomnia', 'excessive daytime sleepiness', 'anhedonia', 'decreased energy', 'increased appetite', 'devastation']"
80948,"['difficulty falling asleep', 'early awakening', 'decrease interest in daily activities', 'decreased energy']"
80950,"['trouble sleeping', 'difficulty falling asleep', 'takes an hour to fall asleep instead of 15 minutes', 'tosses and turns', 'wakes earlier at 4-5 am', 'feels drained and tired throughout the day', 'auditory hall']"
81015,"['difficulty falling asleep', 'difficulty staying asleep', 'waking up early in the morning without feeling rested', 'hearing voices from a neighbors party', 'seeing her deceased son in the kitchen']"
81124,"['trouble sleeping', 'loss of interest', 'feeling of sadness', 'visual hallucinations']"
81138,"['trouble sleeping', 'feelings of sadness', 'loss of interest', 'decreased energy', 'increased appetite', 'difficulty falling asleep', 'difficulty staying asleep']"
81195,"['difficulty sleeping', 'waking up early', 'tossing and turning', 'fatigue throughout the day', 'hearing things that are not there', 'seeing things that are not there hallucinations', 'loss of interest in doing anything', 'feeling fatigued']"
81320,"['trouble sleeping', 'loss of interest in hobbies', 'increased appetite', 'hearing voices', 'seeing her son', 'feeling drained', 'no memory changes', 'none ros']"
81385,"['trouble sleeping', 'waking up early in the morning', 'feeling tired during the day', 'difficulty falling asleep', 'difficulty taking a nap', 'feeling sad', 'feeling drained', 'loss of interest', 'increased appetite', 'feeling safe at home']"
81416,"['trouble sleeping', 'tossing and turning', 'low energy during the day', 'difficulty concentrating', 'loss of interest in hobbies', 'increased appetite without weight gain']"
81437,"['insomnia', 'difficulty falling asleep', 'waking up often in the night', 'restless sleep', 'early waking', 'excessive daytime sleepiness', 'fatigue', 'auditory hallucinations', 'visual hallucinations', 'loss of interest in activities', 'low energy']"
81445,"['difficulty falling asleep', 'tossing and turning throughout the night', 'waking up earlier than usual', 'decreased sleep duration 4-5 hours a night', 'visual hallucination of deceased son', 'increase in appetite', 'lack of energy', 'dec']"
81538,"['insomnia', 'sadness', 'hearing voices not heard by others hallucinations', 'poor energy', 'lack of concentration', 'anhedonia', 'increased appetite', 'none no other symptoms reported']"
81548,"['trouble sleeping', 'grief due to sons death']"
81575,"['insomnia', 'difficulty falling asleep', 'restless sleep', 'early morning awakening', 'hallucination of son', 'hypnogogic hallucination']"
81672,"['insomnia', 'fatigue', 'sad mood', 'anhedonia', 'decreased energy', 'increased appetite', 'grieving', 'hallucination patient reported']"
81678,"['difficulty falling asleep', 'difficulty staying asleep', 'increased appetite']"
81687,"['insomnia', 'depressed mood', 'anhedonia', 'increased appetite', 'fatigue', 'hearing hallucinations party', 'seeing hallucinations son in kitchen', 'depression']"
81773,"['trouble sleeping', 'difficulty falling asleep', 'early morning awakening', 'decreased interest level', 'decreased energy', 'increased appetite', 'visual hallucinations of her son', 'hearing voices recently', 'no suicidal thoughts', 'no guilty feelings']"
81811,"['trouble sleeping', 'waking up multiple times throughout the night', 'hallucination seeing her son in her kitchen', 'anxiety evidenced by the sounds of a party from the neighbor', 'decreased energy levels', 'increased appetite', 'insom']"
81856,"['difficulty falling asleep', 'early awakenings', 'tossing and turning', 'not feeling refreshed upon awakening', 'tired throughout the day', 'loss of interest', 'low energy', 'increased appetite', 'hearing late-night parties hallucination']"
81876,"['trouble sleeping', 'fatigue', 'loss of interest in activities', 'vision of deceased son', 'hearing voices outside the door', 'insomnia related to grief']"
81877,"['trouble sleeping', 'sadness', 'increased appetite', 'low energy level', 'hearing a party not real', 'seeing her son james at breakfast table']"
81880,"['sleep disturbance', 'insomnia', 'reduced sleep duration', 'multiple nightly awakenings', 'grief based on the patients sons death', 'decreased daily activity based on the patients report']"
81900,"['difficulty in sleeping', 'feeling sad', 'increased appetite', 'flashbacks of her son sitting in front of her', 'fatigue', 'early morning awakening']"
81979,"['difficulty falling asleep', 'tossing and turning', 'increased appetite', 'sadness', 'diminished interest in hobbies', 'insomnia inferred from difficulty falling asleep tossing and turning']"
81984,"['sadness', 'increased appetite', 'loss of interest in hobbies', 'insomnia', 'hallucinations seeing her son at the kitchen table', 'auditory hallucinations hearing loud party like noises from neighbors house', 'persistent']"
81985,"['difficulty sleeping', 'low energy throughout day']"
82005,"['trouble falling asleep', 'trouble staying asleep', 'tired and groggy in the morning', 'feelings of sadness and devastation', 'loss of interest in hobbies', 'low energy', 'increased appetite', 'visual hallucinations of son', 'auditory hallucinations hypnog']"
82022,"['difficulty falling asleep', 'difficulty staying asleep', 'increased appetite', 'feeling down', 'audio hallucinations', 'visual hallucinations', 'thoughts of her neighbor having a party when she was not']"
82028,"['difficulty falling asleep', 'difficulty staying asleep', 'early morning awakening', 'hearing muffled voices', 'seeing dead son', 'increased appetite', 'loss of interest in things she liked to do', 'anhedonia']"
82080,"['trouble sleeping', 'anhedonia', 'depressed mood', 'feeling drained', 'increased appetite', 'insomnia', 'grief', 'mood disorder implied']"
82139,"['insomnia', 'fatigue', 'loss of appetite', 'depressed mood', 'disturbing dreams hallucinations', 'decreased interest in daily activities', 'grief due to recent loss']"
82187,"['trouble sleeping', 'decreased energy', 'loss of sleep', 'increased food intake', 'sadness']"
82292,"['trouble sleeping', 'waking up early', 'feeling tired all the time', 'eating more', 'hallucinations', 'loss of interest in hobbies', 'down mood']"
82313,"['decreased sleep', 'restless sleep', 'waking up at 4am', 'waking up in between sleep', 'decreased energy', 'fatigue', 'decreased ability to concentrate', 'increased appetite', 'crying spells']"
82434,"['difficulty falling asleep', 'difficulty staying asleep', 'trouble sleeping', 'visual hallucinations', 'auditory hallucinations']"
82468,"['trouble sleeping', 'emotionally drained', 'sad']"
82494,"['grief', 'insomnia', 'increased appetite', 'decreased exercise', 'visions', 'hearing sounds hallucinations']"
82515,"['difficulty falling asleep', 'difficulty remaining asleep', 'tossing and turning at night', 'increased appetite', 'decreased energy levels', 'seeing hearing things that are not real hallucinations']"
82622,"['difficulty falling asleep and staying asleep', 'fatigue', 'lack of energy', 'hearing voices', 'visual hallucinations', 'depression since the death of her son']"
82752,"['insomnia', 'sadness', 'loss of interest in regular activities', 'decreased energy', 'increased appetite']"
82796,"['trouble sleeping', 'early morning awakening', 'feeling tired during the day', 'seeing her son and hearing noises at night', 'increased appetite']"
82799,"['insomnia', 'fatigue', 'drowsiness', 'increased appetite', 'difficulty falling asleep', 'waking during night', 'waking earlier in the morning', 'headache not reported', 'nausea vomiting not reported', 'change of vision not']"
82817,"['difficulty sleeping', 'sadness', 'low energy', 'loss of interest in activities', 'insomnia implied from takes about 1 hour to fall asleep and wakes up many times a night']"
82843,"['trouble sleeping', 'difficulty falling asleep', 'not feeling rested upon waking', 'decreased interest in reading', 'increased appetite', 'visual hallucinations', 'auditory hallucinations', 'feeling devastated', 'feeling drained']"
82848,"['trouble sleeping', 'wakes up early', 'decreased sleep', 'decreased energy', 'decreased interest in activities', 'hearing her son james', 'hearing loud music party where there wasnt one']"
82869,"['fatigue', 'trouble sleeping', 'early awakening', 'loss of interest in daily activities', 'low energy', 'increased appetite', 'hearing muffled voices and music that she knows are not there', 'seeing visions of her son']"
82904,"['difficulty sleeping', 'fatigue reduced energy', 'increased eating', 'depressed mood', 'reduced interest in doing enjoyable activities', 'no suicidal thoughts', 'no difficulty concentrating']"
82967,"['anxiety', 'grief', 'insomnia', 'fatigue', 'poor concentration', 'anhedonia']"
82992,"['trouble sleeping', 'waking too early', 'tossing and turning in sleep', 'loss of interest in previous activities reading', 'increase in appetite', 'low energy throughout the day', 'hearing voices next door', 'seeing images of her son in the dining room']"
83185,"['fatigue', 'insomnia', 'reduced interest in activities', 'visual hallucinations', 'auditory hallucinations', 'grief implied from the onset of insomnia associated with sons death']"
83199,"['difficulty sleeping', 'sad mood', 'loss of interest', 'fatigue']"
83220,"['decreased energy', 'difficulty enjoying activities', 'increased appetite']"
83333,"['difficulty sleeping', 'tosses and turns in bed', 'sleeps 4-5 hrs previously 8 hrs per night', 'feels devastated', 'tired', 'loss of interest in hobbies', 'increased appetite', 'hearing noises from neighbors yard that were not present']"
83376,"['fatigue', 'insomnia', 'sadness', 'lack of interest', 'lack of energy', 'visual hallucinations', 'auditory hallucinations', 'increased appetite', 'no weight changes', 'no hot or cold intolerance', 'no changes in bowel habits']"
83400,"['insomnia', 'hearing playful music', 'visual hallucination of her late son', 'increased appetite']"
83514,"['hallucinations', 'decreased energy', 'decreased appetite', 'low mood', 'insomnia', 'hearing voices', 'decreased interest in daily activities']"
83575,"['trouble sleeping', 'wakes frequently', 'sleep disturbance', 'insomnia', 'none no other patient-reported symptoms or clinician-observed findings were found in the provided clinical note']"
83598,"['poor sleep', 'recurrent nighttime hallucinations', 'insomnia', 'grief', 'nightmares about deceased son']"
83686,"['decreased sleep', 'decreased interest level in things she once enjoyed', 'decreased energy', 'increased appetite']"
83757,"['trouble falling asleep', 'trouble staying asleep', 'mood devastated', 'feeling drained', 'loss of interest in activities', 'increased appetite', 'hallucination seeing her son at the kitchen table', 'hearing voices a party later that evening']"
83794,"['difficulty sleeping', 'sad mood', 'decreased interest in activities', 'fatigue', 'auditory hallucination', 'visual hallucination']"
83843,"['difficulty sleeping', 'difficulty initiating sleep', 'getting up early', 'lack of energy', 'low mood', 'visual and auditory hallucinations', 'lack of interest in daily activities', 'eating more than usual']"
83893,"['difficulty sleeping', 'waking up early', 'difficulty falling asleep', 'decreased energy', 'increased appetite']"
83907,"['difficulty falling asleep', 'waking up early', 'tossing and turning at night', 'sad mood', 'loss of interest in activities', 'decreased energy level', 'increased appetite', 'hallucinations of seeing son', 'hearing people next door']"
83918,"['difficulty falling asleep', 'difficulty maintaining sleep', 'excessive thoughts', 'depressed mood', 'hallucinations hearing and seeing things that arent there']"
83939,"['trouble sleeping', 'feeling devastated']"
83953,"['sleeping problems', 'feeling very sad', 'increased appetite']"
83955,"['insomnia', 'restless sleep', 'early morning awakening', 'fatigue', 'increased appetite', 'auditory hallucination heard loud music', 'grief son passed away 3 weeks prior']"
84000,"['trouble sleeping', 'fatigue', 'visual hallucinations', 'auditory hallucinations', 'sadness', 'low energy', 'increase in appetite']"
84055,"['difficulty sleeping', 'restless sleep', 'intermittent sleep', 'depressed mood', 'loss of interest in daily activities', 'lack of energy', 'feeling slow', 'increased appetite', 'hallucinations hearing deceased son', 'hearing things that aren']"
84095,"['insomnia', 'difficulty falling asleep', 'wakes up at odd hours 4 5am', 'loss of interest in daily activities', 'fatigue', 'increased appetite', 'no changes in weight', 'often hears noises from her neighbors home right before falling asleep']"
84105,"['insomnia', 'decreased appetite', 'lack of interest', 'fatigue', 'increased appetite without weight gain']"
84191,"['trouble sleeping', 'increased appetite', 'loss of interest in things enjoyed']"
84231,"['trouble sleeping', 'mood is down', 'seeing her son last night even though he died hallucination']"
84255,"['insomnia', 'nightmares', 'fatigue', 'loss of interest in pleasurable activities', 'sadness', 'grief']"
84273,"['insomnia', 'increased appetite', 'fatigue', 'decreased interest', 'sadness', 'hallucinations']"
84366,"['sleep disturbance', 'trouble initiating sleep', 'waking early', 'tossing and turning', 'fatigue', 'unable to take naps', 'decreased energy', 'incr appetite increased appetite']"
90127,"['photophobia', 'nausea', 'vomiting', 'subjective fever', 'worst headache of her life']"
90178,"['headache', 'nausea', 'vomiting', 'decreased appetite', 'mild runny nose', 'warm feeling without fever measurement']"
90213,"['headache', 'malaise', 'myalgias', 'nausea', 'vomiting']"
90223,"['dull constant ache all over', 'photophobia', 'warm all over', 'nausea', 'vomiting', 'none no cp sob numbness tingling']"
90229,"['dull psychadelic headache', 'neck stiffness', 'intensity 8 10', 'worsens with bending forward and tying shoes', 'vomiting 3 episodes initially food then green material', 'photophobia', 'mildly warm']"
90325,"['photophobia', 'nausea', 'vomiting', 'decreased appetite', 'warm', 'scratchy throat']"
90478,"['headache', 'worse headache of her life', 'dull headache', 'constant headache', 'headache all over the head', 'headache gets worse by bending over and walking', 'nausea', 'no vomiting', 'photophobia', 'uri symptoms']"
90633,"['headache', 'nausea', 'vomiting', 'green liquid vomit', 'runny nose', 'subjective fever', 'dull constant headache', 'worsens with walking and bending forward', 'light sensitivity eyes', 'no noise sensitivity', 'migr']"
90637,"['severe constant headache', 'photophobia', 'subjective fever', 'nasal congestion', 'rhinorrhea', 'scratchy throat', 'vomiting digested food and green fluid', 'nausea implied from vomiting']"
90640,"['headache', 'bilateral headache', '8 10 headache', 'achy headache', 'headache not relieved by tylenol', 'headache not relieved by ibuprofen', 'headache not relieved by sleep', 'rhinorrhea', 'sore']"
90719,"['headache', 'nausea', 'vomiting', 'fever', 'fatigue', 'myalgia achy muscles', 'photophobia disturbed by light', 'phonophobia disturbed by loud noises']"
90766,"['severe headache', 'nausea', 'vomiting', 'rhinorrhea', 'photophobia', 'worsens with walking or bending over']"
90900,"['severe headache', 'photophobia', 'nausea', 'vomiting', 'worsens with walking and bending forward']"
90911,"['headache', 'fatigue', 'full body aches', 'vomiting', 'green vomit', 'eye pain', 'warm feeling', 'frequent urination implied from vomiting multiple times']"
90922,"['headache', 'nausea', 'vomiting', 'body aches', 'light hurts eyes', 'neck pain tightness', 'runny nose', 'warmth', 'severe', 'no fever', 'no vision changes', 'no hearing changes', 'no ringing in ears']"
91036,"['severe headache', 'bilateral headache', 'constant headache', 'sensitive to light', 'vomiting']"
91233,"['headache', 'nausea', 'vomiting', 'subjective fever', 'photophobia', 'moving around worsens headache', 'bright lights hurt eyes', 'pain is all over head', 'constant pain']"
91251,"['headache', 'nausea', 'vomiting', 'photophobia', 'pain worse when bending forward or walking', 'achy', 'nuchal rigidity', 'felt like she had a fever', 'none for diagnoses medications procedures labs']"
91253,"['headache', 'vomiting', 'photophobia', 'neck pain with flexion extension', 'generalized aches', 'scratchy throat', 'fever patient felt warm']"
91299,"['headache', 'neck stiffness', 'fever', 'nausea', 'vomiting', 'myalgia', 'lethargy', 'photophobia', 'exacerbated by walking and bending over']"
91304,"['headache', 'dull aching pain', 'pain hurts really bad', 'photophobia', 'subjective fever', 'nausea vomiting', 'rhinorrhea', 'sore throat', 'walking and bending forward makes the pain worse']"
91500,"['headache', 'fever', 'vomiting', 'runny nose', 'sore throat', 'discomfort to bright lights']"
91509,"['headache', 'photophobia', 'nausea', 'vomiting', 'neck pain', 'warm feeling', 'level 8 10 headache', 'headache worsens with walking and bending over']"
91563,"['headache', 'photophobia', 'vomiting', 'neck stiffness', 'runny nose', 'sore throat', 'generalized body aches']"
91594,"['headache', 'dull ache all over', 'worsening with walking', 'sensitivity to light', 'neck stiffness', 'vomiting', 'fever subjective', 'nausea']"
91601,"['headache', 'photophobia', 'nausea', 'emesis', 'subjective fever', 'general fatigue', 'neck soreness', 'shoulder soreness']"
91613,"['neck stiffness', 'nausea', 'vomiting', 'warm to the touch', 'photophobia', 'headache']"
91711,"['severe headache', 'photosensitivity', 'vomiting', 'runny nose', 'achy all over', 'warm feeling without temperature measurement']"
91721,"['headache', 'photophobia', 'vomiting', 'subjective fever', 'neck stiffness', 'shoulder stiffness', 'bilious emesis']"
91736,"['dull aching headache', 'feverish', 'photophobia', 'exacerbation with walking bending over', 'greenish vomitus', 'no relief with ibuprofen or tylenol']"
91776,"['headache', 'nausea', 'vomiting', 'neck pain', 'runny nose', 'photophobia', 'achy all over', 'warm to touch inferred from she has felt warm']"
91922,"['headache', 'photophobia', 'feeling warm', 'nausea', 'vomiting', 'none loss of consciousness']"
92081,"['headache', 'dull ache', 'worsening since onset', 'pain worsens with walking bending over', 'eye pain with bright light', 'subjective fever', 'fatigue', '3x vomiting', 'nausea since onset of headache']"
92097,"['headache', 'nausea', 'vomiting', 'photophobia implied from preference for room light to be turned off', 'worse with ambulation and bending forward implied from symptoms description']"
92118,"['headache', 'fever', 'vomiting', 'feeling sick']"
92194,"['headache', 'nausea', 'vomiting', 'nasal discharge', 'general malaise']"
92203,"['severe headache', 'vomiting', 'worsening with bright lights', 'no changes in vision', 'no recent trauma', 'no liquid running out of nose with leaning forward', 'no sick contacts', 'unsure of meningitis shot history']"
92224,"['headache', 'vomiting', 'nausea', 'feeling warm', 'scratchy throat', 'runny nose']"
92263,"['headache', 'neck pain', 'fever', 'nausea', 'vomiting', 'photophobia', 'greenish substance']"
92300,['headache']
92364,"['headache', 'muscle joint aches', 'subjective fever', 'runny nose', 'throat soreness', 'neck stiffness', 'vomiting', 'gastric contents vomit 3 times']"
92385,"['generalized headache', 'increased with walking bending forward', 'pain elicited by bright light', 'nausea', 'vomiting', '2 episodes of non-bloody emesis']"
92419,"['severe headache', 'nausea', 'vomiting', 'mild fever']"
92464,"['dull constant ache in entire head', 'neck stiffness', 'worse with walking bending forward', 'photophobia', 'warm and achy', 'none no fever reported']"
92564,"['headache', 'worsening headache', 'dull aching pain', 'pain intensity 8 10', 'headache radiating to neck', 'headache exacerbated by light', 'headache exacerbated by leaning and bending forward', 'nausea']"
92590,"['headache', 'sore throat', 'body aches', 'rhinorrhea', 'nausea', 'vomiting', 'sensitivity to light', 'sensitivity to sound', 'bilateral headache', 'constant headache', 'dull headache', 'upper respiratory symptoms']"
92596,"['headache', 'nausea', 'vomiting', 'mild fever']"
92655,"['neck stiffness', 'headache', 'feeling warm']"
92680,"['headache', 'nausea', 'vomiting', 'rhinorrhea', 'full-body aches', 'neck stiffness', 'neck pain', 'subjective fever', 'green vomit', 'unable to keep down food', 'photophobia not denied']"
92688,"['headache', 'nausea', 'vomiting', 'warmth', 'dull pain', 'pain constant since yesterday', 'pain worse when waking up and bending over', 'pain 8 10 in severity']"
92699,"['headache', 'nausea', 'vomiting', 'photophobia', 'feeling hungover', 'greenish vomitus', 'minimal improvement with tylenol and ibuprofen', 'pain worsens with bending over', 'subjective fever']"
92768,"['severe headache', 'headache into neck', 'nausea', 'vomiting', 'photophobia', 'worsening headache', 'fever inferred from patient states she was febrile yesterday', 'dry cough', 'scratchy throat', 'post nasal']"
92985,"['headache', 'nausea', 'vomiting', 'neck pain stiffness', 'subjective fevers', 'dull achy quality all over head', 'pain level is 8 10', 'pain better when in a dark room resting', 'pain worse when']"
93113,"['headache', 'photophobia', 'nausea', 'rhinorrhea', 'sensitivity to sound', 'eye pain']"
93115,"['severe headache', 'nausea', 'vomiting', 'photophobia bright lights make it worse', 'positional headache walking and bending over make it worse']"
93138,"['severe headache', 'photophobia', 'nausea', 'vomiting', 'neck stiffness', 'neck pain', 'shoulder pain', 'runny nose', 'scratchy throat', 'feeling warm']"
93160,"['headache', 'nausea', 'vomiting previously', 'scant rhinorrhea', 'subjective fever', 'bending over exacerbates the pain']"
93216,"['headache', 'nausea', 'achy all over', 'warmth', 'neck ache']"
93296,"['headache', 'vomiting', 'photophobia']"
93346,"['headache', 'photophobia', 'vomiting', 'generalized myalgias', 'runny nose', 'sore throat', 'generalized fatigue']"
93362,"['headache', 'nausea', 'emesis', 'photophobia', 'subjective fever', 'worsens with walking or bending over']"
93413,"['severe headache', 'photophobia', 'nausea', 'vomiting', 'rhinorrhea', 'sore throat', 'subjective fever']"
93486,"['sudden bilateral headache', 'progressively worsening headache', 'dull headache', 'constant headache', 'neck pain', 'fever', 'running nose', 'photophobia', 'scratchy throat', 'vomiting', 'greenish vomit']"
93527,"['severe headache', 'nausea', 'vomiting', 'feverish feeling', 'pain worse with bending over walking and lights']"
93534,"['headache', 'fever', 'neck stiffness', 'photosensitivity', 'vomiting', 'generalized muscle aches']"
93554,"['headache', 'vomiting', 'green vomitus', 'runny nose']"
93634,"['dull aching headache', 'headache radiation to neck', 'vomiting 3x bilious', 'cough', 'sore throat', 'diffuse achiness', 'sensitivity to bright lights', 'exacerbated by walking', 'denies halos']"
93694,"['headache', 'nausea', 'vomiting', 'uri symptoms', 'progressively worsening', 'dull ache', 'associated with nausea and vomiting', 'walking around or bending forward worsen the discomfort', 'pain 8 10', 'no known']"
93712,"['dull headache', 'neck stiffness', 'neck pain', 'photophonia', 'nausea', 'decreased appetite', 'vomiting 3 episodes', 'body aches', 'no diarrhea', 'no constipation', 'no phon']"
93731,"['headache', 'nausea', 'vomiting']"
93779,"['severe headache', 'throbbing headache', 'nausea', 'vomiting', 'runny nose', 'itchy throat', 'photophobia aggravated by bright light', 'phonophobia relieved in a dark room', 'no relief']"
93853,"['rhinorrhea', 'scratchy throat', 'generalized malaise', 'subjective fever', 'headache', 'photophobia', 'nausea', 'not relieved by tylenol or ibuprofen', 'worsened by movement']"
93972,"['intense headache', 'nausea', 'vomiting', 'worsened by lights', 'worsened by bending over', 'worsened by walking around', 'mildly warm']"
93988,"['headache', 'photophobia', 'nausea', 'vomiting', 'rhinorrea', 'sore throat']"
94167,"['severe headache', 'nausea', 'vomiting', 'achiness in neck and shoulders', 'photophobia', 'runny nose', 'scratchy throat', 'feeling warm', 'none visual changes aura numbness weakness']"
94243,"['severe headache', 'nausea', 'vomiting', 'photophobia', 'myalgias', 'scratchy throat', 'rhinorrhea', 'fever feels warm at home']"
94260,"['headache', 'nausea', 'vomiting', 'green emesis', 'body aches', 'decreased appetite', 'sensitivity to bright lights', 'running nose', 'congestion', 'scratchy throat']"
94271,"['headache', 'nausea', 'vomiting', 'light hurts eyes', 'sick to stomach', 'overall body aches']"
94306,"['headache', 'neck pain', 'shoulder pain', 'sensitivity to light', 'pain when bending or walking', 'vomiting', 'feeling warm', 'runny nose', 'scratchy throat']"
94315,"['headache', 'nausea', 'vomiting', 'decreased appetite', 'decreased energy level', 'worsens when bending head forward', 'worsens when walking', 'greenish vomit content']"
94372,"['headache', 'vomiting', 'photophobia', 'worsening pain with walking and bending over', 'pain all over the head', 'no appetite', 'new type of pain']"
94465,"['headache', 'nausea', 'vomiting', 'fever', 'myalgia']"
94475,"['headache', 'photophobia', 'stiff neck', 'body aches', 'severe nausea', 'no weight loss']"
94561,"['headache', 'vomiting', 'nausea', 'photophobia', 'neck pain']"
94592,"['severe headache', 'photophobia', 'nausea', 'vomiting', 'feverish']"
94609,"['headache', 'nausea', 'vomiting', 'subjective fevers and chills', 'green sputum', 'scratchy throat', 'runny nose', 'body aches', 'photophobia', 'phonophobia']"
94652,"['sore throat', 'fever', 'running nose', 'nausea', 'vomiting', 'decreased appetite']"
94656,"['severe headache', 'nausea', 'vomiting 3x', 'green vomit', 'worse with walking and bending over']"
94726,"['headache', 'body aches', 'vomiting', 'photophobia']"
94729,"['intense headache', 'nausea', 'vomiting', 'photophobia', 'hyperthermia']"
94754,"['headache', 'nausea']"
94979,"['headache', 'whole bodyache', 'vomiting', 'green vomitus', 'photophobia', 'neck stiffness', 'poor appetite', 'warm feeling']"
95046,"['headache', 'nausea', 'vomiting', 'photophobia', 'feeling warm']"
95066,"['headache', 'neck pain', 'shoulder pain', 'vomiting', 'nausea implied from vomiting', 'radiating pain pain radiates to the neck and shoulder', 'limited neck mobility limited neck movility', 'green vomit content']"
95128,"['headache', 'fever', 'vomiting', 'neck pain', 'worse in the morning', 'worse on bending over', 'better with light turned out', 'history of migraines patient']"
95145,"['headache', 'neck pain', 'subjective fever', 'nausea', 'vomiting', 'green colored vomit', 'photophobia sensitive to light', 'no auras', 'worsening headache', 'walking and bending over makes it worse']"
95228,"['severe headache', 'photosensitivity', 'uri symptoms']"
95243,"['headache', 'nausea', 'vomiting', 'photophobia sensitive to light']"
95330,"['headache', 'nausea', 'vomiting', 'photophobia']"
95333,"['headache', 'photophobia', 'neck stiffness', 'nausea', 'vomiting', 'subjective fever']"
