note_id,predictions_postprocessed
0e15d8ce-140b-4aa2-bdf6-4c78942dec4b,['/10 severity)']
645cb62e-f0b4-42d5-acbb-df412d7fe071,"['system', 'user', 'cc: patient presents with pressure in face', 'assistant', 'sinus pressure', 'cough']"
08f2e120-c29d-47f7-b45e-ae1850ce6dfe,['ssure in face']
f2daeda0-ae6d-403f-8389-e507e33bbdeb,"['system', 'user', 'history and physical examination', 'chief complaint: whistling sound when breathing', 'history of present illness', 'past medical history', 'no significant past medical history', 'takes metformin 500mg twice daily', 'social history', 'smokes half pack per day for 10 years', 'father died of myocardial infarction at age 55', 'review of systems', 'patient denies abdominal pain, no fever', 'physical examination', 'vitals: t 38.4c, bp 124/88, hr 73, rr 14', 'general: alert, cooperative, in no acute distress', 'respiratory: clear breath sounds bilaterally', 'assistant', 'whistling sound when breathing', 'pleuritic chest pain']"
495b2779-c31d-4db0-acfc-da5f5326da03,"['system', 'user', 'history and physical examination', 'chief complaint: persistent cough', 'history of present illness', 'past medical history', 'no significant past medical history', 'on atorvastatin 20mg at bedtime', 'social history', 'denies alcohol or drug use', 'review of systems', 'patient no irregular heartbeat', 'physical examination', 'vitals: t 38.1c, bp 119/79, hr 97, rr 19', 'general: alert, cooperative, in no acute distress', 'respiratory: clear breath sounds bilaterally', 'assistant', 'persistent cough', 'feeling hot acute onset']"
eaf52c8f-0da7-481a-bf26-5ea13dba9137,"['system', 'user', 'visit note - 02/01/2026', 'patient returns to clinic with ongoing concerns', 'patient no shortness of breath', 'assistant', 'stomach pain', 'pyrexia', 'headache']"
fdc27951-a93e-4558-a353-a0e2f7f606d6,['eling exhausted']
64fce315-68f3-4ea3-b18b-5f96229c199c,"['system', 'user', 'cc: patient presents with head pain', 'on atorvastatin 20mg at bedtime', 'assistant', 'headache', 'irregular heartbeat']"
a8be31e2-ef8e-42e3-a6ec-4c3cf2c94943,['essory muscles']
63d47200-2e48-4c6f-9080-4538fdc426e8,"['iratory sounds', 'scattered wheezes', 'decreased air entry bilaterally']"
64206d96-5b3d-4f57-9fe4-248ec5c05fd4,['febrile']
98f695fb-eddc-4aa6-b0ab-1de01cafaca8,"['system', 'user', 'history and physical examination', 'chief complaint: dizziness', 'history of present illness', 'this patient presents with feeling dizzy', 'past medical history', 'history of hypertension, controlled', 'current medications include lisinopril 10mg daily', 'social history', 'lives alone, independent with adls', 'review of systems', 'patient denies abdominal pain, denies fever', 'physical examination', 'vitals: t 37.2c, bp 131/89, hr 86, rr 18', 'general: alert, cooperative, in no acute distress', 'assistant', 'dizziness']"
8aeb3840-1318-4c0e-b60f-c3de9a120ab0,"['system', 'user', 'cc: patient presents with pain in head', 'denies alcohol or drug use', 'takes albuterol inhaler as needed', 'assistant', 'headache', 'tiredness', 'throat erythema']"
ca52d992-c882-4c5d-bf2e-1689d6d7b0aa,['none']
1042123b-22c8-4d61-b6c9-c718be9363fb,"['hing', 'fatigue']"
f2415b98-e712-49a6-a197-4637f9a08629,"['ering in chest', 'head pain']"
efc1216f-0d5e-4b1e-98e7-cf51b199e188,['tool frequency']
436c37c9-90f4-4680-b28b-3069564e57cf,['le respiratory sounds']
faa66a82-5b6f-4849-8ab6-838033a4660a,"['system', 'user', 'cc: patient presents with nasal congestion', 'current medications include lisinopril 10mg daily', 'assistant', 'nasal congestion', 'feeling hot', 'tussis', 'odynophagia']"
2b8835c1-60ab-4cf7-9d00-191f5cb8d439,"['eating', 'temperature elevation', 'holding head', 'worsening difficulty breathing']"
b4e69ae4-448f-4f0e-adef-cd1ce5d8bcc7,['bilateral wheezes']
3dda27a6-c349-4720-ac3c-65c7b65057ee,"['system', 'user', 'visit note - 01/28/2026', 'patient returns to clinic with ongoing concerns', 'patient continues to experience headache. additionally notes queasy stomach', 'assistant', 'headache', 'queasy stomach']"
1b9178a3-ff3a-4f26-aea4-55f52006ab0d,"['system', 'user', 'visit note - 01/24/2026', 'patient returns to clinic with ongoing concerns', 'takes albuterol inhaler as needed', 'assistant', 'lightheadedness', 'migraine headache', 'tiredness']"
69fefbc6-5c78-4af2-b7cb-36ca45e4a5e4,"['system', 'user', 'visit note - 01/07/2026', 'patient returns to clinic with ongoing concerns', 'assistant', 'sinus pressure', 'throat pain']"
9e695056-5e02-418b-ac17-04574e227f7b,"['ce', 'malaise', 'shivering waxing and waning']"
adcbe10b-1d72-4e9c-87b9-2b32a70dfb37,"['system', 'user', 'cc: patient presents with pain in head', 'denies alcohol or drug use', 'takes metformin 500mg twice daily', 'assistant', 'headache', 'tiredness']"
5ab6c73a-153a-4a0a-9514-37367f7834c5,['none']
952a2e3e-8470-436a-84f3-153214ec3735,"['pressure', 'bilateral wheezes']"
462026d1-3057-4cd3-9a4c-383409819915,"['system', 'user', 'history and physical examination', 'chief complaint: nasal congestion', 'history of present illness', 'past medical history', 'history of hypertension, controlled', 'social history', 'works as a teacher', 'mother had diabetes', 'review of systems', 'patient clear lung sounds', 'physical examination', 'vitals: t 38.2c, bp 121/82, hr 83, rr 12', 'general: alert, cooperative, in no acute distress', 'assistant']"
fce0f42d-55e7-4c8e-b09a-e2395e73bc32,"['ilitating migraine headache', 'mild fatigue']"
b2e191a9-0fa8-4b9d-ae83-b1388ca6518e,"['system', 'user', 'visit note - 01/30/2026', 'patient returns to clinic with ongoing concerns', 'assistant', 'queasy stomach', 'feeling hot']"
b1ff2441-2f92-47f8-91c0-82893a55a35f,"['system', 'user', 'visit note - 01/24/2026', 'patient returns to clinic with ongoing concerns', 'patient denies palpitations', 'assistant', 'worsening nasal congestion', 'feeling hot']"
6cda92ee-83a9-4642-bf52-58654e18decb,['ing photophobia']
ac8c67b4-35ea-43ce-96d0-caa78545782b,"['system', 'user', 'visit note - 01/07/2026', 'patient returns to clinic with ongoing concerns', 'patient denies wheezing, no irregular heartbeat', 'on atorvastatin 20mg at bedtime', 'assistant']"
986098c0-7cb8-491f-ba75-0b3076b53afa,"['chest pressure', 'cough']"
cf6fdaac-6127-4583-ab32-e10dbc6d8110,"['system', 'user', 'history and physical examination', 'chief complaint: blocked nose', 'history of present illness', 'past medical history', 'history of hypertension, controlled', 'takes albuterol inhaler as needed', 'social history', 'lives alone, independent with adls', 'review of systems', 'patient denies abdominal pain', 'physical examination', 'vitals: t 37.5c, bp 114/89, hr 94, rr 12', 'general: alert, cooperative, in no acute distress', 'respiratory: clear breath sounds bilaterally', 'assistant', 'stuffy nose', 'lethargy', 'fever', 'mild cough']"
e80f609f-f770-4162-8f0f-1180eed84f5f,"['system', 'user', 'cc: patient presents with pain in head', 'lives alone, independent with adls', 'mother had diabetes', 'assistant', 'headache', 'palpitations']"
02da4773-e29e-4bf1-884e-a1866d1b9ece,"['system', 'user', 'visit note - 01/19/2026', 'patient returns to clinic with ongoing concerns', 'patient denies palpitations', 'assistant', 'headache', 'tussis', 'nasal congestion']"
160f51d9-30ec-4394-84b8-bee4bf581eb9,"['system', 'user', 'history and physical examination', 'chief complaint: bothered by light', 'history of present illness', 'past medical history', 'no significant past medical history', 'current medications include lisinopril 10mg daily', 'social history', 'works as a teacher', 'mother had diabetes', 'review of systems', 'physical examination', 'vitals: t 37.5c, bp 113/75, hr 72, rr 19', 'general: alert, cooperative, in no acute distress', 'assistant', 'photophobia', 'migraine headache', 'unsteady gait']"
3feaec34-cf4f-4f06-9174-aa9e06574d3e,['eathlessness']
26adb4ff-f45e-4d52-876e-dea6e48f283d,"['system', 'user', 'history and physical examination', 'chief complaint: dizziness', 'history of present illness', 'past medical history', 'history of hypertension, controlled', 'social history', 'social drinker, no tobacco use', 'mother had diabetes', 'review of systems', 'patient no cough, abdomen soft and nontender', 'physical examination', 'vitals: t 37.1c, bp 121/90, hr 66, rr 17', 'general: alert, cooperative, in no acute distress', 'assistant', 'dizziness', 'aware of heartbeat']"
6dd8c2b9-4069-4ae4-b55b-1af78ee1b686,"['stling sound when breathing constant', 'fatigue constant']"
a349db9b-bb33-46a2-8354-1413cfdeb068,"['system', 'user', 'cc: patient presents with frequent bowel movements', 'patient is a non-smoker', 'assistant', 'loose stools', 'elevated temperature', 'emesis']"
49219a11-b817-405b-bde2-9468fb519783,"['nce', 'dry cough']"
7db66a7e-fcaf-4150-ac8e-6ef2af44f9b1,['outh']
f2948c5d-e841-499c-808a-465968c702c6,['moderate throat erythema']
d3382a7a-64e2-46bc-bc57-a7b6fbd3cb22,"['system', 'user', 'history and physical examination', 'chief complaint: headache', 'history of present illness', 'this patient presents with moderate headache. patient also describes malaise gradual onset', 'past medical history', 'no significant past medical history', 'on atorvastatin 20mg at bedtime', 'social history', 'works as a teacher', 'father died of myocardial infarction at age 55', 'review of systems', 'patient denies cough', 'physical examination', 'vitals: t 38.2c, bp 115/73, hr 79, rr 17', 'general: alert, cooperative, in no acute distress', 'assistant']"
fa31cdff-dc3c-46f2-a1c5-e358b1586c15,['vated temperature']
93571b92-0574-4e35-9fb3-2c17c45c7cc6,"['system', 'user', 'visit note - 01/17/2026', 'patient returns to clinic with ongoing concerns', 'patient denies abdominal pain, denies sore throat', 'takes albuterol inhaler as needed', 'assistant', 'breathlessness', 'persistent cough', 'yawn frequently']"
71984fcc-007d-41cc-ae8d-0acaa81a34ec,"['system', 'user', 'visit note - 01/28/2026', 'patient returns to clinic with ongoing concerns', 'patient abdomen soft and nontender, no fever', 'assistant', 'chest pain', 'moderate generalized weakness', 'wheezing']"
530d4095-8889-41bc-9728-2ef05199b43e,"['system', 'user', 'visit note - 02/02/2026', 'patient returns to clinic with ongoing concerns', 'patient clear lung sounds', 'assistant', 'nausea', 'abdominal pain', 'sensitive to light']"
b89a24b3-7638-4109-8861-30dffc0b073b,"['system', 'user', 'cc: patient presents with headache', 'lives alone, independent with adls', 'assistant', 'headache', 'pain in head', 'photophobia', 'emesis']"
337ec9b5-a4b5-4221-a4a8-96aa8162bc66,"['system', 'user', 'history and physical examination', 'chief complaint: belly pain', 'history of present illness', 'past medical history', 'history of hypertension, controlled', 'takes metformin 500mg twice daily', 'social history', 'denies alcohol or drug use', 'father died of myocardial infarction at age 55', 'review of systems', 'patient no shortness of breath', 'physical examination', 'vitals: t 36.6c, bp 119/70, hr 89, rr 12', 'general: alert, cooperative, in no acute distress', 'assistant', 'belly pain', 'stomach pain', 'feeling hot', 'lethargy']"
32115690-c2f7-4174-ae38-6f0998dba176,"['system', 'user', 'visit note - 01/28/2026', 'patient returns to clinic with ongoing concerns', 'current medications include lisinopril 10mg daily', 'assistant', 'nausea', 'headache', 'flushed appearance']"
bb9afaa3-6681-45d4-974e-d364f3a5619f,"['acute onset', 'mild tiredness']"
5565c8fa-9c64-454e-9271-e0c4cd24f5ba,"['system', 'user', 'history and physical examination', 'chief complaint: stomach pain', 'history of present illness', 'past medical history', 'no significant past medical history', 'social history', 'lives alone, independent with adls', 'review of systems', 'patient no shortness of breath', 'physical examination', 'vitals: t 36.7c, bp 120/75, hr 78, rr 14', 'general: alert, cooperative, in no acute distress', 'assistant', 'abdominal pain', 'queasy stomach', 'cephalalgia']"
ce7db1a7-8ff3-47dd-8bb2-d41654b01919,['ng accessory muscles']
28815edd-eaf4-487c-bd95-7240e00952a2,"['om trips', 'yawning frequently']"
39b2fe91-b182-41a9-8e6a-43cffb916571,['rtbeat']
86ff49f3-8555-4415-a863-b02bb1af424b,['chills']
511c5a37-ebfe-4a71-ae28-5d284dcb520d,"['system', 'user', 'history and physical examination', 'chief complaint: stuffy nose', 'history of present illness', 'this patient presents with mild blocked nose. patient also describes 7/10 severity pharyngitis', 'past medical history', 'history of hypertension, controlled', 'takes albuterol inhaler as needed', 'social history', 'married with 2 children', 'father died of myocardial infarction at age 55', 'review of systems', 'patient denies wheezing', 'physical examination', 'vitals: t 37.7c, bp 129/81, hr 85, rr 16', 'general: alert, cooperative, in no acute distress', 'ent: pharyngeal erythema noted', 'assistant', 'stuffy nose', 'pharyngitis']"
a8340b70-c1e1-4dfd-b35a-593aa0599cfd,['chest pain']
1e38e8d9-6527-4a73-ae43-d51a1fcfb0e9,['tiredness']
7ed7cf3a-845a-4971-90a9-69de6b12180e,"['system', 'user', 'cc: patient presents with lightheadedness', 'smokes half pack per day for 10 years', 'assistant', 'lightheadedness']"
6b6f9d90-772c-42d0-bc39-cb3281a19ff9,"['system', 'user', 'history and physical examination', 'chief complaint: pain in head', 'history of present illness', 'past medical history', 'history of hypertension, controlled', 'on atorvastatin 20mg at bedtime', 'social history', 'married with 2 children', 'father died of myocardial infarction at age 55', 'review of systems', 'patient no fever', 'physical examination', 'vitals: t 36.8c, bp 124/73, hr 99, rr 17', 'general: alert, cooperative, in no acute distress', 'assistant', 'head pain', 'unsteady gait']"
21c25b14-0647-4196-8c9f-889f67577cc0,['headache']
e0d8ccd4-85a1-4f7b-bac5-0ed7b445eeae,"['system', 'user', 'history and physical examination', 'chief complaint: persistent cough', 'history of present illness', 'past medical history', 'history of hypertension, controlled', 'current medications include lisinopril 10mg daily', 'social history', 'denies alcohol or drug use', 'review of systems', 'patient denies abdominal pain', 'physical examination', 'vitals: t 38.1c, bp 127/84, hr 85, rr 18', 'general: alert, cooperative, in no acute distress', 'respiratory: clear breath sounds bilaterally', 'ent: pharyngeal erythema noted', 'assistant', 'persistent cough', 'tolerable throat pain']"
c3203bbf-9d12-4495-b45c-b34157cee24c,['pain']
a8f3a281-15ab-4cb0-8fe9-900a34d6cb12,"['ssis', 'holding chest while speaking']"
21158bdf-93fc-4c71-a832-d779c6d7a6dc,"['system', 'user', 'cc: patient presents with loose stools', 'social drinker, no tobacco use', 'on atorvastatin 20mg at bedtime', 'assistant', 'loose stools', 'chills', 'cephalalgia', 'malaise']"
be7f842a-1480-41a4-88d0-4c44354186f9,"['ting', 'worsening dizziness']"
0e9f7884-c577-4375-808c-fe9ad206e768,"['system', 'user', 'visit note - 01/27/2026', 'patient returns to clinic with ongoing concerns', 'patient chest pain free, no wheezing', 'assistant', 'queasy stomach', 'loose stools']"
48250ffe-9927-49a2-bed2-9bbce8d8f280,"['system', 'user', 'cc: patient presents with headache', 'assistant', 'headache', 'severe palpitations']"
6a538edb-6ee9-4073-983c-c51bda50164a,"['system', 'user', 'history and physical examination', 'chief complaint: dry cough', 'history of present illness', 'past medical history', 'history of hypertension, controlled', 'takes albuterol inhaler as needed', 'social history', 'denies alcohol or drug use', 'mother had diabetes', 'review of systems', 'patient denies palpitations, no vertigo', 'physical examination', 'vitals: t 36.7c, bp 114/78, hr 95, rr 14', 'general: alert, cooperative, in no acute distress', 'respiratory: clear breath sounds bilaterally', 'assistant', 'dry cough', 'decreased appetite', 'pleuritic chest pain']"
2787fb9d-b86f-45d3-acf7-5f79352bdbe7,['piratory sounds']
93d21b20-ba52-4635-b17f-b8e73d9f51a3,['chycardia']
a4f967ba-b151-4896-8818-b8a24636bb52,"['system', 'user', 'cc: patient presents with abdominal pain', 'assistant', 'improving stomach pain', 'diarrhea']"
394d3fb5-7ce8-456f-8a95-458d70858be0,"['system', 'user', 'history and physical examination', 'chief complaint: feeling nauseous', 'history of present illness', 'this patient presents with queasy stomach. patient also describes light sensitivity intermittent', 'past medical history', 'history of hypertension, controlled', 'social history', 'social drinker, no tobacco use', 'review of systems', 'patient denies fever', 'physical examination', 'vitals: t 37.1c, bp 129/82, hr 91, rr 12', 'general: alert, cooperative, in no acute distress', 'assistant', 'feeling nauseous', 'queasy stomach', 'light sensitivity']"
23ce9cdd-3566-4e4c-8277-70c2d89bf094,"['system', 'user', 'history and physical examination', 'chief complaint: head pain', 'history of present illness', 'past medical history', 'history of hypertension, controlled', 'on atorvastatin 20mg at bedtime', 'social history', 'patient is a non-smoker', 'mother had diabetes', 'review of systems', 'physical examination', 'vitals: t 36.9c, bp 116/79, hr 87, rr 13', 'general: alert, cooperative, in no acute distress', 'assistant', 'headache', 'fatigue', 'nausea']"
0124de1f-5380-43f9-9281-0895de242b0e,"['system', 'user', 'visit note - 01/20/2026', 'patient returns to clinic with ongoing concerns', 'patient no irregular heartbeat', 'takes albuterol inhaler as needed', 'married with 2 children', 'assistant', 'headache', 'nasal obstruction', 'throat pain']"
01321bb9-a4dd-42b5-aabe-d13933df1315,['ugh with sputum']
9a9008d9-32d3-4367-9672-03343fab26c6,"['system', 'user', 'history and physical examination', 'chief complaint: nausea', 'history of present illness', 'past medical history', 'no significant past medical history', 'takes metformin 500mg twice daily', 'social history', 'married with 2 children', 'father died of myocardial infarction at age 55', 'review of systems', 'patient no chest discomfort, afebrile', 'physical examination', 'vitals: t 37.2c, bp 124/89, hr 75, rr 20', 'general: alert, cooperative, in no acute distress', 'assistant', 'nausea', 'frequent yawning']"
66f36391-8f40-47d8-a45b-92fbbcb40416,"['olding head', 'frequent yawning']"
51e1fcdb-2fbe-49a5-9265-12b444c73e0b,['ainful swallowing']
6c0ef6d2-a879-436e-b926-209d84e44437,"['system', 'user', 'cc: patient presents with persistent cough', 'assistant', 'cough', 'throat pain', 'temperature elevation']"
0baf2795-35ec-4bcf-a71f-a2c4d5bb4567,"['system', 'user', 'history and physical examination', 'chief complaint: headache', 'history of present illness', 'this patient presents with pain in head', 'past medical history', 'history of hypertension, controlled', 'on atorvastatin 20mg at bedtime', 'social history', 'social drinker, no tobacco use', 'father died of myocardial infarction at age 55', 'review of systems', 'patient denies fever, abdomen soft and nontender', 'physical examination', 'vitals: t 38.4c, bp 138/87, hr 67, rr 20', 'general: alert, cooperative, in no acute distress', 'assistant']"
99b5a852-a646-4a16-93c1-98c33427a44f,"['ea', 'pain in head']"
6e23b3ca-81ca-4d1e-b6b4-796b9f9e0b5b,"['shaking chills', 'malaise', 'squinting']"
b335d364-696b-41c7-a3d0-26c26acff349,"['system', 'user', 'history and physical examination', 'chief complaint: photophobia', 'history of present illness', 'past medical history', 'no significant past medical history', 'on atorvastatin 20mg at bedtime', 'social history', 'lives alone, independent with adls', 'mother had diabetes', 'review of systems', 'patient denies cough', 'physical examination', 'vitals: t 37.2c, bp 127/77, hr 82, rr 12', 'general: alert, cooperative, in no acute distress', 'assistant', 'light sensitivity', 'tiredness', 'nausea', 'headache']"
deb03746-3eb0-4e3e-ae96-d2fa57ea3f2a,"['e cough with sputum', 'whistling sound when breathing']"
d16778d6-fb24-466f-9542-d3e25a0a4849,"['ere pyrexia', 'throat pain']"
02116e21-fae3-45af-bffd-0fb562d5c19c,['none']
566d7916-bda3-4a0b-95d9-38d6e4deb9e0,"['system', 'user', 'cc: patient presents with feeling dizzy', 'denies alcohol or drug use', 'assistant', 'lightheadedness', 'feeling exhausted']"
18ec0531-9e1a-41f5-9d10-f602a848b717,"['system', 'user', 'history and physical examination', 'chief complaint: dry cough', 'history of present illness', 'past medical history', 'history of hypertension, controlled', 'takes metformin 500mg twice daily', 'social history', 'works as a teacher', 'review of systems', 'patient abdomen soft and nontender', 'physical examination', 'vitals: t 37.8c, bp 132/82, hr 85, rr 18', 'general: alert, cooperative, in no acute distress', 'respiratory: clear breath sounds bilaterally', 'ent: pharyngeal erythema noted', 'assistant', 'dry cough', 'feeling hot', 'sore throat', 'rigors']"
38739fe8-85e4-4c10-90b1-9007a6baf671,"['system', 'user', 'cc: patient presents with feeling dizzy', 'assistant', 'dizzy']"
cf785dc7-d3ca-4548-8676-7d116f131f65,"['d wheezes', 'decreased air entry bilaterally']"
cb3785ae-6eb5-4ce4-9cb9-9c4ef8ed34f4,"['system', 'user', 'visit note - 01/19/2026', 'patient returns to clinic with ongoing concerns', 'takes metformin 500mg twice daily', 'lives alone, independent with adls', 'assistant', 'feeling exhausted', 'cephalalgia', 'feeling hot']"
8f2ef59e-67ed-4419-a40c-ba1bbf1d806e,"['reathing', 'chest pain']"
ef8a867e-7114-4b29-916c-f4d8aa4faafb,"['light waxing and waning', 'expiratory sounds noted']"
3e79df46-5367-47ec-8132-7573acd8d67a,"['system', 'user', 'cc: patient presents with bothered by light', 'patient is a non-smoker', 'on atorvastatin 20mg at bedtime', 'assistant', 'bothered by light', 'improving dizziness']"
f6a9a489-2a58-413c-b476-e60af41f51ff,"['system', 'user', 'history and physical examination', 'chief complaint: pain in head', 'history of present illness', 'past medical history', 'history of hypertension, controlled', 'on atorvastatin 20mg at bedtime', 'social history', 'social drinker, no tobacco use', 'review of systems', 'patient afebrile, cough resolved', 'physical examination', 'vitals: t 37.2c, bp 140/77, hr 77, rr 19', 'general: alert, cooperative, in no acute distress', 'assistant', 'head pain', 'palpitations', 'tiredness']"
d1069930-c9c7-4565-8644-41cf8ee2f633,"['system', 'user', 'visit note - 01/09/2026', 'patient returns to clinic with ongoing concerns', 'assistant', 'nausea', 'migraine headache', 'dizziness']"
a1744fb8-6d51-4fea-ad8f-34b199c89d39,"['system', 'user', 'history and physical examination', 'chief complaint: abdominal pain', 'history of present illness', 'past medical history', 'history of hypertension, controlled', 'social history', 'works as a teacher', 'father died of myocardial infarction at age 55', 'review of systems', 'patient clear lung sounds', 'physical examination', 'vitals: t 37.2c, bp 135/90, hr 60, rr 16', 'general: alert, cooperative, in no acute distress', 'assistant', 'abdominal pain', 'severe chills', 'loose stools']"
1db99d0e-20d6-4da6-bd75-8259ad9c5622,['feeling hot']
5dfac141-e27c-4127-b4d0-cac2870b2dd8,"['system', 'user', 'history and physical examination', 'chief complaint: stomach pain', 'history of present illness', 'past medical history', 'no significant past medical history', 'takes metformin 500mg twice daily', 'social history', 'works as a teacher', 'review of systems', 'physical examination', 'vitals: t 38.4c, bp 123/70, hr 99, rr 15', 'general: alert, cooperative, in no acute distress', 'assistant', 'abdominal pain']"
ce6f81d2-6445-43d5-920a-3354f8a48777,"['system', 'user', 'cc: patient presents with painful swallowing', 'current medications include lisinopril 10mg daily', 'assistant', 'debilitating throat pain', 'squinting', 'rigors']"
3ce8df42-13b8-4600-9873-27e24dc6899d,['muscles']
cd66861d-472e-4eaf-8150-108a04a6375e,"['deep breaths', 'wheezing']"
91dacffa-2636-4a5b-a59a-d42632fe0b97,"['system', 'user', 'cc: patient presents with feeling dizzy', 'takes albuterol inhaler as needed', 'assistant', 'dizziness', 'lightheadedness']"
5ef2069e-5724-474a-b05d-801bc40ec399,"['system', 'user', 'cc: patient presents with facial pressure', 'lives alone, independent with adls', 'assistant', 'facial pressure', 'pain in head']"
4b58e49a-a313-49a6-9d6b-d00b4e91a4a9,"['system', 'user', 'history and physical examination', 'chief complaint: feeling dizzy', 'history of present illness', 'this patient presents with 7/10 severity lightheadedness', 'past medical history', 'history of hypertension, controlled', 'current medications include lisinopril 10mg daily', 'social history', 'smokes half pack per day for 10 years', 'review of systems', 'patient no fever, denies abdominal pain', 'physical examination', 'vitals: t 37.7c, bp 128/83, hr 86, rr 12', 'general: alert, cooperative, in no acute distress', 'assistant', 'lightheadedness']"
c61fa28c-dd09-45f7-9ae8-110c2fb532ed,"['he', 'queasy stomach']"
df249d4f-402e-4b34-896b-b506ce31f8c0,"['ss', 'pleuritic chest pain']"
04e3b92f-ee08-4bf7-95f8-98ec0fbd08de,"['system', 'user', 'history and physical examination', 'chief complaint: abdominal pain', 'history of present illness', 'past medical history', 'no significant past medical history', 'on atorvastatin 20mg at bedtime', 'social history', 'denies alcohol or drug use', 'review of systems', 'patient breathing comfortably', 'physical examination', 'vitals: t 36.5c, bp 124/74, hr 100, rr 19', 'general: alert, cooperative, in no acute distress', 'assistant', 'abdominal pain', 'nausea', 'head pain']"
508db8b3-f077-44a5-90a0-ed02f78ea516,"['system', 'user', 'history and physical examination', 'chief complaint: head pain', 'history of present illness', 'this patient presents with headache. patient also describes tolerable nausea without emesis', 'past medical history', 'no significant past medical history', 'takes metformin 500mg twice daily', 'social history', 'patient is a non-smoker', 'review of systems', 'patient chest pain free', 'physical examination', 'vitals: t 37.7c, bp 122/79, hr 87, rr 13', 'general: alert, cooperative, in no acute distress', 'assistant', 'headache', 'tolerable nausea']"
5bc8ce20-53af-4dbb-b0fd-be6e72b67243,"['system', 'user', 'visit note - 01/08/2026', 'patient returns to clinic with ongoing concerns', 'patient breathing comfortably', 'assistant', 'loose stools', 'rigors', 'head pain']"
528e18d0-27b5-4c2a-9e5b-d722fe08b1d8,"['wheezing', 'severe fatigue']"
b6a28fca-c09a-4297-b8d3-4d4a3c788419,['onset']
4fcac478-3f0f-4490-9ffe-8dd78f02ec92,"['iratory sounds', 'pleuritic chest pain']"
fbe1483a-a7ac-4148-a874-881daec2d838,"['system', 'user', 'cc: patient presents with persistent cough', 'married with 2 children', 'assistant', 'cough', 'wheezing', 'dyspnea']"
e3df9749-1449-43cc-ad6d-9cdbb8a7f702,"['system', 'user', 'visit note - 01/31/2026', 'patient returns to clinic with ongoing concerns', 'patient no vertigo', 'takes metformin 500mg twice daily', 'assistant', 'severe cough', 'difficulty eating', 'tiredness']"
c1cc5a16-fbe6-4017-9c3f-35ae89446020,"['ed wheezes', 'decreased air entry bilaterally']"
2d85bee9-034b-4f30-a01f-389afcbc364e,"['system', 'user', 'visit note - 01/22/2026', 'patient returns to clinic with ongoing concerns', 'patient no irregular heartbeat', 'assistant', 'head pain', 'tenderness over sinuses', 'nasal congestion']"
515376a5-2063-4039-a680-80571015bfe8,"['system', 'user', 'visit note - 01/26/2026', 'patient returns to clinic with ongoing concerns', 'patient continues to experience diarrhea. additionally notes 5/10 severity feeling cold', 'patient chest pain free, denies dyspnea', 'current medications include lisinopril 10mg daily', 'assistant', 'feeling cold', 'diarrhea']"
2e0b91a5-9273-4b8a-8b4a-7ddb383f827b,"['system', 'user', 'cc: patient presents with belly pain', 'patient is a non-smoker', 'on atorvastatin 20mg at bedtime', 'assistant', 'abdominal pain', 'headache', 'increased stool frequency']"
8f698013-a30d-4b12-aaeb-8f62b11e3e09,"['he', 'dyspnea', 'severe shivering']"
a923a352-3b48-4122-87e6-68fc0d1ff7c4,"['oductive cough with sputum', 'use of accessory muscles', 'scattered wheezes', 'decreased air entry bilaterally']"
235313bb-43af-4eaf-b296-c3a623b8a6a5,"['system', 'user', 'history and physical examination', 'chief complaint: dizziness', 'history of present illness', 'this patient presents with severe lightheadedness. patient also describes irregular heartbeat', 'past medical history', 'no significant past medical history', 'takes albuterol inhaler as needed', 'social history', 'works as a teacher', 'review of systems', 'patient no cough, throat not sore', 'physical examination', 'vitals: t 37.0c, bp 118/85, hr 79, rr 17', 'general: alert, cooperative, in no acute distress', 'assistant', 'lightheadedness', 'irregular heartbeat']"
0bb9f9db-6e93-4f70-8226-5a62520eaad1,"['st while speaking', 'debilitating tussis']"
2019cc65-00b3-4f47-b3c6-7da587ab9ddc,"['usea', 'severe holding head', 'shaking chills']"
b772af8a-48d5-4053-b4db-3cc96ca710fc,['uctive cough with sputum']
d7ecbdee-e85e-49e9-aea6-514bbb9afed0,"['system', 'user', 'visit note - 01/25/2026', 'patient returns to clinic with ongoing concerns', 'patient denies cough', 'assistant', 'bothered by light', 'feeling nauseous']"
c67932e4-fe42-4d83-aa26-925f9bdbe37a,"['ng', 'yawning frequently']"
e6a4666f-9ddb-469f-a3dc-0b1776eb6e62,"['system', 'user', 'cc: patient presents with head pain', 'smokes half pack per day for 10 years', 'assistant', 'head pain', 'cough']"
bd34c938-8514-48b2-8418-84cd750d2313,"['l wheezes', 'persistent cough']"
69289045-f62d-42e1-8eb2-f11f78672757,['chypnea']
8dd89591-9dbe-446c-87ca-4f18f5a8a72a,['worsening wheezing']
28863440-bc6d-4abb-bbaa-8c3d7304672f,['holds head']
7a3dc7e9-5790-496d-b8a1-e2fb6f13e8f7,['d when breathing']
a1fbf4c3-8ac6-4517-a6bd-a64636487b6c,['pyrexia']
7cc95daf-fc10-4446-9313-f18a5146a4c8,['nsion-type headache']
491ee10f-a4c8-41e6-bf5e-4914330153c5,"['moderate generalized weakness', '7/10 severity cephalalgia']"
50f26152-8613-483c-9aa4-1323900082f7,"['while speaking', 'tachypnea', 'use of accessory muscles']"
3803b896-8995-437a-aedb-a762c8a6ada0,"['system', 'user', 'cc: patient presents with feeling dizzy', 'assistant', 'dizziness', 'lightheadedness']"
b2c8c19b-a4c3-46da-8d75-9b135c2d0f8f,['old']
6bd354ba-b7a6-4368-b523-88bbe1897b24,"['productive cough with sputum', 'scattered wheezes', 'decreased air entry bilaterally']"
e2bbe6b9-7838-4fb5-aab2-9427597e1870,"['system', 'user', 'history and physical examination', 'chief complaint: painful swallowing', 'history of present illness', 'past medical history', 'no significant past medical history', 'takes albuterol inhaler as needed', 'social history', 'married with 2 children', 'father died of myocardial infarction at age 55', 'review of systems', 'patient abdomen soft and nontender, denies palpitations', 'physical examination', 'vitals: t 38.1c, bp 118/86, hr 62, rr 13', 'general: alert, cooperative, in no acute distress', 'ent: pharyngeal erythema noted', 'assistant', 'painful swallowing', 'head pain', 'pharyngeal erythema']"
7fb66128-933b-4ff2-842d-a32c287b1f52,['re elevation']
73e81b22-00ee-4940-b459-aa2680b555f3,"['system', 'user', 'visit note - 01/30/2026', 'patient returns to clinic with ongoing concerns', 'on atorvastatin 20mg at bedtime', 'works as a teacher', 'assistant', 'headache', 'throat clearing', 'yawning', 'shivering']"
2009d446-a198-4045-9123-c1162788f555,"['system', 'user', 'cc: patient presents with headache', 'takes metformin 500mg twice daily', 'assistant', 'headache', 'persistent cough']"
abf5ac0f-3aa1-4321-9226-e4abba281292,"['system', 'user', 'history and physical examination', 'chief complaint: stuffy nose', 'history of present illness', 'past medical history', 'no significant past medical history', 'takes metformin 500mg twice daily', 'social history', 'married with 2 children', 'mother had diabetes', 'review of systems', 'patient no irregular heartbeat, no wheezing', 'physical examination', 'vitals: t 36.9c, bp 112/83, hr 67, rr 13', 'general: alert, cooperative, in no acute distress', 'assistant', 'nasal congestion', 'frequent yawning']"
b8804711-9ece-401a-97ca-c04518a4247d,['nia']
bcbb513c-f1d7-4040-9512-2c5e1a1504a9,['through mouth']
a6773b5e-05b8-46e0-b8e2-36fed09939a6,"['laise', 'nausea']"
81faa433-5bfc-4706-9e8f-c280230d5faa,"['h sputum', 'generalized weakness']"
94385d33-d151-4544-8476-12fbc23191ad,"['system', 'user', 'cc: patient presents with lightheadedness', 'takes albuterol inhaler as needed', 'assistant', 'dizziness', 'exhaustion', 'irregular heart rhythm']"
bf6db789-04c8-43d2-a7d4-ef8d19d3e4b0,"['system', 'user', 'visit note - 01/24/2026', 'patient returns to clinic with ongoing concerns', 'assistant', 'shortness of breath', 'pleuritic chest pain', 'nausea']"
4845d3a7-ec92-4525-baac-93de98aab668,"['and waning', 'nasal congestion']"
af7c0eb9-f7df-45c9-bd85-a82624bc4524,"['system', 'user', 'history and physical examination', 'chief complaint: lightheadedness', 'history of present illness', 'this patient presents with tolerable dizziness. patient also describes feeling exhausted', 'past medical history', 'history of hypertension, controlled', 'current medications include lisinopril 10mg daily', 'social history', 'social drinker, no tobacco use', 'father died of myocardial infarction at age 55', 'review of systems', 'patient denies sore throat, denies fever', 'physical examination', 'vitals: t 37.5c, bp 115/77, hr 85, rr 14', 'general: alert, cooperative, in no acute distress', 'assistant', 'dizziness', 'exhaustion']"
2e0d3897-f10f-4429-aef6-776a7beb1240,"['system', 'user', 'visit note - 01/10/2026', 'patient returns to clinic with ongoing concerns', 'patient continues to experience light sensitivity. additionally notes tiredness gradual onset', 'patient denies fever', 'current medications include lisinopril 10mg daily', 'social drinker, no tobacco use', 'assistant', 'light sensitivity', 'tiredness']"
17e47e01-47c1-4d52-8e71-3d6632e1ec78,"['system', 'user', 'history and physical examination', 'chief complaint: whistling sound when breathing', 'history of present illness', 'past medical history', 'no significant past medical history', 'takes albuterol inhaler as needed', 'social history', 'married with 2 children', 'mother had diabetes', 'review of systems', 'patient throat not sore', 'physical examination', 'vitals: t 37.6c, bp 124/72, hr 100, rr 20', 'general: alert, cooperative, in no acute distress', 'respiratory: tachypneic, using accessory muscles', 'assistant', 'wheezing', 'dyspnea', 'chest discomfort']"
59ea505e-ea90-46ac-8377-7f6a97b9c9b5,"['brile', 'severe pain in chest']"
b8338901-3081-4699-839e-bc07e68ca2d6,"['ugh with sputum', 'tachypneic', 'using accessory muscles']"
4b5b25b7-72d0-44bf-90cb-dd1b52ea74e2,"['ernal chest pain', 'wheezing']"
3dbf06d3-24fc-4b25-a16c-3f7fd2c9b056,"['nasal obstruction', 'persistent cough']"
a7bd1337-616d-44e0-ae64-b025d2625adc,"['system', 'user', 'visit note - 01/06/2026', 'patient returns to clinic with ongoing concerns', 'patient no chest discomfort', 'lives alone, independent with adls', 'assistant', 'nasal congestion', 'asthenia', 'improving cough']"
322d6c4d-389c-4640-be69-1339f46dfac8,"['system', 'user', 'visit note - 02/04/2026', 'patient returns to clinic with ongoing concerns', 'patient continues to experience feeling nauseous. additionally notes tiredness', 'takes albuterol inhaler as needed', 'assistant', 'feeling nauseous', 'tiredness']"
a5a29cba-ad74-43a7-9214-30b5a859c0ea,"['ctorations', 'febrile intermittent', 'feeling exhausted intermittent']"
dc6f8ab5-5b87-4c0c-9d38-1e150e0ae0c4,"['sory muscles', 'fatigue']"
4f39200f-f0b4-4709-ab46-574a182aed67,['none']
6974c3f2-467f-4173-86e5-3ee3696be221,"['system', 'user', 'cc: patient presents with abdominal pain', 'works as a teacher', 'father died of myocardial infarction at age 55', 'on atorvastatin 20mg at bedtime', 'assistant', 'abdominal pain', 'nausea']"
a351464a-effb-4f86-9804-f144755ab40f,"['system', 'user', 'visit note - 01/05/2026', 'patient returns to clinic with ongoing concerns', 'patient denies fever, abdomen soft and nontender', 'social drinker, no tobacco use', 'assistant', 'dry cough', 'dyspnea', 'chest pain']"
05993672-5eb1-4df8-bdcd-c2ec8c5a94e0,"['system', 'user', 'visit note - 01/29/2026', 'patient returns to clinic with ongoing concerns', 'patient continues to experience nausea intermittent. additionally notes elevated temperature', 'patient no wheezing, chest pain free', 'current medications include lisinopril 10mg daily', 'assistant', 'nausea', 'elevated temperature']"
c52ef69e-1387-45f7-adae-3117cbdd4525,"['system', 'user', 'history and physical examination', 'chief complaint: head pain', 'history of present illness', 'past medical history', 'history of hypertension, controlled', 'takes albuterol inhaler as needed', 'social history', 'social drinker, no tobacco use', 'mother had diabetes', 'review of systems', 'physical examination', 'vitals: t 37.0c, bp 119/80, hr 69, rr 12', 'general: alert, cooperative, in no acute distress', 'assistant', 'head pain', 'feeling exhausted', 'decreased appetite']"
4ae5d453-bc60-498b-b6b1-0f01e12026b0,['over the past week']
1259efbf-8e07-449c-a8c4-8301b02c372d,['acing with deep breaths']
bbfe70f5-9e44-4452-ae99-643732c2215b,"['ing', 'migraine headache']"
2583a74c-92f3-4c39-9142-0a4dd81fddec,"['system', 'user', 'visit note - 01/28/2026', 'patient returns to clinic with ongoing concerns', 'patient no shortness of breath, chest pain free', 'smokes half pack per day for 10 years', 'assistant', 'loose stools', 'moderate shaking chills', 'head pain']"
a35e6dc1-a305-4443-b5e7-c424494a996a,"['system', 'user', 'cc: patient presents with bothered by light', 'works as a teacher', 'takes metformin 500mg twice daily', 'assistant', 'light sensitivity', 'lightheadedness']"
7f0f4d01-015a-427b-8689-b8595461e57e,"['system', 'user', 'cc: patient presents with headache', 'current medications include lisinopril 10mg daily', 'assistant', 'headache', 'palpitations']"
5386f5a7-aa69-43fa-a276-0d057b96d4fa,['tive cough with sputum']
30f740d5-9372-45e2-b21d-9998aca066c9,"['tussis', 'dyspnea']"
c4cec3de-9d77-4859-9a05-568f5d09c1aa,"['system', 'user', 'cc: patient presents with queasy stomach', 'patient is a non-smoker', 'assistant', 'nausea', 'loose stools']"
956bb84f-fb7b-49c3-9e92-a56c4c587641,"['emesis', 'shaking chills']"
ae09c3c2-5edd-47e7-90b4-5fde91092a0e,"['system', 'user', 'cc: patient presents with head pain', 'mother had diabetes', 'assistant', 'lightheadedness', 'difficulty eating', 'asthenia']"
ad3dd61b-dd01-4319-b0f8-30f06f97ca99,"['system', 'user', 'cc: patient presents with head pain', 'takes albuterol inhaler as needed', 'assistant', 'headache', 'stuffy nose', 'lethargy']"
9c541bfd-8142-4b81-81b1-6208dd6ceafb,"['system', 'user', 'history and physical examination', 'chief complaint: pain in head', 'history of present illness', 'this patient presents with headache. physical examination reveals patient clears throat frequently', 'past medical history', 'history of hypertension, controlled', 'takes metformin 500mg twice daily', 'social history', 'denies alcohol or drug use', 'review of systems', 'patient no irregular heartbeat, no chest discomfort', 'physical examination', 'vitals: t 37.8c, bp 132/81, hr 67, rr 20', 'general: alert, cooperative, in no acute distress', 'respiratory: clear breath sounds bilaterally', 'assistant', 'headache', 'clears throat frequently']"
f5f58dd1-b683-4156-8bdf-ef3b76e35f4f,"['pnea', 'use of accessory muscles']"
b88cda93-b6a5-401f-bb20-5fe242680f4b,['ng']
4d8d4615-496f-4bf2-aeb6-ffae18bc46d6,"['system', 'user', 'cc: patient presents with sore throat', 'social drinker, no tobacco use', 'on atorvastatin 20mg at bedtime', 'assistant', 'sore throat', 'throat pain', 'persistent cough']"
bcae3cc0-9fbb-4f26-b0cb-043bccaa66b4,"['system', 'user', 'cc: patient presents with chest discomfort', 'assistant', 'chest discomfort', 'feeling exhausted', 'cephalalgia']"
3dc5c90d-f676-42fc-8889-16b8a7b59d89,"['system', 'user', 'history and physical examination', 'chief complaint: stuffy nose', 'history of present illness', 'this patient presents with debilitating stuffy nose. patient also describes mild throat pain', 'past medical history', 'no significant past medical history', 'current medications include lisinopril 10mg daily', 'social history', 'married with 2 children', 'father died of myocardial infarction at age 55', 'review of systems', 'patient denies wheezing', 'physical examination', 'vitals: t 38.2c, bp 133/88, hr 98, rr 20', 'general: alert, cooperative, in no acute distress', 'ent: pharyngeal erythema noted', 'assistant', 'stuffy nose', 'mild throat pain', 'pharyngeal erythema']"
4678ed25-05f3-4ee5-a8b6-1e6995f122f3,"['scattered wheezes', 'decreased air entry bilaterally']"
cf214160-b506-4ca9-ad65-c2f5e162b6a6,"['system', 'user', 'visit note - 01/27/2026', 'patient returns to clinic with ongoing concerns', 'takes albuterol inhaler as needed', 'assistant', 'shivering', 'asthenia', 'nausea']"
79cd8ef1-9f1b-459a-9530-77c14da0c009,"['system', 'user', 'visit note - 01/21/2026', 'patient returns to clinic with ongoing concerns', 'patient continues to experience lightheadedness progressive', 'patient throat not sore, denies abdominal pain', 'assistant', 'lightheadedness']"
39639cdc-8475-45c3-9592-b425dce7d230,"['appetite', 'improving fatigue']"
d9c75741-8fa8-4d97-8b0f-3add0887a8b1,['throat pain']
e654947f-4055-495d-bfca-eb50f77f6e6b,"['system', 'user', 'visit note - 01/21/2026', 'patient returns to clinic with ongoing concerns', 'patient abdomen soft and nontender', 'on atorvastatin 20mg at bedtime', 'assistant', 'chest pain', 'difficulty breathing']"
62da1680-de67-4c2c-8cc2-b9d67a0d92ce,['ture elevation']
eb2d4ef6-2d6f-4e5e-b33b-218bee1eb6fb,"['system', 'user', 'cc: patient presents with nasal congestion', 'assistant', 'blocked nose', 'debilitating sore throat']"
2406336a-a2f6-453d-a3a6-c1193d111fec,"['system', 'user', 'cc: patient presents with pain in head', 'father died of myocardial infarction at age 55', 'on atorvastatin 20mg at bedtime', 'assistant', 'headache', 'sinus congestion', 'asthenia']"
bf404f3c-d27e-424a-abc1-043992f35e9a,"['scattered wheezes', 'decreased air entry bilaterally']"
8ea30931-7699-4eb7-b8e1-8a85439ac32a,"['ng', 'shaking chills intermittent', 'head pain']"
f3ab95d2-1fa8-4630-a830-a5122685fabe,"['system', 'user', 'cc: patient presents with feeling dizzy', 'father died of myocardial infarction at age 55', 'assistant', 'dizzy']"
26a7f90e-b33f-46e6-80ec-92d0fc02dd31,"['itating rigors', 'sinus congestion']"
5deed610-1269-407a-b6e0-da7fd70fae33,"['chest pressure', 'feeling exhausted waxing and waning']"
d50837e0-7fd6-4f6a-bf52-e3cdb5bebc9f,"['with sputum', 'temperature elevation']"
7c713468-d0f4-44a5-b1a1-2a4720e361e3,"['system', 'user', 'visit note - 01/23/2026', 'patient returns to clinic with ongoing concerns', 'patient denies cough', 'current medications include lisinopril 10mg daily', 'assistant', 'queasy stomach', 'moderate headache']"
b9213ae2-00b9-4a5b-a292-2f0ceb841808,"['tussis', 'moderate lethargy', 'pharyngeal erythema']"
db4037ae-fa2f-4247-8286-4a46a242eafc,['nket despite warm room']
b491fda5-7738-4e41-bdb6-e5b4299356da,['breath progressive']
5d6318c1-317e-4d59-b049-7675c4783fd9,"['reased appetite', '5/10 severity malaise']"
0b2f71b7-5df5-4cbe-85ce-993296ebdcbe,"['system', 'user', 'visit note - 01/16/2026', 'patient returns to clinic with ongoing concerns', 'patient continues to experience feeling nauseous. additionally notes moderate feeling exhausted', 'takes metformin 500mg twice daily', 'patient is a non-smoker', 'assistant', 'feeling nauseous', 'moderate feeling exhausted']"
92b117db-7b87-4955-af40-b11788422328,"['adache', '7/10 severity orthopnea', 'chills']"
019affd9-e71e-4f8e-aaa2-3aa7736b0cc2,"['rations', 'migraine headache']"
91554156-152e-4b14-8699-ef5d9699d817,"['h sputum', 'breathlessness constant']"
d4798460-dd2a-4915-8b8e-e1135f5db7aa,"['reathing', 'productive expectorations', 'dyspnea']"
4a441317-2e4b-4796-9a83-40c3856a9fca,"['on exertion', 'tachypnea']"
a2196b4c-cd29-4301-b8ed-e7ab68b5c495,"['system', 'user', 'visit note - 01/25/2026', 'patient returns to clinic with ongoing concerns', 'patient throat not sore, denies abdominal pain', 'assistant', 'head pain', 'irregular heartbeat']"
4d41f2ae-b951-4e06-a833-418681ade3da,"['system', 'user', 'visit note - 01/30/2026', 'patient returns to clinic with ongoing concerns', 'assistant', 'queasy stomach', 'sensitive to light', 'dizziness']"
8df17e6a-fd56-4deb-8766-644ba6a8e34e,"['system', 'user', 'cc: patient presents with dry cough', 'works as a teacher', 'current medications include lisinopril 10mg daily', 'assistant', 'dry cough', 'feeling exhausted', 'bilateral wheezes']"
45e6d9a0-4044-49f5-ac64-f37dd14bbf87,"['system', 'user', 'cc: patient presents with sinus pressure', 'assistant', 'sinus pressure', 'fatigue', 'odynophagia']"
8f5b23dc-127e-47ce-b889-c3fc92a6a06c,"['light', 'throat pain']"
7a8f78c6-0337-4d7a-a93d-190b4e7a057b,"['system', 'user', 'visit note - 01/11/2026', 'patient returns to clinic with ongoing concerns', 'takes albuterol inhaler as needed', 'assistant', 'feeling nauseous', 'vertigo intermittent', 'pain in head']"
c4dfcb83-6153-4e69-8fba-a1d69342de61,"['system', 'user', 'visit note - 01/31/2026', 'patient returns to clinic with ongoing concerns', 'patient chest pain free, no irregular heartbeat', 'takes albuterol inhaler as needed', 'lives alone, independent with adls', 'assistant', 'facial pressure', 'lethargy', 'mild fever', 'headache']"
5e4cec3e-599b-414b-848e-b1680b0c1ce2,"['system', 'user', 'visit note - 01/14/2026', 'patient returns to clinic with ongoing concerns', 'patient denies abdominal pain, denies sore throat', 'takes albuterol inhaler as needed', 'assistant', 'lightheadedness', 'heart racing']"
33b48c25-726b-4804-a504-b0791ca5bd7f,"['system', 'user', 'visit note - 01/29/2026', 'patient returns to clinic with ongoing concerns', 'patient denies sore throat', 'smokes half pack per day for 10 years', 'assistant', 'head pain', 'dizziness (5/10 severity)']"
78930a10-0637-4158-8b15-c002835e3f00,"['system', 'user', 'cc: patient presents with nasal congestion', 'social drinker, no tobacco use', 'father died of myocardial infarction at age 55', 'on atorvastatin 20mg at bedtime', 'assistant', 'nasal congestion', 'throat pain']"
3f875bb4-0a56-4a45-90c1-4182a2f8948e,"['system', 'user', 'history and physical examination', 'chief complaint: head pain', 'history of present illness', 'past medical history', 'no significant past medical history', 'takes albuterol inhaler as needed', 'social history', 'social drinker, no tobacco use', 'father died of myocardial infarction at age 55', 'review of systems', 'patient denies abdominal pain', 'physical examination', 'vitals: t 37.1c, bp 135/84, hr 84, rr 17', 'general: alert, cooperative, in no acute distress', 'assistant', 'headache', 'fatigue', 'temperature elevation']"
39b7b3b8-2b76-4624-b8c5-9f8503e9b089,['ed weakness']
804f292c-1df4-4aa2-ab9f-f91b502bf4fd,['ity)']
17f109c0-a245-4b72-a73c-a5f98acecb4d,"['0 severity)', 'difficulty eating for the past month']"
baf1dd40-42cf-43b7-a3ce-8697bdc5c933,"['system', 'user', 'visit note - 02/03/2026', 'patient returns to clinic with ongoing concerns', 'assistant', 'tiredness', 'whistling sound when breathing']"
a7641a0d-6069-4540-b185-ddb712bdfdcc,['thargic']
8c6d5c80-586e-4b13-bd7f-faf12cf3ab50,"['system', 'user', 'visit note - 01/09/2026', 'patient returns to clinic with ongoing concerns', 'patient throat not sore', 'assistant', 'headache', 'tiredness']"
ba4896b7-0b32-43ba-aa60-f94e5b2bad83,"['system', 'user', 'cc: patient presents with fatigue', 'assistant', 'fatigue', 'chest discomfort', 'febrile']"
f618e2b9-5398-43e7-a84b-7b1aa1f377b5,"['st pain', 'sensitive to light']"
3f5502ec-d694-49d0-b049-d83bb908b3c6,"['system', 'user', 'visit note - 01/24/2026', 'patient returns to clinic with ongoing concerns', 'patient chest pain free, denies palpitations', 'assistant', 'headache', 'tussis', 'pyrexia', 'shivering']"
e720728f-1f30-4daa-9ead-4a984a6bade6,"['system', 'user', 'visit note - 01/24/2026', 'patient returns to clinic with ongoing concerns', 'patient denies abdominal pain', 'assistant', 'sore throat', 'fatigue']"
45f51e5d-528f-4529-a015-d0b661966d7a,"['system', 'user', 'visit note - 01/26/2026', 'patient returns to clinic with ongoing concerns', 'patient continues to experience mild abdominal pain. additionally notes nausea intermittent', 'assistant', 'mild abdominal pain', 'nausea intermittent']"
0476f55a-072a-4a4e-843d-6fe97101e46c,"['petite', 'asthenia']"
f4528c63-4559-444f-b201-bf06acc8fc51,['ed']
a8ddbf93-edde-430f-87c3-1fcee1f33b22,['eous']
99e5f7be-a0d8-45f8-a680-45b81dfcebef,['ty tussis']
32679318-9d69-4476-ae4c-031f314e582f,"['system', 'user', 'history and physical examination', 'chief complaint: light sensitivity', 'history of present illness', 'past medical history', 'no significant past medical history', 'takes metformin 500mg twice daily', 'social history', 'smokes half pack per day for 10 years', 'review of systems', 'patient no chest discomfort', 'physical examination', 'vitals: t 38.2c, bp 117/79, hr 70, rr 17', 'general: alert, cooperative, in no acute distress', 'assistant', 'photophobia', 'asthenia']"
09a097f4-4eab-486d-818c-1d9099c3f743,['feeling exhausted']
711fd28b-f446-4783-97d8-f8000c45698f,"['system', 'user', 'cc: patient presents with queasy stomach', 'assistant', 'nausea', 'shivering']"
6a5724d8-20e6-40ab-ac87-8907679ba6d6,"['system', 'user', 'history and physical examination', 'chief complaint: coughing', 'history of present illness', 'past medical history', 'no significant past medical history', 'on atorvastatin 20mg at bedtime', 'social history', 'works as a teacher', 'review of systems', 'patient denies abdominal pain, throat not sore', 'physical examination', 'vitals: t 37.4c, bp 139/85, hr 66, rr 18', 'general: alert, cooperative, in no acute distress', 'respiratory: clear breath sounds bilaterally', 'assistant', 'cough', 'malaise', 'whistling sound when breathing']"
15c746ab-2fef-4303-9b8e-b6add2d31f5e,"['system', 'user', 'cc: patient presents with head pain', 'takes albuterol inhaler as needed', 'assistant', 'head pain', 'heart racing', 'generalized weakness']"
0935fe41-f2d8-4fa5-93c1-10d77b2b08ce,['levation']
f2180d7d-e052-4a47-8cf2-72066f55b378,['exhaustion']
4bb6b9e1-6d0a-4837-b28d-48ca0633b1b5,"['system', 'user', 'history and physical examination', 'chief complaint: queasy stomach', 'history of present illness', 'past medical history', 'history of hypertension, controlled', 'current medications include lisinopril 10mg daily', 'social history', 'works as a teacher', 'father died of myocardial infarction at age 55', 'review of systems', 'patient no chest discomfort', 'physical examination', 'vitals: t 36.8c, bp 119/84, hr 67, rr 18', 'general: alert, cooperative, in no acute distress', 'assistant', 'queasy stomach', 'nausea', 'loose stools']"
19473a3c-c25a-46fe-b7cf-e7404a7cee89,"['ness', 'scattered wheezes', 'decreased air entry bilaterally']"
d3057ff2-f5d9-4812-ba96-576e310a308b,"['system', 'user', 'visit note - 01/27/2026', 'patient returns to clinic with ongoing concerns', 'patient continues to experience abdominal pain. additionally notes chills progressive', 'patient breathing comfortably, denies wheezing', 'assistant', 'abdominal pain', 'chills']"
a27423e3-9668-4bf2-83ea-cc14054ec5b5,"['system', 'user', 'history and physical examination', 'chief complaint: headache', 'history of present illness', 'past medical history', 'no significant past medical history', 'takes metformin 500mg twice daily', 'social history', 'lives alone, independent with adls', 'review of systems', 'patient afebrile', 'physical examination', 'vitals: t 37.0c, bp 116/78, hr 72, rr 14', 'general: alert, cooperative, in no acute distress', 'assistant', 'headache', 'fatigue', 'debilitating unsteady gait']"
66481868-7ae1-483f-a0cf-7a0fa8305981,"['system', 'user', 'history and physical examination', 'chief complaint: blocked nose', 'history of present illness', 'past medical history', 'history of hypertension, controlled', 'takes metformin 500mg twice daily', 'social history', 'married with 2 children', 'review of systems', 'physical examination', 'vitals: t 37.1c, bp 122/89, hr 74, rr 19', 'general: alert, cooperative, in no acute distress', 'assistant', 'blocked nose', 'tension-type headache']"
96812044-c2c3-4527-adc1-b7b8317ac0e3,['using accessory muscles']
98ee83f9-71ad-4b82-806b-108b90cfded2,"['system', 'user', 'history and physical examination', 'chief complaint: dry cough', 'history of present illness', 'past medical history', 'history of hypertension, controlled', 'on atorvastatin 20mg at bedtime', 'social history', 'lives alone, independent with adls', 'review of systems', 'patient abdomen soft and nontender', 'physical examination', 'vitals: t 37.7c, bp 124/76, hr 73, rr 17', 'general: alert, cooperative, in no acute distress', 'respiratory: clear breath sounds bilaterally', 'assistant', 'dry cough', 'fever']"
b90cb76e-a11f-4374-bb1b-58a8c43472e2,['algia']
aed7ca01-2af3-4799-ac88-490d5515908e,"['system', 'user', 'history and physical examination', 'chief complaint: dizziness', 'history of present illness', 'this patient presents with feeling dizzy', 'past medical history', 'history of hypertension, controlled', 'takes metformin 500mg twice daily', 'social history', 'lives alone, independent with adls', 'review of systems', 'patient afebrile', 'physical examination', 'vitals: t 38.2c, bp 118/71, hr 85, rr 16', 'general: alert, cooperative, in no acute distress', 'assistant', 'dizziness']"
f2dd9705-a854-4907-b6d7-e3647b6c9ab6,"['system', 'user', 'cc: patient presents with dizziness', 'denies alcohol or drug use', 'assistant', 'dizziness', 'head pain']"
ed5a482d-9d51-46b6-9fc8-dc7efd09fc4a,"['system', 'user', 'history and physical examination', 'chief complaint: stuffy nose', 'history of present illness', 'past medical history', 'history of hypertension, controlled', 'social history', 'works as a teacher', 'review of systems', 'physical examination', 'vitals: t 36.6c, bp 110/74, hr 76, rr 16', 'general: alert, cooperative, in no acute distress', 'assistant', 'stuffy nose', 'head pain']"
d2b004ec-2e66-465b-a253-deda6eba7e14,['none']
790dc471-6392-40b4-8f60-a45f42c31987,"['system', 'user', 'history and physical examination', 'chief complaint: frequent bowel movements', 'history of present illness', 'past medical history', 'history of hypertension, controlled', 'takes albuterol inhaler as needed', 'social history', 'lives alone, independent with adls', 'review of systems', 'patient no shortness of breath', 'physical examination', 'vitals: t 37.9c, bp 130/74, hr 92, rr 13', 'general: alert, cooperative, in no acute distress', 'assistant', 'frequent bowel movements', 'feeling cold', 'febrile']"
5835cc4d-23f1-4651-acd7-97d3504627bb,['imaces with deep breaths']
66cc885f-580d-4bf9-bb5e-92aca33d1b33,['blocked nose constant']
931bf202-6ecb-47a7-a332-7c94da970954,"['system', 'user', 'visit note - 02/03/2026', 'patient returns to clinic with ongoing concerns', 'patient no irregular heartbeat, clear lung sounds', 'assistant', 'nasal congestion', 'cephalalgia', 'sinus pressure']"
86dced3a-67fc-474e-96b3-2b0b520bf282,"['pain', 'light-induced discomfort', 'lethargic']"
646e8956-1ec7-4ca0-bb24-00aa3f118f72,"['system', 'user', 'history and physical examination', 'chief complaint: sore throat', 'history of present illness', 'past medical history', 'history of hypertension, controlled', 'on atorvastatin 20mg at bedtime', 'social history', 'denies alcohol or drug use', 'father died of myocardial infarction at age 55', 'review of systems', 'patient abdomen soft and nontender', 'physical examination', 'vitals: t 37.0c, bp 134/72, hr 77, rr 12', 'general: alert, cooperative, in no acute distress', 'ent: pharyngeal erythema noted', 'assistant', 'painful swallowing', 'severe shivering', 'pain in head']"
b075ea54-1146-4e67-9dd2-e5b84557e206,"['system', 'user', 'cc: patient presents with abdominal pain', 'lives alone, independent with adls', 'assistant', 'belly pain', 'feeling nauseous', 'pyrexia']"
c79d2faa-1920-4f85-b5e9-b38f1c86f007,['g and waning']
30f7addc-f7c2-47b6-bb5e-e62323e2d8db,"['system', 'user', 'cc: patient presents with dry cough', 'married with 2 children', 'assistant', 'dry cough', 'whistling sound when breathing']"
8eec8316-d841-4fb7-ae5f-ed16942dd356,"['system', 'user', 'cc: patient presents with pain in head', 'lives alone, independent with adls', 'takes metformin 500mg twice daily', 'assistant', 'pain in head', 'worsening nausea']"
656eb105-345c-400c-bb1f-034c77336899,"['system', 'user', 'visit note - 01/12/2026', 'patient returns to clinic with ongoing concerns', 'patient continues to experience nausea. additionally notes bothered by light', 'assistant', 'nausea', 'bothered by light']"
d055d218-0faf-4390-aa10-4e540dfe161b,"['system', 'user', 'visit note - 01/30/2026', 'patient returns to clinic with ongoing concerns', 'patient continues to experience lightheadedness. additionally notes palpitations', 'patient no cough', 'on atorvastatin 20mg at bedtime', 'works as a teacher', 'assistant', 'lightheadedness', 'palpitations']"
13f951da-1f8c-44ec-835f-2b26ca0cf4ae,"['system', 'user', 'history and physical examination', 'chief complaint: wheezing', 'history of present illness', 'past medical history', 'no significant past medical history', 'social history', 'social drinker, no tobacco use', 'review of systems', 'patient denies sore throat, denies abdominal pain', 'physical examination', 'vitals: t 36.9c, bp 135/70, hr 84, rr 20', 'general: alert, cooperative, in no acute distress', 'respiratory: tachypneic, using accessory muscles', 'assistant', 'dyspnea', 'pleuritic chest pain', 'tachypnea']"
d31cacba-b88d-4032-9d39-968d1f63061b,['pharyngeal erythema']
06d3cd7b-e3ef-42e3-8d8a-2c95eafcba2f,"['system', 'user', 'visit note - 01/28/2026', 'patient returns to clinic with ongoing concerns', 'patient continues to experience queasy stomach. additionally notes headache', 'patient no cough', 'assistant', 'queasy stomach', 'headache']"
95b7ff99-4add-4c49-9203-03bacfff1a50,"['system', 'user', 'cc: patient presents with chest pain', 'smokes half pack per day for 10 years', 'current medications include lisinopril 10mg daily', 'assistant', 'chest pain', 'shortness of breath']"
35e412ea-58a4-443d-9535-0aecd9381358,['g exhausted']
9993c7fa-db78-4ca2-965c-d61c89e1e483,"['system', 'user', 'history and physical examination', 'chief complaint: pain in head', 'history of present illness', 'past medical history', 'history of hypertension, controlled', 'takes metformin 500mg twice daily', 'social history', 'patient is a non-smoker', 'father died of myocardial infarction at age 55', 'review of systems', 'patient denies fever, no chest discomfort', 'physical examination', 'vitals: t 37.6c, bp 116/75, hr 62, rr 18', 'general: alert, cooperative, in no acute distress', 'assistant', 'headache', 'lethargy', 'use of wall for support']"
4ce15bbc-71c5-442e-bb6f-f907e471aa6f,"['system', 'user', 'visit note - 01/26/2026', 'patient returns to clinic with ongoing concerns', 'patient continues to experience headache. additionally notes severe coughing', 'assistant', 'headache', 'severe coughing']"
f8a0baef-5c1b-4e8d-8183-1b5e96fcc9fd,['rythema']
3745f929-acf2-4a89-b8b1-2911b508fbc6,['eling exhausted']
ad3900a4-dac5-447c-bba2-fa7b4def76e0,"['system', 'user', 'history and physical examination', 'chief complaint: headache', 'history of present illness', 'this patient presents with headache gradual onset. patient also describes coughing', 'past medical history', 'history of hypertension, controlled', 'current medications include lisinopril 10mg daily', 'social history', 'social drinker, no tobacco use', 'review of systems', 'patient no chest discomfort, denies wheezing', 'physical examination', 'vitals: t 36.7c, bp 117/73, hr 95, rr 15', 'general: alert, cooperative, in no acute distress', 'respiratory: clear breath sounds bilaterally', 'assistant', 'headache', 'coughing']"
67947948-5ee3-448e-b40d-d0a41a646d20,"['edness', 'wrapping self in blanket despite warm room']"
c8d677c1-86e6-4140-91a9-0d6243770010,"['system', 'user', 'visit note - 01/22/2026', 'patient returns to clinic with ongoing concerns', 'patient continues to experience stuffy nose. additionally notes sore throat since yesterday', 'patient no irregular heartbeat', 'takes metformin 500mg twice daily', 'assistant', 'stuffy nose', 'sore throat']"
56c89288-c825-4582-b702-2f3db6ef52b6,"['re chest pressure', 'scattered wheezes', 'decreased air entry bilaterally']"
708bc893-bc42-4ab7-ba6c-9716dfba9f41,"['system', 'user', 'cc: patient presents with coughing', 'assistant', 'coughing', 'fever', 'throat erythema', 'nasal obstruction']"
7192d625-d27e-47df-b4a1-e020953f479a,['headache']
7fc8c860-0686-46a1-aecf-76e2750bb409,"['erature elevation', 'debilitating fatigue']"
f0938690-91fb-42cb-9e42-e3a5e76a354f,"['system', 'user', 'cc: patient presents with pain in chest', 'takes albuterol inhaler as needed', 'assistant', 'chest pain', 'coughing', 'pyrexia']"
d3f3a499-ab3e-478b-b879-163e2327c8f5,"['system', 'user', 'cc: patient presents with pain in head', 'takes albuterol inhaler as needed', 'assistant', 'headache', 'exhaustion']"
d6da24b3-b2bd-438f-b971-bc66e35addb7,['cough']
a53a36b7-a23a-4b56-ac61-e86d7567965a,['eralized weakness']
cec50d99-a226-473f-bbea-5eb72429ec00,['feeling exhausted']
01ec8c4f-ca2b-4676-8320-ec97468d3466,"['system', 'user', 'history and physical examination', 'chief complaint: head pain', 'history of present illness', 'this patient presents with head pain. patient also describes tiredness', 'past medical history', 'no significant past medical history', 'on atorvastatin 20mg at bedtime', 'social history', 'works as a teacher', 'review of systems', 'patient denies cough, no fever', 'physical examination', 'vitals: t 37.9c, bp 135/85, hr 78, rr 15', 'general: alert, cooperative, in no acute distress', 'assistant', 'head pain', 'tiredness']"
c3c644f1-acae-4dd7-a7f9-5a13a612f57a,"['system', 'user', 'visit note - 01/17/2026', 'patient returns to clinic with ongoing concerns', 'patient afebrile', 'current medications include lisinopril 10mg daily', 'lives alone, independent with adls', 'assistant', 'queasy stomach', 'malaise', 'head pain']"
896d38d0-e563-496a-aeb9-55e0e56b1095,['tachypnea']
6b09059a-fe3a-42dc-8e2d-966f7d55f7b4,['ity rigors']
5ac67be8-e2b8-4159-9416-ddf3e18540ce,"['system', 'user', 'visit note - 01/12/2026', 'patient returns to clinic with ongoing concerns', 'patient continues to experience head pain. additionally notes mild feeling dizzy', 'on atorvastatin 20mg at bedtime', 'lives alone, independent with adls', 'assistant', 'head pain', 'dizziness']"
f7c65d71-66dd-4efc-8973-1ce6bffe07d8,"['frequent yawning', 'productive cough with sputum', 'tachypnea']"
ca7523ee-685b-483f-a075-c152e1b70497,"['ound when breathing', 'generalized weakness', 'holds chest while speaking waxing and waning']"
b1ff6822-fa98-4b50-b1fd-43c5b7e2b820,"['system', 'user', 'visit note - 01/16/2026', 'patient returns to clinic with ongoing concerns', 'patient continues to experience lightheadedness. additionally notes 7/10 severity heart racing', 'patient abdomen soft and nontender', 'assistant', 'lightheadedness', 'heart racing']"
08a37642-dfcf-4819-909b-a9f4c2d483ee,['none']
51d43d97-6fbd-4525-8f54-dea24ac42b83,"['iculty breathing', 'chest discomfort', 'tachypneic', 'using accessory muscles']"
96f84f84-b49b-496f-96d7-fe546d7513b9,"['system', 'user', 'cc: patient presents with feeling exhausted', 'assistant', 'feeling exhausted', 'fever', 'substernal chest pain']"
2efab6fe-0867-4655-a942-fe3d0ab10e1a,"['system', 'user', 'visit note - 01/31/2026', 'patient returns to clinic with ongoing concerns', 'patient continues to experience headache', 'patient denies abdominal pain, throat not sore', 'married with 2 children', 'assistant', 'headache']"
b1eb2fdc-dd39-4b96-b054-67f964565c10,"['system', 'user', 'cc: patient presents with diarrhea', 'assistant', 'diarrhea', 'fever', 'shaking chills']"
175f9be8-8f11-445b-8783-acc3a20153dc,"['system', 'user', 'visit note - 01/23/2026', 'patient returns to clinic with ongoing concerns', 'patient continues to experience worsening head pain', 'lives alone, independent with adls', 'assistant', 'head pain']"
244e7522-b86d-42fa-bdac-7af701e90474,"['akness', 'headache', 'productive expectorations']"
4cf8d7a7-8dac-48a6-9648-ec386caf1062,"['substernal chest pain', 'squinting']"
8f3ad472-0245-414a-99c1-c8bf9872bcb1,"['le respiratory sounds', 'tussis', 'fatigue']"
b0150cdd-a1d1-4d5c-b7c1-5638c9f00042,['ezes']
8da2a70e-f1d0-4a51-b580-c25599277604,"['system', 'user', 'cc: patient presents with pain in head', 'denies alcohol or drug use', 'assistant', 'headache', 'fatigue']"
2330db1e-f5a6-418c-bf1c-434f8aeca09c,"['system', 'user', 'history and physical examination', 'chief complaint: dizziness', 'history of present illness', 'past medical history', 'no significant past medical history', 'takes albuterol inhaler as needed', 'social history', 'social drinker, no tobacco use', 'review of systems', 'patient denies cough', 'physical examination', 'vitals: t 38.4c, bp 111/84, hr 96, rr 20', 'general: alert, cooperative, in no acute distress', 'assistant', 'lightheadedness', 'tension-type headache']"
4cf90d52-ce41-4945-be8b-e6c3ed398361,"['system', 'user', 'cc: patient presents with feeling exhausted', 'assistant', 'fatigue', 'feeling hot', 'clearing throat frequently']"
992e0cc2-4f06-40b9-bc3b-83b76d070592,"['system', 'user', 'history and physical examination', 'chief complaint: photophobia', 'history of present illness', 'this patient presents with worsening photophobia. patient also describes tiredness', 'past medical history', 'no significant past medical history', 'current medications include lisinopril 10mg daily', 'social history', 'smokes half pack per day for 10 years', 'review of systems', 'patient chest pain free', 'physical examination', 'vitals: t 38.2c, bp 126/76, hr 82, rr 20', 'general: alert, cooperative, in no acute distress', 'assistant', 'tiredness', 'photophobia']"
a80540d8-e4e8-464b-91c6-4575ec17c355,['adache']
4d78e6b5-c4c5-4af6-b04a-00197490b116,"['system', 'user', 'history and physical examination', 'chief complaint: nausea', 'history of present illness', 'past medical history', 'history of hypertension, controlled', 'takes metformin 500mg twice daily', 'social history', 'lives alone, independent with adls', 'father died of myocardial infarction at age 55', 'review of systems', 'patient clear lung sounds', 'physical examination', 'vitals: t 38.3c, bp 135/88, hr 68, rr 15', 'general: alert, cooperative, in no acute distress', 'assistant', 'nausea', 'shivering', 'fever', 'tiredness']"
3b8bd299-be8c-464e-ac1d-b0f0ff41cc82,['s of breath']
9b72f648-5680-4dc4-a17a-8a56801255ca,"['system', 'user', 'history and physical examination', 'chief complaint: headache', 'history of present illness', 'this patient presents with headache', 'past medical history', 'no significant past medical history', 'current medications include lisinopril 10mg daily', 'social history', 'lives alone, independent with adls', 'review of systems', 'patient cough resolved, throat not sore', 'physical examination', 'vitals: t 36.7c, bp 116/72, hr 68, rr 20', 'general: alert, cooperative, in no acute distress', 'assistant', 'headache']"
bbe738ee-eab6-4c3f-9ca3-83f87632a5f7,"['malaise', 'holding chest while speaking', 'wrapped in blanket despite warm room']"
b65f9a10-3023-4cd4-81d8-0c87eabc20f1,['ng exhausted']
a9ca262c-ce8f-48ae-b93b-3d32b0c05326,"['system', 'user', 'history and physical examination', 'chief complaint: pain in head', 'history of present illness', 'past medical history', 'no significant past medical history', 'takes metformin 500mg twice daily', 'social history', 'denies alcohol or drug use', 'review of systems', 'patient no chest discomfort, denies abdominal pain', 'physical examination', 'vitals: t 37.9c, bp 125/85, hr 79, rr 12', 'general: alert, cooperative, in no acute distress', 'respiratory: clear breath sounds bilaterally', 'ent: pharyngeal erythema noted', 'assistant', 'head pain', 'productive cough with sputum', 'odynophagia']"
9db19efc-4fdf-4f00-a61b-983da2da8218,['achypnea']
6b47148b-4b07-489d-839a-c2019de93e9e,['st while speaking']
a7363c80-a33e-4155-a148-92e8de4620c6,['hargy']
7d4db938-d6b5-4477-b081-21fbbb7a060b,"['ion', 'wrapped in blanket despite warm room']"
b3395959-cbf2-4888-9cff-2efb4ca5a59b,['ing hot']
4bd477f3-87ee-4aa8-9bbe-a5c70bd2a82f,"['system', 'user', 'visit note - 01/12/2026', 'patient returns to clinic with ongoing concerns', 'assistant', 'feeling hot', 'feeling cold']"
4edaddc7-3938-42b7-bcc5-6354aa0169a4,"['system', 'user', 'cc: patient presents with head pain', 'assistant', 'headache', 'lightheadedness']"
7c622508-ca10-4d06-8ccd-d26effc4420f,"['e cough with sputum', 'feeling exhausted']"
a1f49252-7c2d-4c25-972e-817c64903660,"['thargy', 'worsening temperature elevation', 'severe shortness of breath', 'queasy stomach', 'tachypnea', 'use of accessory muscles']"
4166c797-9730-49b1-a7fe-9970fcd4eacb,['none']
377f839f-5e4e-4a64-8aaa-adf065eea742,"['system', 'user', 'visit note - 02/02/2026', 'patient returns to clinic with ongoing concerns', 'social drinker, no tobacco use', 'assistant', 'abdominal pain', 'frequent bowel movements']"
a5658508-8e83-43cd-9d55-f8c762d20780,['ng']
3ac3f2a8-6e52-47b1-9e2c-ec0eed900dc5,['ughing']
ce7b9429-5baa-45c1-91fc-bf2f933bf7c5,"['dyspnea', 'tachypnea']"
69db5499-5a98-4d34-b3eb-49250ca270cd,"['system', 'user', 'cc: patient presents with stuffy nose', 'assistant', 'stuffy nose', 'chills', 'migraine headache']"
734a50e8-cf2d-4795-b2a9-1317b8bba401,"['system', 'user', 'cc: patient presents with feeling nauseous', 'on atorvastatin 20mg at bedtime', 'assistant', 'feeling nauseous', 'fever']"
0b995475-33b9-4b1c-bab9-d8524489dd4e,"['system', 'user', 'history and physical examination', 'chief complaint: pain in head', 'history of present illness', 'past medical history', 'no significant past medical history', 'on atorvastatin 20mg at bedtime', 'social history', 'smokes half pack per day for 10 years', 'review of systems', 'patient denies palpitations, no chest discomfort', 'physical examination', 'vitals: t 37.0c, bp 128/71, hr 68, rr 13', 'general: alert, cooperative, in no acute distress', 'assistant', 'headache', 'fever']"
6783f9ef-bf4e-4eb4-b015-5d25ec716d21,"['system', 'user', 'history and physical examination', 'chief complaint: stuffy nose', 'history of present illness', 'past medical history', 'history of hypertension, controlled', 'takes albuterol inhaler as needed', 'social history', 'patient is a non-smoker', 'father died of myocardial infarction at age 55', 'review of systems', 'patient denies wheezing', 'physical examination', 'vitals: t 38.0c, bp 137/82, hr 71, rr 17', 'general: alert, cooperative, in no acute distress', 'respiratory: clear breath sounds bilaterally', 'assistant', 'stuffy nose', 'nasal congestion', 'cough']"
3f0d8e02-2545-40e4-828d-3f4be62746f9,['ld']
e171a2d5-adc8-4727-a0ab-8e2d8c55e9f1,"['system', 'user', 'cc: patient presents with feeling nauseous', 'current medications include lisinopril 10mg daily', 'assistant', 'feeling nauseous', 'loose stools']"
7d18612c-554f-431f-aa5a-2556719f12de,"['system', 'user', 'cc: patient presents with feeling nauseous', 'on atorvastatin 20mg at bedtime', 'assistant', 'queasy stomach', 'dizziness']"
fde97d54-f117-436a-aebf-d6e69bbd4884,"['system', 'user', 'visit note - 01/27/2026', 'patient returns to clinic with ongoing concerns', 'on atorvastatin 20mg at bedtime', 'assistant', 'facial pressure', 'moderate odynophagia', 'stuffy nose']"
39723eb1-fcbc-440b-ae1a-febd2df88b75,"['system', 'user', 'visit note - 01/29/2026', 'patient returns to clinic with ongoing concerns', 'patient no irregular heartbeat, no chest discomfort', 'assistant', 'blocked nose', 'migraine headache', 'feeling exhausted']"
d7fd650c-dcaf-4af8-8cc5-4eaff9e078f7,"['debilitating queasy stomach', 'generalized weakness acute onset', 'tachypnea', 'use of accessory muscles']"
25746de7-80ce-45bd-ad81-4e109f0fcc77,"['system', 'user', 'cc: patient presents with painful swallowing', 'assistant', 'painful swallowing', 'fever', 'rigors', 'malaise']"
d4c77818-75e9-43cb-8d1b-7c8e6408192c,"['system', 'user', 'visit note - 01/09/2026', 'patient returns to clinic with ongoing concerns', 'takes metformin 500mg twice daily', 'assistant', 'sore throat', 'asthenia', 'febrile', 'stuffy nose']"
228c5e94-122f-479c-801a-c5fff4c69b9b,"['cessory muscles', 'chest pain']"
530d5f51-2797-459b-89b9-d928f0c4a720,"['system', 'user', 'cc: patient presents with head pain', 'assistant', 'headache']"
5464f821-7b1d-469d-85ee-07d590919a2a,"['system', 'user', 'visit note - 01/05/2026', 'patient returns to clinic with ongoing concerns', 'patient continues to experience feeling nauseous. additionally notes fatigue over the past week', 'takes albuterol inhaler as needed', 'denies alcohol or drug use', 'assistant', 'nausea', 'fatigue']"
21fb6d32-5682-4fa3-b6c3-771e205fa348,"['system', 'user', 'history and physical examination', 'chief complaint: head pain', 'history of present illness', 'this patient presents with severe head pain', 'past medical history', 'history of hypertension, controlled', 'current medications include lisinopril 10mg daily', 'social history', 'smokes half pack per day for 10 years', 'review of systems', 'patient no cough, afebrile', 'physical examination', 'vitals: t 37.6c, bp 132/83, hr 61, rr 18', 'general: alert, cooperative, in no acute distress', 'assistant']"
58f62e4d-114c-41c4-8768-e30b3ab1e6ed,"['d in blanket despite warm room', 'head pain']"
9f4cd694-61c1-45f3-9ac0-568673876837,"['system', 'user', 'cc: patient presents with feeling hot', 'mother had diabetes', 'assistant', 'feeling hot', 'begin-', 'cn-end-']"
82082fbb-1238-40aa-9047-ef9cd77b2838,"['chest while speaking', 'productive expectorations', 'experiencing rigors', 'decreased appetite']"
ea30f18d-c993-46b1-9626-150eb8e1b839,['ty breathing']
d950a58a-0aef-41f2-b8ba-9f2fea717a47,"['system', 'user', 'history and physical examination', 'chief complaint: photophobia', 'history of present illness', 'past medical history', 'no significant past medical history', 'social history', 'married with 2 children', 'review of systems', 'patient denies cough', 'physical examination', 'vitals: t 37.6c, bp 115/79, hr 82, rr 18', 'general: alert, cooperative, in no acute distress', 'assistant', 'photophobia', 'vertigo', 'worsening migraine headache']"
7f96a112-2acd-40ad-bae0-0002c58a6801,"['system', 'user', 'cc: patient presents with feeling dizzy', 'takes metformin 500mg twice daily', 'assistant', 'dizzy', 'palpitations']"
1003f280-81fa-41d2-9ce6-acf852280b62,"['uses accessory muscles', 'scattered wheezes', 'decreased air entry bilaterally']"
54670c1b-77a2-4358-bb1a-0327defce092,['ressure']
b3eafed4-98ed-4fba-b138-8455cbc6d741,['tachypnea']
7a6f5d51-2b69-44cb-ba63-1a1ad543b604,"['system', 'user', 'visit note - 01/17/2026', 'patient returns to clinic with ongoing concerns', 'patient continues to experience sinus pressure waxing and waning. additionally notes headache', 'patient no irregular heartbeat', 'assistant', 'sinus pressure', 'headache']"
19003d63-afe9-4e62-b0a4-85cf14af4228,"['system', 'user', 'visit note - 02/02/2026', 'patient returns to clinic with ongoing concerns', 'works as a teacher', 'assistant', 'head pain', 'fatigue']"
6cc4d957-d61a-4e26-9ca3-351a9170f01b,"['system', 'user', 'cc: patient presents with loose stools', 'assistant', 'severe loose stools', 'tiredness']"
bac1aafd-aaa3-4a21-a20a-83f4c3c10f28,"['system', 'user', 'visit note - 02/03/2026', 'patient returns to clinic with ongoing concerns', 'patient no irregular heartbeat, clear lung sounds', 'assistant', 'headache', 'asthenia', 'cough']"
510d3ba7-bd1e-47d7-a639-187de73ceb94,"['system', 'user', 'cc: patient presents with pain in head', 'assistant', 'pain in head']"
0fe56e2d-d4f1-4b39-b19c-289b86697a5b,"['system', 'user', 'cc: patient presents with nausea', 'assistant', 'queasy stomach', 'light sensitivity', 'asthenia']"
01945e53-48d9-4b92-8a8a-ca44c5096794,"['system', 'user', 'history and physical examination', 'chief complaint: head pain', 'history of present illness', 'past medical history', 'history of hypertension, controlled', 'social history', 'social drinker, no tobacco use', 'review of systems', 'patient denies cough, no chest discomfort', 'physical examination', 'vitals: t 37.5c, bp 111/88, hr 93, rr 20', 'general: alert, cooperative, in no acute distress', 'assistant', 'head pain', 'unsteady gait', 'nausea']"
cbc1ed4e-96ed-4519-ba84-ec0433e1ce43,"['ain', 'pain in head']"
61aff337-52e9-41a8-a2dc-0fb89e942269,"['ise', 'difficulty eating']"
17c5656a-7219-4c81-8ffa-386f945da2e9,"['system', 'user', 'visit note - 01/31/2026', 'patient returns to clinic with ongoing concerns', 'patient denies palpitations, no chest discomfort', 'assistant', 'nasal congestion', 'sore throat']"
c0339b69-978f-4ffa-942b-5444fadf589a,"['tant yawning', 'worsening difficulty breathing', 'debilitating expiratory wheezing', 'tachypnea']"
2a44ccf4-a209-43cc-93b3-2dbda166ccc2,['none']
ff3a6269-81c8-4b76-ba7b-f99f607c1083,"['light', 'wrapped in blanket despite warm room', 'productive cough with sputum', 'tachypneic', 'using accessory muscles']"
94fb0010-6208-4482-8040-4a08c7e5a8f8,"['system', 'user', 'visit note - 01/31/2026', 'patient returns to clinic with ongoing concerns', 'married with 2 children', 'assistant', 'nausea', 'unsteady gait', 'headache']"
33e1bf2d-e705-440b-ace1-74a504ef30b7,"['system', 'user', 'visit note - 02/03/2026', 'patient returns to clinic with ongoing concerns', 'patient continues to experience worsening nasal congestion. additionally notes pressure in face', 'assistant', 'worsening nasal congestion', 'pressure in face']"
28dd2b1f-8458-4766-b446-3985b1ca1318,"['system', 'user', 'cc: patient presents with blocked nose', 'on atorvastatin 20mg at bedtime', 'assistant', 'nasal congestion', 'headache', 'febrile']"
f7c83b72-4ba8-4978-b51e-915175968c77,['essory muscles']
2a38f4c6-28dc-41f0-a9e5-f059f829b7a4,"['system', 'user', 'history and physical examination', 'chief complaint: persistent cough', 'history of present illness', 'past medical history', 'no significant past medical history', 'on atorvastatin 20mg at bedtime', 'social history', 'lives alone, independent with adls', 'review of systems', 'patient denies fever', 'physical examination', 'vitals: t 38.3c, bp 114/90, hr 60, rr 19', 'general: alert, cooperative, in no acute distress', 'respiratory: tachypneic, using accessory muscles', 'assistant', 'worsening dry cough', 'dyspnea', 'tachypnea']"
74629480-3434-4281-af97-998c39d48de0,"['system', 'user', 'history and physical examination', 'chief complaint: photophobia', 'history of present illness', 'this patient presents with bothered by light acute onset. patient also describes feeling exhausted', 'past medical history', 'history of hypertension, controlled', 'on atorvastatin 20mg at bedtime', 'social history', 'works as a teacher', 'mother had diabetes', 'review of systems', 'patient no cough, no fever', 'physical examination', 'vitals: t 38.2c, bp 134/87, hr 66, rr 12', 'general: alert, cooperative, in no acute distress', 'assistant', 'bothered by light', 'feeling exhausted']"
81403f08-2e14-41d2-a0ad-23c25cddd529,"['pped in blanket despite warm room', 'productive cough with sputum', 'feeling nauseous acute onset']"
99f5c714-3cf7-404d-a1c3-c1ebb7f9289f,"['ently', 'holding chest while speaking', 'feeling exhausted']"
e04d5b55-c904-433b-8433-e5dbae13ee12,"['system', 'user', 'cc: patient presents with chest pain', 'works as a teacher', 'current medications include lisinopril 10mg daily', 'assistant', 'chest pain', 'persistent cough', 'generalized weakness']"
a676d513-d2a7-4538-85ee-ebbfa7046a6c,['n head']
67e908e1-0698-4ec1-96d1-6a2eb909598c,"['rigors', 'tussis', 'tachypnea']"
1e604baa-5a38-4ef8-82e2-09b0671d706a,['wall for support']
f9463ea7-72c8-41ff-bbc7-aa65e1ba0e1b,"['system', 'user', 'history and physical examination', 'chief complaint: fever', 'history of present illness', 'past medical history', 'history of hypertension, controlled', 'current medications include lisinopril 10mg daily', 'social history', 'married with 2 children', 'mother had diabetes', 'review of systems', 'patient denies palpitations, abdomen soft and nontender', 'physical examination', 'vitals: t 38.5c, bp 125/86, hr 84, rr 17', 'general: alert, cooperative, in no acute distress', 'respiratory: clear breath sounds bilaterally', 'assistant', 'moderate wheezing', 'cough progressive']"
951c3502-d1bd-40df-b9af-c0fe6ab9ecdb,"['system', 'user', 'cc: patient presents with pain in head', 'mother had diabetes', 'assistant', 'headache', 'dizziness', 'nausea']"
976561e9-329b-4016-b968-f8b7f8fc004f,"['system', 'user', 'cc: patient presents with chest pain', 'assistant', 'chest pain', 'cough', 'tension-type headache', 'asthenia']"
7fbe1f91-8778-42e6-8797-44618c208a24,['clearing of throat']
a19d88ee-0eb3-4c28-a3fc-e33778dc9dde,['reased air entry bilaterally']
00978ece-4788-4b0e-a582-da67d7c13af9,"['system', 'user', 'visit note - 01/22/2026', 'patient returns to clinic with ongoing concerns', 'assistant', 'queasy stomach', 'asthenia', 'head pain']"
b0ffe2ae-f919-47d8-a862-d51e60a31436,"['termittent', 'head pain']"
1d9b8943-a589-4977-8560-b587dca6cd28,['nausea acute onset']
a032f10c-baaf-4680-b9c3-d40c3659c0b9,"['system', 'user', 'cc: patient presents with pain in head', 'social drinker, no tobacco use', 'mother had diabetes', 'assistant', 'head pain', 'chills', 'febrile', 'odynophagia']"
f965f133-5274-4da2-92fd-2a4a356d8416,"['system', 'user', 'visit note - 02/02/2026', 'patient returns to clinic with ongoing concerns', 'assistant', 'headache', 'nasal voice', 'fever']"
4d090f9c-d60c-4cbe-946e-9cbd419073bb,"['system', 'user', 'cc: patient presents with diarrhea', 'current medications include lisinopril 10mg daily', 'assistant', 'loose stools', 'headache', 'worsening pyrexia']"
b6f397f1-22f0-4265-9438-2db9f5246901,"['system', 'user', 'history and physical examination', 'chief complaint: feeling nauseous', 'history of present illness', 'this patient presents with queasy stomach constant. patient also describes pyrexia', 'past medical history', 'no significant past medical history', 'social history', 'lives alone, independent with adls', 'review of systems', 'patient denies wheezing, denies dyspnea', 'physical examination', 'vitals: t 37.0c, bp 126/90, hr 61, rr 14', 'general: alert, cooperative, in no acute distress', 'assistant', 'nausea', 'queasy stomach', 'pyrexia']"
f4797512-46a6-4a9e-8d5e-7dd0a713c104,['weakness']
326e28c9-3558-4ea1-a68d-34d18f55fb12,"['xpectorations', 'nasal congestion']"
50bf1b6d-bcb4-4eaa-8f8b-18e8303f0323,"['system', 'user', 'cc: patient presents with light sensitivity', 'father died of myocardial infarction at age 55', 'assistant', 'light sensitivity', 'head pain', 'vertigo', 'asthenia']"
079150a0-2df6-4f60-a585-af9a75a0900d,"['ve cough with sputum', 'moderate chest discomfort']"
1ffe3d66-f7e8-4a27-9356-31a2c3038d99,['lgia']
88787b72-60f2-4958-905d-96f8a864bd35,"['system', 'user', 'cc: patient presents with persistent cough', 'takes albuterol inhaler as needed', 'assistant', 'worsening dry cough', 'chest pain', 'yawning frequently']"
28c38df0-6682-4e83-9c3d-5504621493a9,['g exhausted']
bf8aa7c2-d608-4436-a645-8141e2967b76,"['system', 'user', 'history and physical examination', 'chief complaint: fatigue', 'history of present illness', 'past medical history', 'no significant past medical history', 'social history', 'lives alone, independent with adls', 'review of systems', 'patient denies abdominal pain, no irregular heartbeat', 'physical examination', 'vitals: t 37.1c, bp 140/73, hr 89, rr 13', 'general: alert, cooperative, in no acute distress', 'respiratory: tachypneic, using accessory muscles', 'assistant', 'fatigue', 'dyspnea', 'feeling hot constant', 'tachypnea']"
62297271-6b99-48ee-bf8a-8fb8eb7d86a7,['pain']
d0ecabe3-b04e-4453-9c3c-2b6d5a0d2fc1,"['system', 'user', 'visit note - 01/05/2026', 'patient returns to clinic with ongoing concerns', 'assistant', 'feeling nauseous', 'feeling dizzy', 'yawning frequently']"
11f20f6d-2aee-4b26-ba29-98e568eef0cb,"['system', 'user', 'history and physical examination', 'chief complaint: chills', 'history of present illness', 'past medical history', 'no significant past medical history', 'on atorvastatin 20mg at bedtime', 'social history', 'works as a teacher', 'review of systems', 'patient balance intact', 'physical examination', 'vitals: t 36.9c, bp 118/72, hr 96, rr 13', 'general: alert, cooperative, in no acute distress', 'respiratory: clear breath sounds bilaterally', 'assistant', 'shivering', 'nausea', 'dry cough']"
93f73860-d5c2-435d-a073-5b65c44a1ad2,['s of heartbeat']
f95a6a7c-b852-4085-a0a0-95fad1a035d5,"['ions', 'tension-type headache', 'shortness of breath']"
cc06169c-4fca-4269-b88a-7639a32994ff,"['m trips', 'shaking chills']"
9304ac10-ac72-42fe-ba09-f9f8563fccc1,"['system', 'user', 'visit note - 01/21/2026', 'patient returns to clinic with ongoing concerns', 'current medications include lisinopril 10mg daily', 'assistant', 'persistent cough', 'pleuritic chest pain', 'fever']"
aebfab8d-30ff-42a2-be51-e7a6c070d99d,"['pleuritic chest pain', 'rigors', 'temperature elevation']"
623e7e66-9ff8-4f9e-848f-a6180faa8518,"['system', 'user', 'history and physical examination', 'chief complaint: dizziness', 'history of present illness', 'this patient presents with dizziness since yesterday', 'past medical history', 'history of hypertension, controlled', 'current medications include lisinopril 10mg daily', 'social history', 'married with 2 children', 'review of systems', 'patient throat not sore', 'physical examination', 'vitals: t 37.6c, bp 137/76, hr 70, rr 19', 'general: alert, cooperative, in no acute distress', 'assistant']"
bb15f5d5-c684-403c-abdc-b6764a4ba8fb,"['system', 'user', 'cc: patient presents with abdominal pain', 'assistant', 'abdominal pain', 'nausea']"
480cb73d-191d-4b28-b690-b7eeaa25d748,['st pain']
9af98fb2-af4b-4f89-b966-d3e58d238667,"['system', 'user', 'cc: patient presents with headache', 'social drinker, no tobacco use', 'assistant', 'headache', 'pain in head', 'facial pressure']"
a852d7bb-995c-4105-bfbf-ead639520de0,"['system', 'user', 'history and physical examination', 'chief complaint: pain in head', 'history of present illness', 'this patient presents with headache. patient also describes photophobia for the past month', 'past medical history', 'no significant past medical history', 'takes metformin 500mg twice daily', 'social history', 'denies alcohol or drug use', 'review of systems', 'patient afebrile, cough resolved', 'physical examination', 'vitals: t 37.3c, bp 130/83, hr 78, rr 14', 'general: alert, cooperative, in no acute distress', 'assistant', 'headache', 'photophobia']"
377e6c4a-ce67-4116-99ce-f4c8136a3e89,['ng and waning']
01d59471-d3ce-4a2d-9f93-f43c9d4751ce,['ea']
7e409b03-11b7-4f82-9a42-3f50b35fc07b,['febrile for 3 days']
bcbe6e48-c901-475c-9ba8-d4408df317fe,"['system', 'user', 'visit note - 01/16/2026', 'patient returns to clinic with ongoing concerns', 'patient clear lung sounds, denies dyspnea', 'current medications include lisinopril 10mg daily', 'assistant', 'queasy stomach', 'frequent bowel movements']"
3b34094c-0f9d-43da-8430-50c856709046,"['system', 'user', 'history and physical examination', 'chief complaint: lightheadedness', 'history of present illness', 'past medical history', 'history of hypertension, controlled', 'social history', 'smokes half pack per day for 10 years', 'review of systems', 'patient denies cough, denies sore throat', 'physical examination', 'vitals: t 36.8c, bp 129/73, hr 72, rr 17', 'general: alert, cooperative, in no acute distress', 'assistant', 'lightheadedness', 'dizziness', 'paroxysmal tachycardia']"
3fc04136-f701-4597-9f9c-eea572c0fbfb,"['system', 'user', 'visit note - 01/30/2026', 'patient returns to clinic with ongoing concerns', 'patient denies abdominal pain, cough resolved', 'takes albuterol inhaler as needed', 'assistant', 'dizziness', 'paroxysmal tachycardia', 'improving fatigue']"
88e29b09-a9ce-4234-83a0-00da4b0ea097,"['system', 'user', 'history and physical examination', 'chief complaint: chest pain', 'history of present illness', 'past medical history', 'no significant past medical history', 'takes albuterol inhaler as needed', 'social history', 'denies alcohol or drug use', 'review of systems', 'patient abdomen soft and nontender, no fever', 'physical examination', 'vitals: t 38.3c, bp 122/84, hr 65, rr 16', 'general: alert, cooperative, in no acute distress', 'respiratory: clear breath sounds bilaterally', 'assistant', 'chest pain', 'fatigue', 'coughing']"
da7bdb27-ce13-4ada-a29d-24ff66e01785,"['shaking chills', 'breathes through mouth']"
9198b5aa-9fab-4da7-902a-81fbcfb6082f,['ess']
0a3efec3-9534-45d6-9e91-cb8253d71aec,"['system', 'user', 'cc: patient presents with headache', 'assistant', 'headache', 'lightheadedness']"
638673f5-b9ed-4efe-a370-a8ca4c977bd5,['nt']
997bb99b-0956-4037-ada7-2f623ca275f3,"['system', 'user', 'visit note - 01/27/2026', 'patient returns to clinic with ongoing concerns', 'patient denies palpitations, no vertigo', 'assistant']"
4ae43152-039e-42f3-97b9-9d64cf42431f,"['system', 'user', 'history and physical examination', 'chief complaint: head pain', 'history of present illness', 'past medical history', 'history of hypertension, controlled', 'on atorvastatin 20mg at bedtime', 'social history', 'married with 2 children', 'review of systems', 'patient chest pain free', 'physical examination', 'vitals: t 38.4c, bp 113/75, hr 87, rr 20', 'general: alert, cooperative, in no acute distress', 'assistant', 'headache', 'nausea', 'generalized weakness']"
2e1fa77b-66fa-41a2-b331-e59143526bb0,['ently']
e653e9a1-ea0b-4659-b315-0005f6988edc,"['system', 'user', 'history and physical examination', 'chief complaint: blocked nose', 'history of present illness', 'past medical history', 'no significant past medical history', 'takes metformin 500mg twice daily', 'social history', 'social drinker, no tobacco use', 'review of systems', 'physical examination', 'vitals: t 36.7c, bp 129/89, hr 74, rr 13', 'general: alert, cooperative, in no acute distress', 'ent: pharyngeal erythema noted', 'assistant', 'nasal congestion', 'headache', 'painful swallowing']"
437622d7-3324-4c65-9e4c-5e004d57c2e3,['d flushed appearance']
20fbd739-14e6-4194-96b6-f16bbb3c7434,"['system', 'user', 'visit note - 02/03/2026', 'patient returns to clinic with ongoing concerns', 'patient continues to experience head pain. additionally notes queasy stomach for 3 days', 'patient no fever, no chest discomfort', 'on atorvastatin 20mg at bedtime', 'assistant', 'head pain', 'queasy stomach']"
882d6b93-a5bf-4e78-8319-534543272521,"['system', 'user', 'cc: patient presents with head pain', 'assistant', 'head pain', 'fever']"
a9d48e14-aa81-4675-974d-afa789fe911a,"['productive cough with sputum', 'feeling exhausted']"
8d7e791c-7d6f-44e0-9f9f-22c028b8b6f8,['eakness']
f5d133cc-925a-413a-86e9-b157683c9b50,"['system', 'user', 'cc: patient presents with pain in head', 'lives alone, independent with adls', 'assistant', 'head pain', 'feeling hot', 'tenderness over sinuses']"
1788d171-f94f-42b1-8030-0f15244ff772,"['system', 'user', 'visit note - 01/05/2026', 'patient returns to clinic with ongoing concerns', 'assistant', 'throat pain', 'rigors', 'head pain']"
a27c8618-9aa1-42dd-a948-61484f076d32,"['system', 'user', 'history and physical examination', 'chief complaint: photophobia', 'history of present illness', 'past medical history', 'history of hypertension, controlled', 'takes metformin 500mg twice daily', 'social history', 'lives alone, independent with adls', 'review of systems', 'patient cough resolved', 'physical examination', 'vitals: t 37.6c, bp 114/80, hr 97, rr 17', 'general: alert, cooperative, in no acute distress', 'assistant', 'photophobia', 'postural dizziness', 'migraine headache']"
50e9c9e8-07c4-4eb2-b570-1d05db079c37,['none']
498aa006-9a35-4a59-b963-ab45cc8e1c86,"['system', 'user', 'cc: patient presents with lightheadedness', 'takes albuterol inhaler as needed', 'assistant', 'lightheadedness']"
f401ea05-66e6-4f87-82d0-b781486dda6f,"['system', 'user', 'visit note - 01/24/2026', 'patient returns to clinic with ongoing concerns', 'patient chest pain free, denies abdominal pain', 'takes metformin 500mg twice daily', 'married with 2 children', 'assistant', 'dry cough', 'rigors', 'headache']"
c9e2858d-8b76-4110-b04f-af9c0dd610ae,"['system', 'user', 'cc: patient presents with diarrhea', 'works as a teacher', 'takes metformin 500mg twice daily', 'assistant', 'diarrhea', 'belly pain', 'malaise']"
00acf888-aac8-4b00-ae57-857c3af23709,"['system', 'user', 'cc: patient presents with head pain', 'assistant', 'headache', 'dizziness']"
b0ab9873-0100-4271-9178-4dc69e8990b4,"['system', 'user', 'cc: patient presents with loose stools', 'patient is a non-smoker', 'takes albuterol inhaler as needed', 'assistant', 'diarrhea', 'debilitating pain in head']"
131262f7-4c97-4c30-96ae-39ce0ad09c68,"['system', 'user', 'visit note - 01/08/2026', 'patient returns to clinic with ongoing concerns', 'patient continues to experience moderate feeling dizzy', 'assistant', 'dizzy']"
6e515d46-5687-4f9a-81a0-ea7eea8fa287,"['l frequency', 'difficulty eating']"
0339754f-4926-4d0c-8c68-ef4952f49a2d,"['ature', 'difficulty swallowing 7/10 severity', 'breathing through mouth progressive', 'pharyngeal erythema']"
fad3d713-a448-43ba-a124-684ecd3d9cd6,"['system', 'user', 'history and physical examination', 'chief complaint: pain in head', 'history of present illness', 'past medical history', 'no significant past medical history', 'takes metformin 500mg twice daily', 'social history', 'patient is a non-smoker', 'review of systems', 'patient cough resolved', 'physical examination', 'vitals: t 36.9c, bp 125/79, hr 96, rr 12', 'general: alert, cooperative, in no acute distress', 'assistant', 'headache', 'postural dizziness']"
c2ba584a-5e47-4a70-89a8-d7e7c89c6249,"['at', 'debilitating pharyngitis', 'headache']"
6124e7e7-ddb1-47ab-8bad-71ecf742e859,"['system', 'user', 'visit note - 01/17/2026', 'patient returns to clinic with ongoing concerns', 'patient continues to experience diarrhea. additionally notes improving tiredness', 'takes metformin 500mg twice daily', 'assistant', 'diarrhea', 'improving tiredness']"
20ae1ce7-1529-45fd-9b09-29955488ee61,"['system', 'user', 'history and physical examination', 'chief complaint: queasy stomach', 'history of present illness', 'past medical history', 'no significant past medical history', 'social history', 'denies alcohol or drug use', 'review of systems', 'patient no shortness of breath, clear lung sounds', 'physical examination', 'vitals: t 37.3c, bp 120/71, hr 71, rr 12', 'general: alert, cooperative, in no acute distress', 'assistant', 'queasy stomach', 'nausea']"
b3374dc9-bbbb-42a4-b65d-58507fdc1a61,"['vation', 'tension-type headache', 'generalized weakness']"
a7e2b271-9400-4930-9070-053893dadd18,['ssory muscles']
d4d3251a-c931-4451-95c2-6872965187b4,"['nausea', 'mild elevated temperature']"
80fe99da-979c-4b01-8de6-07674f98f3f3,['asthenia']
180cfb0d-ce71-458a-a0dd-1a787f8b31ae,"['system', 'user', 'visit note - 01/06/2026', 'patient returns to clinic with ongoing concerns', 'smokes half pack per day for 10 years', 'assistant', 'dry cough', 'fever', 'use of accessory muscles']"
bfa445eb-2cbe-40c3-9f4f-f46ead56dccf,"['system', 'user', 'history and physical examination', 'chief complaint: headache', 'history of present illness', 'past medical history', 'history of hypertension, controlled', 'takes metformin 500mg twice daily', 'social history', 'married with 2 children', 'review of systems', 'patient no irregular heartbeat, no wheezing', 'physical examination', 'vitals: t 38.4c, bp 136/74, hr 70, rr 15', 'general: alert, cooperative, in no acute distress', 'assistant', 'head pain', 'nasal obstruction', 'facial pressure']"
bab0c718-34ec-4712-99d3-853a8486382f,"['system', 'user', 'history and physical examination', 'chief complaint: queasy stomach', 'history of present illness', 'past medical history', 'history of hypertension, controlled', 'on atorvastatin 20mg at bedtime', 'social history', 'married with 2 children', 'father died of myocardial infarction at age 55', 'review of systems', 'patient afebrile', 'physical examination', 'vitals: t 37.9c, bp 134/73, hr 84, rr 14', 'general: alert, cooperative, in no acute distress', 'assistant', 'queasy stomach', 'feeling nauseous', 'postural dizziness']"
3d643d46-a228-40bd-bcd3-aa0f58f9ce6b,['rough mouth']
00161373-868c-4ac2-88b3-0477b6faadfc,['hivering']
0e408872-2faf-45b6-a0b2-501d0ff68036,"['system', 'user', 'visit note - 01/17/2026', 'patient returns to clinic with ongoing concerns', 'patient denies cough', 'married with 2 children', 'assistant', 'nausea', 'tension-type headache', 'light sensitivity']"
bfa84dd1-da51-4766-bfb6-04a9e0b9e9fb,['ve cough with sputum']
06981fd3-9505-4108-b03a-8b8797927756,['arm to touch']
50e2cf34-31e7-4b9e-a3aa-03f5ae706e7e,['uth']
4fa1ace5-3627-43f0-9277-bc96763cc1db,"['system', 'user', 'visit note - 01/18/2026', 'patient returns to clinic with ongoing concerns', 'assistant', 'nausea', 'postural dizziness', 'tolerable pain in head']"
56fca4d9-67f3-4cdb-ba95-f286d20f902a,"['system', 'user', 'cc: patient presents with head pain', 'assistant', 'head pain', 'lightheadedness']"
75eacd23-1d00-454e-99ab-51cf35f4b935,"['system', 'user', 'history and physical examination', 'chief complaint: photophobia', 'history of present illness', 'this patient presents with photophobia. patient also describes headache that started this morning', 'past medical history', 'no significant past medical history', 'takes albuterol inhaler as needed', 'social history', 'smokes half pack per day for 10 years', 'mother had diabetes', 'review of systems', 'physical examination', 'vitals: t 38.2c, bp 120/72, hr 63, rr 14', 'general: alert, cooperative, in no acute distress', 'assistant', 'photophobia', 'headache']"
c9e691f5-0e4c-465f-bd1b-34dc25bdfccd,"['system', 'user', 'cc: patient presents with queasy stomach', 'assistant', 'nausea', 'feeling exhausted', 'cephalalgia']"
9c8ee0ea-5aa0-4aa5-bd7c-5f625454c0e1,"['chills', 'worsening pain in head']"
d6aa494a-0cc4-4022-b838-5b5e8ad82233,['enia']
23475ffb-84ab-4d6a-98f7-fab55fa1ed1b,"['system', 'user', 'visit note - 01/07/2026', 'patient returns to clinic with ongoing concerns', 'patient denies abdominal pain, denies palpitations', 'takes metformin 500mg twice daily', 'assistant', 'chest pain', 'improving orthopnea', 'persistent cough']"
6dc10c0f-6db9-42a2-8d52-ea6e3e6b6103,"['system', 'user', 'history and physical examination', 'chief complaint: dry cough', 'history of present illness', 'past medical history', 'no significant past medical history', 'social history', 'patient is a non-smoker', 'father died of myocardial infarction at age 55', 'review of systems', 'patient chest pain free, no irregular heartbeat', 'physical examination', 'vitals: t 37.0c, bp 129/85, hr 72, rr 17', 'general: alert, cooperative, in no acute distress', 'respiratory: clear breath sounds bilaterally', 'assistant', 'dry cough', 'cephalalgia', 'rigors', 'tolerable yawning']"
7be77ec8-def8-4c01-b83b-082d9759c991,"['system', 'user', 'visit note - 01/25/2026', 'patient returns to clinic with ongoing concerns', 'patient continues to experience lightheadedness', 'patient denies sore throat, no fever', 'assistant', 'lightheadedness']"
44fcaa24-8c81-43fb-b4ed-b3b979e3a709,['chest pain']
5b6e76f0-38b5-4820-872c-bad86f567b60,"['system', 'user', 'history and physical examination', 'chief complaint: belly pain', 'history of present illness', 'this patient presents with belly pain. patient also describes feeling cold', 'past medical history', 'no significant past medical history', 'takes albuterol inhaler as needed', 'social history', 'lives alone, independent with adls', 'review of systems', 'patient denies dyspnea', 'physical examination', 'vitals: t 36.8c, bp 133/78, hr 67, rr 15', 'general: alert, cooperative, in no acute distress', 'assistant', 'belly pain', 'feeling cold']"
7f93f736-8d60-40e3-8971-f420c4ab893f,"['system', 'user', 'visit note - 01/25/2026', 'patient returns to clinic with ongoing concerns', 'patient continues to experience dizziness', 'current medications include lisinopril 10mg daily', 'married with 2 children', 'assistant', 'dizziness']"
cb98e448-6c82-4d20-8457-745bcba2c9f8,['hycardia']
7ae3ea63-315d-4e5e-90c3-723d888defba,['frequently']
e8477d2b-eaa0-4501-900c-355c7bc2e52e,"['system', 'user', 'visit note - 01/20/2026', 'patient returns to clinic with ongoing concerns', 'patient continues to experience improving lightheadedness', 'patient denies fever, throat not sore', 'assistant', 'lightheadedness']"
1928a6c5-6505-42ac-b4e9-eebf878a5614,['ng pleuritic chest pain']
19d8de41-4241-491a-99b9-48da725c399d,['st pain']
14203bbd-7cb1-46ba-a3d8-b78a399d4da4,"['system', 'user', 'visit note - 01/26/2026', 'patient returns to clinic with ongoing concerns', 'works as a teacher', 'assistant', 'chest discomfort', 'tussis', 'breathlessness']"
73441bdf-0da8-4084-8d2b-8803fba73909,"['system', 'user', 'visit note - 01/31/2026', 'patient returns to clinic with ongoing concerns', 'patient continues to experience diarrhea. additionally notes fever constant', 'patient denies dyspnea', 'assistant', 'diarrhea', 'fever']"
96cabed3-c270-4bb3-a9f8-4dd733e82204,['tachypnea']
d09c10cc-1b03-4889-bd2d-19eb20d62f13,['arm to touch']
55206242-7679-4cd1-b4ea-3cbb15d1d111,"['system', 'user', 'visit note - 01/25/2026', 'patient returns to clinic with ongoing concerns', 'patient afebrile, abdomen soft and nontender', 'assistant']"
397b490d-e767-4937-9a52-96c31d3baf82,"['radual onset', 'worsening tension-type headache', 'breathlessness']"
734df4c2-a893-40c4-86f8-5c269ca5eae9,"['system', 'user', 'cc: patient presents with loose stools', 'assistant', 'mild diarrhea', 'pain in head']"
0f699ec7-c78d-4442-9bee-0b95aa5e9e30,"['exertion', 'scattered wheezes', 'decreased air entry bilaterally']"
19b9bc61-c46c-42f8-a225-32554fb165ba,"['ature elevation', 'tiredness']"
1e44d9fa-0ed1-4aca-a2df-bad4c074adf6,"['system', 'user', 'cc: patient presents with abdominal pain', 'current medications include lisinopril 10mg daily', 'assistant', 'stomach pain', 'moderate shivering', 'abdominal pain']"
22a07e72-cba0-444c-af85-50b0f204965b,['chest pressure waxing and waning']
358e903e-180e-403d-b932-8338c86f10a5,"['system', 'user', 'cc: patient presents with dizziness', 'works as a teacher', 'takes albuterol inhaler as needed', 'assistant', 'dizziness']"
